timestamp,machine_id,temperature_c,vibration_mm_s,pressure_bar,rpm,power_kw,acoustic_db,operating_hours,machine_age_years,days_since_last_maintenance,failure_within_7d
2025-07-01 00:00:00,CNC-001,65.5,1.71,155.0,1488.0,25.5,70.6,11495.0,7,0,0
2025-07-01 06:00:00,CNC-001,68.1,1.52,153.4,1515.0,24.9,71.0,11501.0,7,0,0
2025-07-01 12:00:00,CNC-001,65.5,1.65,154.3,1488.0,25.1,72.7,11506.0,7,0,0
2025-07-01 18:00:00,CNC-001,66.9,1.68,154.4,1503.0,25.0,72.2,11512.0,7,0,0
2025-07-02 00:00:00,CNC-001,68.6,1.57,157.7,1496.0,25.0,71.2,11517.0,7,1,0
2025-07-02 06:00:00,CNC-001,67.5,1.5,156.0,1495.0,25.2,73.0,11521.0,7,1,0
2025-07-02 12:00:00,CNC-001,67.2,1.69,156.6,1494.0,25.1,75.7,11526.0,7,1,0
2025-07-02 18:00:00,CNC-001,65.1,1.52,157.9,1495.0,24.7,70.5,11531.0,7,1,0
2025-07-03 00:00:00,CNC-001,67.7,1.53,155.9,1489.0,25.5,72.0,11536.0,7,2,0
2025-07-03 06:00:00,CNC-001,68.8,1.86,155.1,1498.0,25.6,71.0,11542.0,7,2,0
2025-07-03 12:00:00,CNC-001,65.2,1.52,158.8,1495.0,24.5,68.9,11548.0,7,2,0
2025-07-03 18:00:00,CNC-001,64.0,1.5,154.9,1491.0,23.8,76.0,11553.0,7,2,0
2025-07-04 00:00:00,CNC-001,67.5,1.47,152.8,1492.0,24.5,70.5,11558.0,7,3,0
2025-07-04 06:00:00,CNC-001,68.9,1.49,155.8,1488.0,24.9,70.8,11562.0,7,3,0
2025-07-04 12:00:00,CNC-001,66.3,1.59,155.3,1495.0,25.9,70.5,11568.0,7,3,0
2025-07-04 18:00:00,CNC-001,63.1,1.48,154.9,1501.0,24.3,73.0,11572.0,7,3,0
2025-07-05 00:00:00,CNC-001,65.5,1.62,156.9,1493.0,25.4,76.3,11578.0,7,4,0
2025-07-05 06:00:00,CNC-001,66.4,1.5,154.9,1482.0,25.6,69.4,11583.0,7,4,0
2025-07-05 12:00:00,CNC-001,66.0,1.61,155.3,1487.0,25.6,68.4,11587.0,7,4,0
2025-07-05 18:00:00,CNC-001,63.2,1.51,154.3,1498.0,23.3,71.8,11593.0,7,4,0
2025-07-06 00:00:00,CNC-001,67.1,1.59,155.7,1484.0,24.7,73.2,11598.0,7,5,0
2025-07-06 06:00:00,CNC-001,69.5,1.47,159.6,1495.0,25.4,72.2,11604.0,7,5,0
2025-07-06 12:00:00,CNC-001,67.4,1.48,157.7,1501.0,24.8,70.7,11610.0,7,5,0
2025-07-06 18:00:00,CNC-001,66.4,1.51,152.8,1489.0,25.4,73.5,11615.0,7,5,0
2025-07-07 00:00:00,CNC-001,66.7,1.77,156.8,1494.0,25.5,72.0,11621.0,7,6,0
2025-07-07 06:00:00,CNC-001,69.4,1.64,156.7,1494.0,25.3,71.5,11625.0,7,6,0
2025-07-07 12:00:00,CNC-001,68.0,2.02,152.4,1477.0,26.4,73.5,11630.0,7,6,0
2025-07-07 18:00:00,CNC-001,66.6,1.49,155.8,1504.0,24.7,74.9,11634.0,7,6,0
2025-07-08 00:00:00,CNC-001,64.9,1.77,154.8,1492.0,25.3,71.1,11640.0,7,7,0
2025-07-08 06:00:00,CNC-001,69.6,1.5,149.0,1490.0,25.2,77.1,11645.0,7,7,0
2025-07-08 12:00:00,CNC-001,66.3,1.53,155.3,1499.0,24.9,71.0,11650.0,7,7,0
2025-07-08 18:00:00,CNC-001,66.5,1.56,156.2,1488.0,24.2,73.8,11656.0,7,7,0
2025-07-09 00:00:00,CNC-001,67.3,1.53,154.1,1484.0,25.4,70.9,11660.0,7,8,0
2025-07-09 06:00:00,CNC-001,68.0,1.53,155.2,1485.0,26.2,71.6,11664.0,7,8,0
2025-07-09 12:00:00,CNC-001,67.9,1.5,154.7,1511.0,25.0,73.7,11670.0,7,8,0
2025-07-09 18:00:00,CNC-001,63.7,1.77,154.2,1490.0,25.7,72.4,11676.0,7,8,0
2025-07-10 00:00:00,CNC-001,69.0,1.57,157.7,1504.0,25.8,70.2,11681.0,7,9,0
2025-07-10 06:00:00,CNC-001,67.3,1.53,155.6,1474.0,25.5,72.3,11686.0,7,9,0
2025-07-10 12:00:00,CNC-001,67.6,1.59,156.4,1487.0,24.8,71.1,11691.0,7,9,0
2025-07-10 18:00:00,CNC-001,64.6,1.87,152.5,1502.0,24.7,72.5,11697.0,7,9,0
2025-07-11 00:00:00,CNC-001,66.9,1.7,153.9,1487.0,26.2,71.0,11701.0,7,10,0
2025-07-11 06:00:00,CNC-001,67.5,1.49,155.0,1488.0,25.2,76.2,11707.0,7,10,0
2025-07-11 12:00:00,CNC-001,69.1,1.61,155.2,1477.0,26.1,67.4,11712.0,7,10,0
2025-07-11 18:00:00,CNC-001,66.7,1.7,157.9,1493.0,24.9,70.4,11718.0,7,10,0
2025-07-12 00:00:00,CNC-001,69.0,1.58,155.9,1492.0,26.8,74.8,11722.0,7,11,0
2025-07-12 06:00:00,CNC-001,68.5,1.51,152.4,1504.0,25.4,69.7,11728.0,7,11,0
2025-07-12 12:00:00,CNC-001,66.0,1.7,156.4,1487.0,25.9,70.7,11733.0,7,11,0
2025-07-12 18:00:00,CNC-001,64.4,1.5,158.8,1486.0,24.2,72.5,11739.0,7,11,0
2025-07-13 00:00:00,CNC-001,68.6,1.5,154.3,1492.0,24.6,74.2,11745.0,7,12,0
2025-07-13 06:00:00,CNC-001,66.9,2.02,158.2,1493.0,25.5,69.8,11750.0,7,12,0
2025-07-13 12:00:00,CNC-001,66.4,1.56,154.9,1490.0,25.8,74.5,11754.0,7,12,0
2025-07-13 18:00:00,CNC-001,62.6,1.68,156.1,1500.0,25.4,67.7,11758.0,7,12,0
2025-07-14 00:00:00,CNC-001,67.3,1.62,155.7,1498.0,24.9,75.3,11764.0,7,13,0
2025-07-14 06:00:00,CNC-001,67.9,1.62,156.6,1499.0,24.7,74.3,11769.0,7,13,0
2025-07-14 12:00:00,CNC-001,65.6,1.55,159.5,1488.0,25.1,72.2,11775.0,7,13,0
2025-07-14 18:00:00,CNC-001,65.3,1.65,157.2,1482.0,25.2,73.2,11780.0,7,13,0
2025-07-15 00:00:00,CNC-001,65.2,1.62,157.1,1505.0,25.8,71.7,11786.0,7,14,0
2025-07-15 06:00:00,CNC-001,70.1,1.67,153.1,1497.0,26.5,70.2,11791.0,7,14,0
2025-07-15 12:00:00,CNC-001,65.1,1.49,155.7,1488.0,25.9,75.3,11798.0,7,14,0
2025-07-15 18:00:00,CNC-001,64.3,1.47,158.0,1487.0,24.7,75.9,11803.0,7,14,0
2025-07-16 00:00:00,CNC-001,68.8,1.51,158.1,1498.0,25.4,72.9,11809.0,7,15,0
2025-07-16 06:00:00,CNC-001,69.0,1.47,160.4,1495.0,24.9,77.5,11814.0,7,15,0
2025-07-16 12:00:00,CNC-001,67.0,1.7,155.1,1494.0,25.9,72.2,11819.0,7,15,0
2025-07-16 18:00:00,CNC-001,66.5,1.48,161.2,1487.0,24.8,70.7,11823.0,7,15,0
2025-07-17 00:00:00,CNC-001,65.7,1.51,154.1,1492.0,25.0,74.0,11827.0,7,16,0
2025-07-17 06:00:00,CNC-001,69.0,1.67,158.3,1489.0,25.5,71.8,11833.0,7,16,0
2025-07-17 12:00:00,CNC-001,67.4,1.58,153.0,1493.0,25.3,74.8,11839.0,7,16,0
2025-07-17 18:00:00,CNC-001,66.1,1.78,157.1,1501.0,24.6,69.5,11844.0,7,16,0
2025-07-18 00:00:00,CNC-001,68.4,1.63,156.1,1493.0,26.4,71.5,11849.0,7,17,0
2025-07-18 06:00:00,CNC-001,69.0,1.61,155.6,1493.0,25.8,71.2,11855.0,7,17,0
2025-07-18 12:00:00,CNC-001,67.0,1.48,154.8,1490.0,25.1,74.4,11859.0,7,17,0
2025-07-18 18:00:00,CNC-001,65.0,1.64,158.1,1484.0,25.6,69.0,11866.0,7,17,0
2025-07-19 00:00:00,CNC-001,69.8,1.54,154.5,1501.0,25.3,71.8,11872.0,7,18,0
2025-07-19 06:00:00,CNC-001,67.9,1.73,156.9,1497.0,24.7,70.9,11876.0,7,18,0
2025-07-19 12:00:00,CNC-001,67.4,1.77,155.5,1494.0,25.5,72.9,11881.0,7,18,0
2025-07-19 18:00:00,CNC-001,66.1,1.98,159.3,1504.0,25.6,71.1,11887.0,7,18,0
2025-07-20 00:00:00,CNC-001,66.9,1.48,152.2,1479.0,25.4,70.1,11892.0,7,19,0
2025-07-20 06:00:00,CNC-001,69.3,1.56,158.3,1487.0,26.0,72.2,11896.0,7,19,0
2025-07-20 12:00:00,CNC-001,67.6,1.71,153.9,1494.0,25.2,75.6,11900.0,7,19,0
2025-07-20 18:00:00,CNC-001,65.8,1.56,160.3,1501.0,25.8,71.1,11906.0,7,19,0
2025-07-21 00:00:00,CNC-001,67.0,1.77,151.9,1481.0,26.2,71.6,11911.0,7,20,0
2025-07-21 06:00:00,CNC-001,68.5,1.56,157.8,1499.0,24.6,76.0,11915.0,7,20,0
2025-07-21 12:00:00,CNC-001,66.4,1.56,153.3,1488.0,25.8,72.5,11920.0,7,20,0
2025-07-21 18:00:00,CNC-001,62.7,1.77,151.5,1494.0,25.1,71.8,11927.0,7,20,0
2025-07-22 00:00:00,CNC-001,65.5,1.51,159.1,1487.0,23.9,76.4,11931.0,7,21,0
2025-07-22 06:00:00,CNC-001,68.0,1.61,159.0,1493.0,25.5,74.2,11935.0,7,21,0
2025-07-22 12:00:00,CNC-001,66.0,1.48,157.2,1485.0,25.7,72.1,11942.0,7,21,0
2025-07-22 18:00:00,CNC-001,66.0,1.49,154.5,1496.0,24.6,70.8,11947.0,7,21,0
2025-07-23 00:00:00,CNC-001,67.7,1.61,156.7,1501.0,26.0,75.3,11953.0,7,22,0
2025-07-23 06:00:00,CNC-001,68.2,1.52,155.5,1488.0,25.7,71.7,11958.0,7,22,0
2025-07-23 12:00:00,CNC-001,67.7,1.52,153.9,1485.0,26.0,69.4,11963.0,7,22,0
2025-07-23 18:00:00,CNC-001,64.8,1.68,157.2,1492.0,25.1,69.6,11968.0,7,22,0
2025-07-24 00:00:00,CNC-001,68.6,1.72,157.9,1482.0,26.5,71.1,11973.0,7,23,0
2025-07-24 06:00:00,CNC-001,69.1,1.58,159.0,1498.0,25.5,71.7,11978.0,7,23,0
2025-07-24 12:00:00,CNC-001,68.7,1.84,154.7,1488.0,26.6,77.1,11984.0,7,23,0
2025-07-24 18:00:00,CNC-001,66.1,1.74,153.5,1486.0,25.2,74.5,11988.0,7,23,0
2025-07-25 00:00:00,CNC-001,66.2,1.77,155.5,1488.0,25.0,69.3,11994.0,7,24,0
2025-07-25 06:00:00,CNC-001,70.5,1.49,153.1,1477.0,25.7,70.9,12000.0,7,24,0
2025-07-25 12:00:00,CNC-001,69.0,1.53,159.4,1502.0,25.3,69.3,12006.0,7,24,0
2025-07-25 18:00:00,CNC-001,66.6,1.5,153.0,1481.0,25.4,68.4,12011.0,7,24,0
2025-07-26 00:00:00,CNC-001,67.9,1.56,153.2,1501.0,25.6,69.8,12016.0,7,25,0
2025-07-26 06:00:00,CNC-001,69.3,1.63,157.6,1486.0,25.0,72.0,12022.0,7,25,0
2025-07-26 12:00:00,CNC-001,65.8,1.57,153.6,1495.0,24.8,72.1,12026.0,7,25,0
2025-07-26 18:00:00,CNC-001,62.7,1.78,157.1,1497.0,24.4,71.3,12031.0,7,25,0
2025-07-27 00:00:00,CNC-001,67.8,1.52,157.4,1494.0,25.2,71.9,12037.0,7,26,0
2025-07-27 06:00:00,CNC-001,68.4,1.49,157.4,1488.0,24.4,74.5,12042.0,7,26,0
2025-07-27 12:00:00,CNC-001,67.9,1.51,155.3,1487.0,25.0,72.3,12048.0,7,26,0
2025-07-27 18:00:00,CNC-001,65.7,1.63,157.7,1497.0,25.3,67.7,12052.0,7,26,0
2025-07-28 00:00:00,CNC-001,67.7,1.47,155.6,1493.0,24.5,70.0,12058.0,7,27,0
2025-07-28 06:00:00,CNC-001,69.7,1.57,158.3,1485.0,25.1,67.4,12063.0,7,27,0
2025-07-28 12:00:00,CNC-001,68.3,1.48,156.3,1498.0,24.8,70.1,12067.0,7,27,0
2025-07-28 18:00:00,CNC-001,63.1,1.49,160.0,1493.0,24.3,72.4,12073.0,7,27,0
2025-07-29 00:00:00,CNC-001,66.2,1.69,154.0,1501.0,25.7,74.0,12079.0,7,28,0
2025-07-29 06:00:00,CNC-001,68.9,1.51,157.9,1491.0,24.8,71.9,12086.0,7,28,0
2025-07-29 12:00:00,CNC-001,68.0,1.54,154.2,1488.0,24.9,71.4,12091.0,7,28,0
2025-07-29 18:00:00,CNC-001,65.8,1.75,157.7,1485.0,25.8,73.5,12096.0,7,28,0
2025-07-30 00:00:00,CNC-001,68.2,1.48,152.5,1492.0,25.5,75.0,12101.0,7,29,0
2025-07-30 06:00:00,CNC-001,69.2,1.64,158.6,1497.0,25.6,70.3,12106.0,7,29,0
2025-07-30 12:00:00,CNC-001,68.3,1.54,158.4,1494.0,25.4,73.7,12111.0,7,29,0
2025-07-30 18:00:00,CNC-001,66.8,1.57,159.1,1482.0,25.4,70.2,12117.0,7,29,0
2025-07-31 00:00:00,CNC-001,69.2,1.6,154.8,1493.0,25.2,75.3,12121.0,7,30,0
2025-07-31 06:00:00,CNC-001,71.0,1.62,158.1,1499.0,25.9,74.6,12126.0,7,30,0
2025-07-31 12:00:00,CNC-001,67.7,1.67,155.7,1484.0,26.4,71.5,12131.0,7,30,0
2025-07-31 18:00:00,CNC-001,64.7,1.5,157.4,1505.0,24.4,69.4,12137.0,7,30,0
2025-08-01 00:00:00,CNC-001,69.0,1.82,158.8,1488.0,25.8,71.4,12142.0,7,31,0
2025-08-01 06:00:00,CNC-001,69.9,1.82,157.8,1485.0,26.1,70.5,12147.0,7,31,0
2025-08-01 12:00:00,CNC-001,65.0,1.81,157.7,1492.0,25.6,68.9,12153.0,7,31,0
2025-08-01 18:00:00,CNC-001,65.2,1.66,153.4,1483.0,24.8,75.3,12158.0,7,31,0
2025-08-02 00:00:00,CNC-001,67.6,1.58,156.3,1482.0,25.3,71.1,12163.0,7,32,0
2025-08-02 06:00:00,CNC-001,72.3,1.57,154.7,1491.0,25.6,71.0,12169.0,7,32,0
2025-08-02 12:00:00,CNC-001,68.3,1.51,154.3,1495.0,26.1,69.4,12175.0,7,32,0
2025-08-02 18:00:00,CNC-001,64.8,1.72,156.2,1480.0,26.1,74.2,12180.0,7,32,0
2025-08-03 00:00:00,CNC-001,64.6,1.49,158.1,1512.0,24.8,73.6,12185.0,7,33,0
2025-08-03 06:00:00,CNC-001,70.6,1.79,157.0,1492.0,26.7,74.9,12190.0,7,33,0
2025-08-03 12:00:00,CNC-001,68.4,1.47,154.4,1494.0,25.2,72.6,12196.0,7,33,0
2025-08-03 18:00:00,CNC-001,66.8,1.53,157.7,1496.0,24.9,70.2,12201.0,7,33,0
2025-08-04 00:00:00,CNC-001,69.9,1.74,157.0,1488.0,26.1,70.2,12207.0,7,34,0
2025-08-04 06:00:00,CNC-001,70.6,1.64,154.0,1486.0,26.1,72.4,12213.0,7,34,0
2025-08-04 12:00:00,CNC-001,68.3,1.47,157.5,1481.0,24.9,74.6,12219.0,7,34,0
2025-08-04 18:00:00,CNC-001,65.5,1.84,155.1,1498.0,26.0,70.9,12224.0,7,34,0
2025-08-05 00:00:00,CNC-001,66.0,1.48,157.0,1487.0,24.9,69.6,12229.0,7,35,0
2025-08-05 06:00:00,CNC-001,68.5,1.52,157.7,1486.0,24.9,70.6,12235.0,7,35,0
2025-08-05 12:00:00,CNC-001,69.2,1.59,157.0,1487.0,24.6,71.7,12239.0,7,35,0
2025-08-05 18:00:00,CNC-001,67.2,1.51,155.5,1485.0,25.1,73.1,12244.0,7,35,0
2025-08-06 00:00:00,CNC-001,68.2,1.51,155.0,1510.0,25.0,77.0,12249.0,7,36,0
2025-08-06 06:00:00,CNC-001,69.2,1.47,158.1,1487.0,25.5,71.6,12253.0,7,36,0
2025-08-06 12:00:00,CNC-001,69.3,1.47,156.2,1498.0,25.3,73.2,12258.0,7,36,0
2025-08-06 18:00:00,CNC-001,66.5,1.73,155.0,1493.0,26.2,73.8,12264.0,7,36,0
2025-08-07 00:00:00,CNC-001,68.3,1.81,154.3,1488.0,26.6,72.5,12270.0,7,37,0
2025-08-07 06:00:00,CNC-001,71.2,1.78,156.1,1486.0,25.4,70.7,12275.0,7,37,0
2025-08-07 12:00:00,CNC-001,67.4,1.72,157.2,1490.0,26.1,72.5,12280.0,7,37,0
2025-08-07 18:00:00,CNC-001,67.3,1.68,155.4,1491.0,24.8,72.1,12285.0,7,37,0
2025-08-08 00:00:00,CNC-001,69.7,1.48,158.8,1500.0,26.2,71.9,12291.0,7,38,0
2025-08-08 06:00:00,CNC-001,70.5,1.57,155.1,1491.0,25.6,75.2,12296.0,7,38,0
2025-08-08 12:00:00,CNC-001,67.5,2.26,151.4,1483.0,26.8,77.3,12302.0,7,38,0
2025-08-08 18:00:00,CNC-001,64.0,1.52,153.5,1485.0,25.1,68.4,12308.0,7,38,0
2025-08-09 00:00:00,CNC-001,68.9,1.52,154.7,1506.0,25.2,73.0,12312.0,7,39,0
2025-08-09 06:00:00,CNC-001,70.5,1.58,156.6,1489.0,26.0,71.3,12318.0,7,39,0
2025-08-09 12:00:00,CNC-001,68.4,1.52,155.3,1477.0,26.3,74.7,12325.0,7,39,0
2025-08-09 18:00:00,CNC-001,65.2,1.68,158.3,1490.0,25.1,74.0,12331.0,7,39,0
2025-08-10 00:00:00,CNC-001,70.9,1.72,156.9,1503.0,26.1,74.4,12336.0,7,40,0
2025-08-10 06:00:00,CNC-001,68.5,1.63,156.7,1500.0,25.4,70.5,12340.0,7,40,0
2025-08-10 12:00:00,CNC-001,69.5,1.47,159.7,1486.0,25.5,69.7,12345.0,7,40,0
2025-08-10 18:00:00,CNC-001,66.1,1.51,155.7,1498.0,24.2,71.7,12350.0,7,40,0
2025-08-11 00:00:00,CNC-001,70.0,1.66,155.0,1494.0,26.5,68.9,12354.0,7,41,0
2025-08-11 06:00:00,CNC-001,69.9,1.49,155.9,1478.0,25.2,72.3,12360.0,7,41,0
2025-08-11 12:00:00,CNC-001,69.1,1.8,157.8,1496.0,25.9,71.7,12364.0,7,41,0
2025-08-11 18:00:00,CNC-001,66.4,1.8,155.5,1498.0,25.5,76.0,12370.0,7,41,0
2025-08-12 00:00:00,CNC-001,67.7,1.5,154.8,1495.0,25.2,72.0,12376.0,7,42,0
2025-08-12 06:00:00,CNC-001,69.1,1.5,155.0,1491.0,25.5,72.6,12382.0,7,42,0
2025-08-12 12:00:00,CNC-001,69.6,1.47,157.1,1495.0,25.1,71.3,12388.0,7,42,0
2025-08-12 18:00:00,CNC-001,68.6,1.47,152.5,1493.0,24.5,69.7,12394.0,7,42,0
2025-08-13 00:00:00,CNC-001,69.2,1.47,151.2,1508.0,25.4,72.2,12399.0,7,43,0
2025-08-13 06:00:00,CNC-001,72.1,1.54,155.5,1482.0,25.5,73.5,12405.0,7,43,0
2025-08-13 12:00:00,CNC-001,68.7,1.73,157.5,1488.0,25.6,72.3,12411.0,7,43,0
2025-08-13 18:00:00,CNC-001,67.0,1.94,157.1,1492.0,25.6,70.8,12417.0,7,43,0
2025-08-14 00:00:00,CNC-001,69.4,1.62,156.1,1502.0,25.2,74.2,12423.0,7,44,0
2025-08-14 06:00:00,CNC-001,71.6,1.49,152.8,1493.0,25.6,71.3,12427.0,7,44,0
2025-08-14 12:00:00,CNC-001,71.0,1.56,152.9,1473.0,26.1,71.9,12432.0,7,44,0
2025-08-14 18:00:00,CNC-001,69.0,1.55,156.4,1487.0,25.7,72.0,12439.0,7,44,0
2025-08-15 00:00:00,CNC-001,67.1,1.69,154.5,1494.0,26.0,73.8,12445.0,7,45,0
2025-08-15 06:00:00,CNC-001,67.8,1.75,155.7,1485.0,25.3,72.7,12451.0,7,45,0
2025-08-15 12:00:00,CNC-001,66.7,1.84,152.8,1501.0,25.4,74.8,12457.0,7,45,0
2025-08-15 18:00:00,CNC-001,64.8,1.47,154.4,1498.0,24.1,73.4,12463.0,7,45,0
2025-08-16 00:00:00,CNC-001,69.5,1.55,155.0,1503.0,25.3,69.2,12468.0,7,1,0
2025-08-16 06:00:00,CNC-001,70.6,1.62,157.3,1489.0,26.3,73.5,12473.0,7,46,0
2025-08-16 12:00:00,CNC-001,68.1,1.58,157.3,1503.0,25.0,71.9,12479.0,7,46,0
2025-08-16 18:00:00,CNC-001,66.1,1.66,158.9,1488.0,25.0,73.5,12483.0,7,1,0
2025-08-17 00:00:00,CNC-001,67.7,1.63,158.8,1485.0,25.7,73.3,12488.0,7,47,0
2025-08-17 06:00:00,CNC-001,68.6,1.57,157.2,1490.0,25.3,75.6,12493.0,7,47,0
2025-08-17 12:00:00,CNC-001,68.1,1.49,155.8,1498.0,25.8,71.6,12498.0,7,47,0
2025-08-17 18:00:00,CNC-001,64.0,1.71,156.1,1515.0,23.8,74.7,12502.0,7,47,0
2025-08-18 00:00:00,CNC-001,68.9,1.64,155.4,1492.0,26.3,72.1,12506.0,7,3,0
2025-08-18 06:00:00,CNC-001,70.5,1.53,158.4,1485.0,25.3,73.9,12511.0,7,48,0
2025-08-18 12:00:00,CNC-001,67.8,1.7,153.5,1497.0,25.9,72.8,12517.0,7,3,0
2025-08-18 18:00:00,CNC-001,66.2,1.5,155.5,1485.0,24.0,70.1,12524.0,7,48,0
2025-08-19 00:00:00,CNC-001,69.3,1.64,158.7,1491.0,25.3,72.2,12529.0,7,4,0
2025-08-19 06:00:00,CNC-001,69.4,1.63,152.8,1499.0,25.6,72.6,12533.0,7,49,0
2025-08-19 12:00:00,CNC-001,66.8,1.58,159.1,1498.0,25.9,71.9,12538.0,7,49,0
2025-08-19 18:00:00,CNC-001,68.9,1.83,155.1,1479.0,26.9,74.8,12543.0,7,49,0
2025-08-20 00:00:00,CNC-001,69.7,1.83,157.0,1490.0,26.5,75.2,12549.0,7,50,0
2025-08-20 06:00:00,CNC-001,72.4,1.73,153.2,1494.0,26.4,75.4,12555.0,7,50,0
2025-08-20 12:00:00,CNC-001,67.7,1.84,158.1,1489.0,26.5,72.0,12560.0,7,50,0
2025-08-20 18:00:00,CNC-001,68.0,1.73,155.2,1492.0,25.6,70.6,12566.0,7,50,0
2025-08-21 00:00:00,CNC-001,68.4,1.48,155.7,1498.0,25.5,75.7,12571.0,7,6,0
2025-08-21 06:00:00,CNC-001,68.1,1.7,153.7,1481.0,26.1,67.7,12576.0,7,51,0
2025-08-21 12:00:00,CNC-001,68.1,1.55,157.6,1473.0,24.8,66.5,12581.0,7,51,0
2025-08-21 18:00:00,CNC-001,66.0,1.57,154.6,1482.0,26.3,72.9,12585.0,7,51,0
2025-08-22 00:00:00,CNC-001,69.9,2.11,154.4,1495.0,27.1,70.8,12589.0,7,7,0
2025-08-22 06:00:00,CNC-001,69.2,1.48,155.3,1486.0,25.1,69.4,12596.0,7,52,0
2025-08-22 12:00:00,CNC-001,69.1,1.63,158.6,1498.0,25.2,74.1,12602.0,7,7,0
2025-08-22 18:00:00,CNC-001,67.5,1.53,153.3,1490.0,24.8,71.9,12608.0,7,52,0
2025-08-23 00:00:00,CNC-001,69.5,1.48,151.5,1502.0,25.1,68.2,12614.0,7,53,0
2025-08-23 06:00:00,CNC-001,71.3,1.65,155.1,1491.0,26.5,71.2,12618.0,7,8,0
2025-08-23 12:00:00,CNC-001,68.8,1.68,159.0,1498.0,26.0,74.1,12622.0,7,8,0
2025-08-23 18:00:00,CNC-001,68.3,1.54,157.3,1480.0,25.4,74.3,12627.0,7,53,0
2025-08-24 00:00:00,CNC-001,70.2,1.6,152.5,1499.0,26.2,71.7,12632.0,7,54,0
2025-08-24 06:00:00,CNC-001,69.2,1.64,156.3,1496.0,26.0,70.1,12638.0,7,54,0
2025-08-24 12:00:00,CNC-001,69.2,1.5,157.2,1484.0,24.4,72.7,12642.0,7,54,0
2025-08-24 18:00:00,CNC-001,64.7,1.79,156.7,1494.0,25.7,73.2,12648.0,7,9,0
2025-08-25 00:00:00,CNC-001,67.3,1.8,153.7,1484.0,26.2,68.5,12653.0,7,55,0
2025-08-25 06:00:00,CNC-001,68.7,1.55,153.3,1487.0,25.3,73.1,12659.0,7,55,0
2025-08-25 12:00:00,CNC-001,69.9,1.89,155.9,1488.0,26.8,72.4,12664.0,7,55,0
2025-08-25 18:00:00,CNC-001,67.3,1.51,158.4,1505.0,26.1,70.9,12670.0,7,55,0
2025-08-26 00:00:00,CNC-001,66.2,1.83,151.9,1494.0,26.1,72.3,12674.0,7,56,0
2025-08-26 06:00:00,CNC-001,70.2,1.48,153.7,1497.0,25.8,70.4,12678.0,7,56,0
2025-08-26 12:00:00,CNC-001,69.4,1.61,153.9,1489.0,25.2,73.5,12682.0,7,11,0
2025-08-26 18:00:00,CNC-001,66.9,1.5,152.5,1490.0,24.2,71.1,12686.0,7,56,0
2025-08-27 00:00:00,CNC-001,66.9,2.02,153.4,1499.0,26.8,70.6,12692.0,7,57,0
2025-08-27 06:00:00,CNC-001,71.8,1.55,159.1,1486.0,25.6,69.8,12696.0,7,12,0
2025-08-27 12:00:00,CNC-001,70.1,1.8,156.3,1506.0,26.1,71.2,12702.0,7,57,0
2025-08-27 18:00:00,CNC-001,67.8,1.55,156.1,1503.0,25.1,74.0,12708.0,7,12,0
2025-08-28 00:00:00,CNC-001,68.9,1.54,155.5,1504.0,26.4,71.4,12714.0,7,58,0
2025-08-28 06:00:00,CNC-001,71.5,1.63,156.8,1489.0,26.3,74.5,12720.0,7,58,0
2025-08-28 12:00:00,CNC-001,67.8,1.91,154.1,1498.0,26.5,75.8,12725.0,7,13,0
2025-08-28 18:00:00,CNC-001,66.7,1.49,154.8,1483.0,25.0,73.8,12731.0,7,58,0
2025-08-29 00:00:00,CNC-001,67.7,1.56,157.4,1499.0,26.0,75.8,12736.0,7,14,0
2025-08-29 06:00:00,CNC-001,71.7,1.86,156.2,1502.0,26.4,71.9,12741.0,7,59,0
2025-08-29 12:00:00,CNC-001,70.7,1.52,158.1,1474.0,25.7,75.9,12745.0,7,14,0
2025-08-29 18:00:00,CNC-001,66.0,1.52,155.8,1486.0,24.7,69.7,12751.0,7,59,0
2025-08-30 00:00:00,CNC-001,67.3,1.55,156.6,1509.0,25.0,73.7,12755.0,7,15,0
2025-08-30 06:00:00,CNC-001,70.8,1.56,157.7,1484.0,25.3,74.0,12759.0,7,15,0
2025-08-30 12:00:00,CNC-001,68.8,1.72,157.2,1495.0,25.4,73.6,12764.0,7,15,0
2025-08-30 18:00:00,CNC-001,68.3,1.5,154.2,1493.0,24.9,75.3,12769.0,7,15,0
2025-08-31 00:00:00,CNC-001,68.4,1.53,156.3,1494.0,25.2,74.0,12773.0,7,61,0
2025-08-31 06:00:00,CNC-001,71.0,1.88,155.8,1496.0,26.5,71.4,12778.0,7,16,0
2025-08-31 12:00:00,CNC-001,66.4,1.72,158.0,1501.0,25.1,71.9,12783.0,7,1,0
2025-08-31 18:00:00,CNC-001,65.6,1.49,157.5,1497.0,24.7,70.5,12790.0,7,61,0
2025-09-01 00:00:00,CNC-001,69.2,1.59,154.0,1484.0,25.5,70.8,12795.0,7,62,0
2025-09-01 06:00:00,CNC-001,70.9,1.47,157.8,1491.0,25.7,75.3,12799.0,7,17,0
2025-09-01 12:00:00,CNC-001,68.2,1.47,155.3,1493.0,25.7,72.7,12804.0,7,62,0
2025-09-01 18:00:00,CNC-001,66.3,1.48,153.6,1475.0,24.7,71.5,12809.0,7,2,0
2025-09-02 00:00:00,CNC-001,71.5,1.59,150.7,1504.0,25.6,74.7,12813.0,7,63,0
2025-09-02 06:00:00,CNC-001,70.1,1.5,152.4,1487.0,25.4,73.9,12818.0,7,63,0
2025-09-02 12:00:00,CNC-001,68.3,1.81,153.6,1500.0,26.7,73.0,12823.0,7,18,0
2025-09-02 18:00:00,CNC-001,66.2,1.59,156.1,1489.0,25.1,71.9,12828.0,7,18,0
2025-09-03 00:00:00,CNC-001,68.7,1.67,154.5,1483.0,25.5,71.3,12834.0,7,4,0
2025-09-03 06:00:00,CNC-001,70.4,1.77,157.3,1486.0,25.1,70.6,12838.0,7,4,0
2025-09-03 12:00:00,CNC-001,67.9,1.58,154.1,1484.0,25.2,68.4,12843.0,7,4,0
2025-09-03 18:00:00,CNC-001,67.8,1.79,154.0,1486.0,26.2,73.0,12848.0,7,4,0
2025-09-04 00:00:00,CNC-001,67.8,1.51,158.6,1499.0,26.1,76.6,12853.0,7,5,0
2025-09-04 06:00:00,CNC-001,69.9,1.75,156.4,1495.0,25.5,70.6,12858.0,7,5,0
2025-09-04 12:00:00,CNC-001,68.5,1.96,155.4,1497.0,26.2,69.5,12864.0,7,5,0
2025-09-04 18:00:00,CNC-001,67.6,1.47,155.4,1475.0,24.9,72.0,12868.0,7,5,0
2025-09-05 00:00:00,CNC-001,69.5,1.57,158.2,1502.0,25.4,71.9,12874.0,7,6,0
2025-09-05 06:00:00,CNC-001,70.5,1.84,156.9,1486.0,26.5,72.6,12878.0,7,21,0
2025-09-05 12:00:00,CNC-001,66.9,1.48,157.0,1491.0,24.5,71.8,12884.0,7,21,0
2025-09-05 18:00:00,CNC-001,62.9,1.69,153.4,1486.0,25.1,77.5,12889.0,7,21,0
2025-09-06 00:00:00,CNC-001,68.2,1.48,151.2,1486.0,25.1,68.1,12894.0,7,22,0
2025-09-06 06:00:00,CNC-001,70.2,1.64,156.7,1484.0,26.4,74.1,12898.0,7,67,0
2025-09-06 12:00:00,CNC-001,67.3,1.52,156.9,1489.0,25.3,71.9,12904.0,7,67,0
2025-09-06 18:00:00,CNC-001,65.5,1.73,154.5,1492.0,25.3,73.5,12908.0,7,7,0
2025-09-07 00:00:00,CNC-001,69.7,1.6,156.5,1488.0,26.7,67.9,12913.0,7,23,0
2025-09-07 06:00:00,CNC-001,71.7,2.02,157.2,1493.0,27.2,67.8,12918.0,7,8,0
2025-09-07 12:00:00,CNC-001,68.0,1.57,155.6,1483.0,24.5,68.4,12924.0,7,68,0
2025-09-07 18:00:00,CNC-001,65.1,1.56,154.7,1495.0,25.0,68.6,12929.0,7,68,0
2025-09-08 00:00:00,CNC-001,67.4,1.5,155.3,1500.0,25.2,72.4,12934.0,7,69,0
2025-09-08 06:00:00,CNC-001,72.4,1.49,158.1,1493.0,24.9,72.5,12940.0,7,24,0
2025-09-08 12:00:00,CNC-001,71.4,1.7,155.2,1495.0,24.8,71.6,12946.0,7,24,0
2025-09-08 18:00:00,CNC-001,69.2,1.78,156.7,1480.0,25.8,71.5,12952.0,7,9,0
2025-09-09 00:00:00,CNC-001,69.1,1.71,158.4,1502.0,26.1,72.1,12956.0,7,70,0
2025-09-09 06:00:00,CNC-001,71.4,1.47,156.3,1505.0,25.6,70.4,12962.0,7,70,0
2025-09-09 12:00:00,CNC-001,66.7,1.92,158.8,1491.0,25.2,74.1,12968.0,7,70,0
2025-09-09 18:00:00,CNC-001,70.0,1.47,160.2,1497.0,25.2,73.6,12974.0,7,25,0
2025-09-10 00:00:00,CNC-001,66.8,2.15,156.2,1489.0,25.8,69.8,12978.0,7,71,0
2025-09-10 06:00:00,CNC-001,72.9,1.47,157.0,1492.0,25.2,73.0,12983.0,7,26,0
2025-09-10 12:00:00,CNC-001,68.5,1.69,155.3,1492.0,25.7,72.6,12988.0,7,71,0
2025-09-10 18:00:00,CNC-001,66.7,1.51,156.8,1474.0,24.8,76.2,12992.0,7,11,0
2025-09-11 00:00:00,CNC-001,69.2,1.49,154.3,1503.0,24.8,74.3,12998.0,7,72,0
2025-09-11 06:00:00,CNC-001,68.7,1.52,155.6,1479.0,25.9,70.4,13002.0,7,27,0
2025-09-11 12:00:00,CNC-001,67.4,1.55,155.9,1477.0,25.2,73.3,13008.0,7,72,0
2025-09-11 18:00:00,CNC-001,66.9,1.65,155.3,1487.0,24.8,72.0,13014.0,7,12,0
2025-09-12 00:00:00,CNC-001,66.9,1.52,157.7,1488.0,25.7,70.6,13019.0,7,28,0
2025-09-12 06:00:00,CNC-001,70.9,1.57,154.5,1479.0,26.5,74.4,13023.0,7,28,0
2025-09-12 12:00:00,CNC-001,68.6,1.63,158.0,1497.0,25.4,71.4,13027.0,7,73,0
2025-09-12 18:00:00,CNC-001,67.3,1.55,160.0,1493.0,24.4,69.2,13034.0,7,73,0
2025-09-13 00:00:00,CNC-001,67.6,1.66,155.4,1476.0,25.5,70.3,13039.0,7,74,0
2025-09-13 06:00:00,CNC-001,71.7,1.72,154.7,1500.0,26.8,74.8,13043.0,7,29,0
2025-09-13 12:00:00,CNC-001,68.4,1.71,155.1,1487.0,25.9,69.7,13048.0,7,29,0
2025-09-13 18:00:00,CNC-001,68.2,1.52,154.3,1491.0,25.7,70.6,13053.0,7,29,0
2025-09-14 00:00:00,CNC-001,67.4,1.49,157.6,1501.0,25.1,72.4,13059.0,7,15,0
2025-09-14 06:00:00,CNC-001,72.2,1.56,155.7,1497.0,25.6,71.2,13064.0,7,15,0
2025-09-14 12:00:00,CNC-001,68.8,1.51,156.4,1500.0,25.0,72.0,13070.0,7,30,0
2025-09-14 18:00:00,CNC-001,66.4,1.49,155.0,1492.0,24.9,70.7,13074.0,7,30,0
2025-09-15 00:00:00,CNC-001,66.8,1.5,152.4,1482.0,23.9,68.0,13080.0,7,16,0
2025-09-15 06:00:00,CNC-001,70.9,1.47,154.4,1513.0,25.9,77.8,13085.0,7,16,0
2025-09-15 12:00:00,CNC-001,68.9,1.55,155.4,1482.0,24.7,71.8,13089.0,7,16,0
2025-09-15 18:00:00,CNC-001,66.2,1.72,157.4,1501.0,25.7,68.3,13094.0,7,16,0
2025-09-16 00:00:00,CNC-001,67.6,1.54,158.6,1500.0,25.0,70.4,13100.0,7,77,0
2025-09-16 06:00:00,CNC-001,69.8,1.5,156.8,1492.0,26.1,72.3,13104.0,7,17,0
2025-09-16 12:00:00,CNC-001,67.6,1.49,155.0,1496.0,24.9,71.6,13109.0,7,32,0
2025-09-16 18:00:00,CNC-001,67.0,1.74,156.1,1494.0,26.6,69.5,13114.0,7,17,0
2025-09-17 00:00:00,CNC-001,69.5,1.49,157.6,1482.0,24.5,71.2,13119.0,7,33,0
2025-09-17 06:00:00,CNC-001,70.6,1.57,160.7,1493.0,26.0,74.6,13125.0,7,33,0
2025-09-17 12:00:00,CNC-001,69.1,1.48,157.7,1481.0,26.0,71.1,13131.0,7,33,0
2025-09-17 18:00:00,CNC-001,68.2,1.59,157.5,1512.0,25.3,69.2,13137.0,7,78,0
2025-09-18 00:00:00,CNC-001,70.3,1.64,153.8,1481.0,26.1,71.1,13141.0,7,34,0
2025-09-18 06:00:00,CNC-001,69.8,1.51,154.4,1489.0,25.0,73.6,13145.0,7,34,0
2025-09-18 12:00:00,CNC-001,68.2,1.53,155.1,1495.0,25.2,71.5,13151.0,7,34,0
2025-09-18 18:00:00,CNC-001,64.7,1.64,158.2,1495.0,24.1,73.0,13157.0,7,79,0
2025-09-19 00:00:00,CNC-001,69.3,1.58,158.6,1489.0,25.5,69.9,13163.0,7,20,0
2025-09-19 06:00:00,CNC-001,73.6,1.58,158.0,1485.0,26.2,73.1,13168.0,7,20,0
2025-09-19 12:00:00,CNC-001,68.3,1.5,152.8,1500.0,25.5,73.3,13174.0,7,20,0
2025-09-19 18:00:00,CNC-001,68.6,1.88,153.3,1492.0,25.3,74.1,13180.0,7,80,0
2025-09-20 00:00:00,CNC-001,68.9,1.5,155.7,1494.0,26.2,73.3,13185.0,7,21,0
2025-09-20 06:00:00,CNC-001,68.5,1.66,152.6,1493.0,25.4,70.6,13190.0,7,81,0
2025-09-20 12:00:00,CNC-001,70.5,1.66,153.0,1482.0,26.1,71.5,13196.0,7,21,0
2025-09-20 18:00:00,CNC-001,69.7,1.71,155.7,1485.0,26.1,68.6,13201.0,7,81,0
2025-09-21 00:00:00,CNC-001,69.9,1.76,154.1,1487.0,26.1,70.0,13207.0,7,37,0
2025-09-21 06:00:00,CNC-001,70.1,1.48,155.0,1497.0,25.0,72.4,13211.0,7,22,0
2025-09-21 12:00:00,CNC-001,69.5,1.48,156.1,1489.0,25.8,73.8,13216.0,7,37,0
2025-09-21 18:00:00,CNC-001,67.1,1.99,159.2,1498.0,25.5,66.3,13221.0,7,22,0
2025-09-22 00:00:00,CNC-001,67.6,1.58,155.6,1483.0,25.0,72.7,13225.0,7,23,0
2025-09-22 06:00:00,CNC-001,71.0,1.64,153.9,1494.0,26.4,71.5,13230.0,7,23,0
2025-09-22 12:00:00,CNC-001,69.8,1.63,155.0,1484.0,25.9,72.6,13236.0,7,83,0
2025-09-22 18:00:00,CNC-001,66.9,2.09,155.4,1489.0,26.0,72.1,13241.0,7,23,0
2025-09-23 00:00:00,CNC-001,68.8,1.54,154.3,1493.0,25.6,70.2,13247.0,7,39,0
2025-09-23 06:00:00,CNC-001,69.3,1.71,155.7,1487.0,26.4,71.0,13253.0,7,39,0
2025-09-23 12:00:00,CNC-001,71.2,1.6,157.1,1485.0,25.4,70.2,13259.0,7,24,0
2025-09-23 18:00:00,CNC-001,65.0,1.59,157.3,1479.0,25.1,71.3,13263.0,7,84,0
2025-09-24 00:00:00,CNC-001,69.8,1.6,156.0,1480.0,24.3,71.0,13269.0,7,40,0
2025-09-24 06:00:00,CNC-001,71.0,1.47,155.4,1495.0,25.3,73.9,13276.0,7,40,0
2025-09-24 12:00:00,CNC-001,67.6,1.52,154.8,1487.0,24.9,69.3,13281.0,7,40,0
2025-09-24 18:00:00,CNC-001,66.6,1.65,158.5,1497.0,25.6,71.7,13286.0,7,85,0
2025-09-25 00:00:00,CNC-001,69.2,1.58,156.5,1501.0,24.8,66.0,13292.0,7,26,0
2025-09-25 06:00:00,CNC-001,71.4,1.52,157.1,1499.0,25.2,67.7,13298.0,7,41,0
2025-09-25 12:00:00,CNC-001,68.0,1.98,155.5,1499.0,26.2,71.4,13304.0,7,86,0
2025-09-25 18:00:00,CNC-001,66.7,1.5,155.8,1491.0,25.1,70.7,13309.0,7,26,0
2025-09-26 00:00:00,CNC-001,66.8,1.69,153.6,1477.0,25.9,72.1,13315.0,7,87,0
2025-09-26 06:00:00,CNC-001,68.8,1.57,156.4,1488.0,25.3,68.8,13319.0,7,27,0
2025-09-26 12:00:00,CNC-001,66.0,1.51,154.2,1486.0,24.3,68.2,13324.0,7,87,0
2025-09-26 18:00:00,CNC-001,66.0,1.5,155.4,1494.0,24.9,72.3,13329.0,7,87,0
2025-09-27 00:00:00,CNC-001,69.0,1.64,156.1,1494.0,25.3,70.4,13334.0,7,88,0
2025-09-27 06:00:00,CNC-001,71.5,1.5,154.8,1483.0,25.5,70.6,13338.0,7,28,0
2025-09-27 12:00:00,CNC-001,68.7,1.77,155.5,1477.0,25.6,71.0,13344.0,7,43,0
2025-09-27 18:00:00,CNC-001,64.7,1.64,156.3,1489.0,25.6,69.8,13350.0,7,88,0
2025-09-28 00:00:00,CNC-001,70.0,1.54,161.0,1506.0,25.7,71.1,13354.0,7,89,0
2025-09-28 06:00:00,CNC-001,72.8,1.5,153.7,1485.0,25.6,72.6,13359.0,7,29,0
2025-09-28 12:00:00,CNC-001,68.0,1.68,155.8,1498.0,25.3,68.2,13365.0,7,89,0
2025-09-28 18:00:00,CNC-001,66.7,1.49,151.2,1508.0,25.1,72.4,13369.0,7,89,0
2025-09-29 00:00:00,CNC-001,68.3,1.49,153.0,1492.0,25.5,71.5,13374.0,7,30,0
2025-09-29 06:00:00,CNC-001,69.2,1.47,157.5,1496.0,26.0,74.6,13379.0,7,0,0
2025-09-29 12:00:00,CNC-001,69.3,1.48,159.0,1494.0,25.5,73.3,13383.0,7,0,0
2025-09-29 18:00:00,CNC-001,66.5,1.53,158.5,1499.0,25.2,70.3,13390.0,7,0,0
2025-09-30 00:00:00,CNC-001,70.0,1.57,155.9,1490.0,25.9,69.6,13394.0,7,31,0
2025-09-30 06:00:00,CNC-001,69.7,1.74,157.2,1476.0,25.3,72.7,13400.0,7,31,0
2025-09-30 12:00:00,CNC-001,67.5,1.48,155.4,1478.0,25.3,68.7,13405.0,7,1,0
2025-09-30 18:00:00,CNC-001,66.2,1.52,158.1,1486.0,23.9,72.4,13411.0,7,31,0
2025-10-01 00:00:00,CNC-001,69.5,1.47,157.9,1499.0,24.7,72.2,13416.0,7,2,0
2025-10-01 06:00:00,CNC-001,70.1,1.61,155.3,1492.0,25.4,70.7,13422.0,7,2,0
2025-10-01 12:00:00,CNC-001,69.7,1.52,159.3,1484.0,24.8,71.6,13427.0,7,32,0
2025-10-01 18:00:00,CNC-001,67.1,1.61,159.8,1496.0,24.9,71.9,13431.0,7,2,0
2025-10-02 00:00:00,CNC-001,68.4,1.74,155.2,1481.0,25.9,71.8,13437.0,7,33,0
2025-10-02 06:00:00,CNC-001,70.6,1.73,157.5,1488.0,26.8,75.5,13443.0,7,3,0
2025-10-02 12:00:00,CNC-001,68.9,1.9,156.2,1477.0,26.2,72.5,13447.0,7,3,0
2025-10-02 18:00:00,CNC-001,66.7,1.75,156.4,1487.0,26.2,70.4,13452.0,7,3,0
2025-10-03 00:00:00,CNC-001,70.2,1.83,154.3,1487.0,26.2,73.2,13456.0,7,4,0
2025-10-03 06:00:00,CNC-001,73.0,2.05,154.3,1480.0,27.2,72.8,13461.0,7,34,0
2025-10-03 12:00:00,CNC-001,71.2,2.17,153.1,1481.0,27.4,76.7,13466.0,7,34,0
2025-10-03 18:00:00,CNC-001,67.4,2.71,154.0,1495.0,27.8,75.5,13470.0,7,4,0
2025-10-04 00:00:00,CNC-001,70.3,2.18,154.1,1488.0,27.1,76.4,13476.0,7,5,0
2025-10-04 06:00:00,CNC-001,72.9,1.87,152.5,1501.0,27.7,72.8,13481.0,7,5,0
2025-10-04 12:00:00,CNC-001,71.0,2.06,153.9,1495.0,27.3,74.5,13486.0,7,5,0
2025-10-04 18:00:00,CNC-001,68.8,2.42,155.5,1482.0,28.0,77.4,13492.0,7,35,0
2025-10-05 00:00:00,CNC-001,72.3,2.32,150.8,1478.0,28.4,73.4,13496.0,7,6,0
2025-10-05 06:00:00,CNC-001,73.1,2.58,153.6,1464.0,28.6,77.0,13500.0,7,6,0
2025-10-05 12:00:00,CNC-001,71.5,2.59,149.7,1481.0,28.5,74.4,13506.0,7,36,0
2025-10-05 18:00:00,CNC-001,69.6,2.17,153.7,1484.0,27.5,74.9,13510.0,7,6,0
2025-10-06 00:00:00,CNC-001,75.0,2.58,154.3,1473.0,28.2,76.5,13516.0,7,37,0
2025-10-06 06:00:00,CNC-001,77.7,2.74,150.4,1477.0,29.6,73.5,13522.0,7,37,0
2025-10-06 12:00:00,CNC-001,75.2,2.41,160.6,1471.0,30.0,78.7,13527.0,7,37,0
2025-10-06 18:00:00,CNC-001,72.8,2.25,153.5,1483.0,28.5,75.2,13531.0,7,37,0
2025-10-07 00:00:00,CNC-001,73.7,3.26,152.9,1472.0,30.2,76.7,13537.0,7,8,0
2025-10-07 06:00:00,CNC-001,77.6,2.94,152.8,1469.0,30.7,74.5,13543.0,7,38,0
2025-10-07 12:00:00,CNC-001,72.8,2.33,155.2,1468.0,28.8,77.7,13550.0,7,8,0
2025-10-07 18:00:00,CNC-001,73.1,2.97,151.2,1491.0,30.4,77.5,13554.0,7,8,0
2025-10-08 00:00:00,CNC-001,74.0,2.39,148.4,1475.0,28.2,75.6,13559.0,7,39,1
2025-10-08 06:00:00,CNC-001,74.4,3.49,151.7,1454.0,31.7,75.4,13564.0,7,9,1
2025-10-08 12:00:00,CNC-001,75.8,3.41,157.3,1455.0,31.0,72.7,13570.0,7,39,1
2025-10-08 18:00:00,CNC-001,75.4,3.51,145.4,1471.0,31.6,75.4,13575.0,7,9,1
2025-10-09 00:00:00,CNC-001,78.2,3.38,151.8,1468.0,31.3,79.7,13580.0,7,40,1
2025-10-09 06:00:00,CNC-001,80.3,3.56,149.9,1473.0,32.8,78.5,13586.0,7,10,1
2025-10-09 12:00:00,CNC-001,74.5,2.79,154.1,1468.0,29.1,78.0,13590.0,7,10,1
2025-10-09 18:00:00,CNC-001,72.8,3.03,147.3,1470.0,29.9,77.1,13596.0,7,40,1
2025-10-10 00:00:00,CNC-001,77.8,2.84,147.8,1460.0,30.5,75.9,13602.0,7,11,1
2025-10-10 06:00:00,CNC-001,82.1,3.49,145.0,1459.0,31.5,77.8,13607.0,7,11,1
2025-10-10 12:00:00,CNC-001,74.5,3.34,144.3,1480.0,31.0,75.1,13613.0,7,11,1
2025-10-10 18:00:00,CNC-001,76.8,3.35,151.2,1470.0,32.6,78.2,13619.0,7,11,1
2025-10-11 00:00:00,CNC-001,76.1,2.78,152.9,1468.0,30.8,81.9,13624.0,7,12,1
2025-10-11 06:00:00,CNC-001,80.1,3.5,148.3,1459.0,34.3,81.3,13630.0,7,42,1
2025-10-11 12:00:00,CNC-001,77.9,4.08,143.8,1468.0,33.5,79.2,13636.0,7,12,1
2025-10-11 18:00:00,CNC-001,75.6,4.37,149.3,1448.0,33.6,76.4,13640.0,7,42,1
2025-10-12 00:00:00,CNC-001,76.3,4.64,144.9,1444.0,33.3,79.2,13645.0,7,43,1
2025-10-12 06:00:00,CNC-001,80.4,3.78,149.7,1455.0,32.7,83.5,13651.0,7,43,1
2025-10-12 12:00:00,CNC-001,77.5,4.58,150.3,1464.0,35.8,86.1,13655.0,7,43,1
2025-10-12 18:00:00,CNC-001,71.9,3.67,143.4,1463.0,32.5,76.3,13661.0,7,13,1
2025-10-13 00:00:00,CNC-001,78.1,3.84,146.2,1457.0,33.4,82.0,13666.0,7,14,1
2025-10-13 06:00:00,CNC-001,86.9,4.15,150.9,1440.0,35.2,83.1,13673.0,7,44,1
2025-10-13 12:00:00,CNC-001,80.3,3.82,145.1,1459.0,34.4,84.1,13678.0,7,14,1
2025-10-13 18:00:00,CNC-001,73.6,3.69,144.1,1463.0,31.9,82.2,13684.0,7,14,1
2025-10-14 00:00:00,CNC-001,80.5,3.04,147.9,1472.0,32.3,85.5,13690.0,7,45,1
2025-10-14 06:00:00,CNC-001,84.2,3.14,148.3,1456.0,33.2,83.0,13695.0,7,15,1
2025-10-14 12:00:00,CNC-001,79.2,3.2,149.2,1463.0,33.5,78.2,13699.0,7,15,1
2025-10-14 18:00:00,CNC-001,83.7,4.9,146.7,1460.0,38.1,76.1,13705.0,7,45,1
2025-10-15 00:00:00,CNC-001,69.9,1.51,155.9,1487.0,24.8,69.8,13709.0,7,46,0
2025-10-15 06:00:00,CNC-001,70.0,1.56,156.3,1493.0,25.8,72.9,13715.0,7,46,0
2025-10-15 12:00:00,CNC-001,67.5,1.5,154.7,1500.0,24.9,71.8,13721.0,7,46,0
2025-10-15 18:00:00,CNC-001,66.1,1.61,152.1,1497.0,25.7,74.4,13726.0,7,46,0
2025-10-16 00:00:00,CNC-001,71.4,1.68,157.3,1484.0,25.8,74.7,13732.0,7,17,0
2025-10-16 06:00:00,CNC-001,69.1,1.59,156.9,1483.0,25.5,70.8,13737.0,7,17,0
2025-10-16 12:00:00,CNC-001,67.9,1.54,156.4,1496.0,25.0,74.1,13743.0,7,47,0
2025-10-16 18:00:00,CNC-001,65.9,1.69,159.8,1476.0,24.0,76.1,13748.0,7,47,0
2025-10-17 00:00:00,CNC-001,67.6,1.58,156.3,1481.0,25.1,74.4,13755.0,7,18,0
2025-10-17 06:00:00,CNC-001,71.1,1.64,154.5,1505.0,27.1,72.8,13761.0,7,18,0
2025-10-17 12:00:00,CNC-001,70.2,1.57,155.4,1499.0,25.6,71.2,13766.0,7,48,0
2025-10-17 18:00:00,CNC-001,67.3,1.52,157.2,1478.0,25.4,72.6,13771.0,7,18,0
2025-10-18 00:00:00,CNC-001,67.5,1.78,157.8,1507.0,26.3,72.7,13777.0,7,19,0
2025-10-18 06:00:00,CNC-001,70.9,1.54,154.4,1493.0,26.2,73.2,13782.0,7,49,0
2025-10-18 12:00:00,CNC-001,67.6,1.67,157.8,1502.0,25.4,73.4,13788.0,7,19,0
2025-10-18 18:00:00,CNC-001,66.6,1.76,155.7,1485.0,25.4,74.5,13792.0,7,49,0
2025-10-19 00:00:00,CNC-001,69.6,1.47,156.3,1495.0,24.9,71.7,13798.0,7,20,0
2025-10-19 06:00:00,CNC-001,71.4,1.75,155.6,1500.0,25.9,72.7,13804.0,7,20,0
2025-10-19 12:00:00,CNC-001,69.7,2.54,155.6,1490.0,27.4,72.9,13808.0,7,50,0
2025-10-19 18:00:00,CNC-001,65.9,1.47,155.1,1495.0,24.3,72.5,13813.0,7,20,0
2025-10-20 00:00:00,CNC-001,69.0,1.71,156.7,1488.0,26.2,68.4,13818.0,7,21,0
2025-10-20 06:00:00,CNC-001,69.9,1.48,153.1,1503.0,25.6,74.5,13825.0,7,51,0
2025-10-20 12:00:00,CNC-001,68.1,1.51,158.9,1491.0,26.2,71.0,13829.0,7,51,0
2025-10-20 18:00:00,CNC-001,66.9,1.75,156.9,1490.0,25.7,70.6,13833.0,7,21,0
2025-10-21 00:00:00,CNC-001,68.3,1.74,159.3,1500.0,25.6,73.7,13839.0,7,52,0
2025-10-21 06:00:00,CNC-001,72.1,1.83,152.2,1494.0,26.7,72.2,13843.0,7,22,0
2025-10-21 12:00:00,CNC-001,66.7,1.5,154.1,1492.0,24.6,71.9,13849.0,7,22,0
2025-10-21 18:00:00,CNC-001,67.7,1.54,153.1,1489.0,24.6,73.6,13854.0,7,22,0
2025-10-22 00:00:00,CNC-001,69.1,1.47,155.5,1503.0,25.0,71.6,13859.0,7,23,0
2025-10-22 06:00:00,CNC-001,70.4,1.65,154.7,1490.0,25.8,73.3,13863.0,7,23,0
2025-10-22 12:00:00,CNC-001,69.1,1.47,152.7,1487.0,25.7,74.0,13868.0,7,53,0
2025-10-22 18:00:00,CNC-001,66.1,1.93,157.0,1491.0,26.5,69.6,13873.0,7,53,0
2025-10-23 00:00:00,CNC-001,69.6,1.67,151.5,1498.0,25.8,70.7,13879.0,7,24,0
2025-10-23 06:00:00,CNC-001,68.0,1.71,154.3,1496.0,26.5,71.2,13885.0,7,24,0
2025-10-23 12:00:00,CNC-001,68.7,1.54,157.2,1486.0,25.1,70.3,13889.0,7,24,0
2025-10-23 18:00:00,CNC-001,65.4,1.48,157.5,1485.0,24.4,75.2,13893.0,7,54,0
2025-10-24 00:00:00,CNC-001,69.0,1.76,153.3,1497.0,25.1,74.1,13899.0,7,55,0
2025-10-24 06:00:00,CNC-001,70.9,1.58,152.3,1467.0,26.0,71.5,13903.0,7,25,0
2025-10-24 12:00:00,CNC-001,67.6,1.47,156.7,1488.0,24.5,72.0,13909.0,7,25,0
2025-10-24 18:00:00,CNC-001,65.1,1.59,154.8,1480.0,25.0,71.1,13913.0,7,55,0
2025-10-25 00:00:00,CNC-001,67.2,1.6,156.7,1495.0,25.1,72.2,13917.0,7,26,0
2025-10-25 06:00:00,CNC-001,70.6,1.79,156.8,1494.0,26.6,72.1,13922.0,7,26,0
2025-10-25 12:00:00,CNC-001,68.4,1.7,155.2,1482.0,25.6,74.6,13926.0,7,26,0
2025-10-25 18:00:00,CNC-001,69.2,1.61,156.7,1488.0,26.1,73.7,13931.0,7,26,0
2025-10-26 00:00:00,CNC-001,66.6,1.72,157.4,1501.0,25.0,66.2,13935.0,7,27,0
2025-10-26 06:00:00,CNC-001,70.0,1.51,155.0,1500.0,25.2,76.1,13941.0,7,27,0
2025-10-26 12:00:00,CNC-001,68.9,1.85,157.4,1512.0,26.1,69.4,13945.0,7,27,0
2025-10-26 18:00:00,CNC-001,66.1,1.56,157.6,1503.0,24.9,73.0,13951.0,7,27,0
2025-10-27 00:00:00,CNC-001,67.8,1.51,158.8,1501.0,26.2,70.9,13956.0,7,28,0
2025-10-27 06:00:00,CNC-001,69.6,1.58,157.5,1476.0,25.9,71.3,13963.0,7,28,0
2025-10-27 12:00:00,CNC-001,67.1,1.82,159.8,1499.0,25.9,72.9,13968.0,7,58,0
2025-10-27 18:00:00,CNC-001,65.7,2.08,154.7,1501.0,26.6,70.3,13973.0,7,28,0
2025-10-28 00:00:00,CNC-001,66.3,1.62,153.8,1489.0,25.5,74.6,13978.0,7,59,0
2025-10-28 06:00:00,CNC-001,72.3,1.73,152.0,1497.0,26.4,70.9,13983.0,7,29,0
2025-10-28 12:00:00,CNC-001,69.6,1.55,153.3,1488.0,26.0,72.1,13987.0,7,29,0
2025-10-28 18:00:00,CNC-001,66.6,1.47,157.2,1491.0,25.9,71.7,13992.0,7,29,0
2025-10-29 00:00:00,CNC-001,67.5,1.59,155.5,1492.0,24.7,69.9,13998.0,7,30,0
2025-10-29 06:00:00,CNC-001,69.7,1.89,156.0,1487.0,26.4,73.4,14003.0,7,30,0
2025-10-29 12:00:00,CNC-001,67.8,1.5,151.3,1486.0,25.3,72.1,14009.0,7,30,0
2025-10-29 18:00:00,CNC-001,64.9,1.49,159.6,1497.0,25.7,70.1,14014.0,7,0,0
2025-10-30 00:00:00,CNC-001,68.8,1.47,157.2,1484.0,25.4,72.8,14020.0,7,31,0
2025-10-30 06:00:00,CNC-001,73.0,1.55,157.4,1488.0,25.6,70.9,14026.0,7,1,0
2025-10-30 12:00:00,CNC-001,68.5,1.59,153.8,1484.0,25.8,72.8,14032.0,7,31,0
2025-10-30 18:00:00,CNC-001,66.3,1.49,153.3,1502.0,25.3,69.5,14036.0,7,31,0
2025-10-31 00:00:00,CNC-001,67.8,1.52,160.1,1495.0,25.7,74.1,14043.0,7,32,0
2025-10-31 06:00:00,CNC-001,70.1,1.53,156.1,1489.0,25.6,69.7,14049.0,7,32,0
2025-10-31 12:00:00,CNC-001,67.7,1.64,150.2,1502.0,25.6,73.6,14054.0,7,2,0
2025-10-31 18:00:00,CNC-001,63.6,1.77,156.3,1471.0,24.8,73.4,14058.0,7,32,0
2025-11-01 00:00:00,CNC-001,68.1,1.52,154.2,1491.0,25.0,70.3,14063.0,7,33,0
2025-11-01 06:00:00,CNC-001,71.4,1.55,158.2,1489.0,25.5,72.0,14069.0,7,3,0
2025-11-01 12:00:00,CNC-001,68.2,1.67,156.9,1485.0,25.7,72.2,14075.0,7,33,0
2025-11-01 18:00:00,CNC-001,67.2,1.58,157.7,1502.0,25.7,72.0,14080.0,7,33,0
2025-11-02 00:00:00,CNC-001,68.6,1.67,151.7,1505.0,25.9,70.0,14086.0,7,34,0
2025-11-02 06:00:00,CNC-001,71.7,1.54,156.8,1501.0,25.6,74.3,14092.0,7,4,0
2025-11-02 12:00:00,CNC-001,68.2,1.52,153.5,1480.0,25.8,69.1,14096.0,7,34,0
2025-11-02 18:00:00,CNC-001,65.1,1.55,153.6,1494.0,25.3,72.6,14101.0,7,4,0
2025-11-03 00:00:00,CNC-001,67.8,1.74,154.8,1499.0,25.7,69.6,14106.0,7,5,0
2025-11-03 06:00:00,CNC-001,69.0,1.52,157.6,1498.0,26.5,71.3,14111.0,7,35,0
2025-11-03 12:00:00,CNC-001,66.1,1.64,154.3,1495.0,26.0,77.3,14117.0,7,35,0
2025-11-03 18:00:00,CNC-001,66.5,1.86,158.9,1509.0,25.3,70.9,14122.0,7,35,0
2025-11-04 00:00:00,CNC-001,66.5,1.74,156.4,1487.0,25.6,74.0,14128.0,7,36,0
2025-11-04 06:00:00,CNC-001,70.5,1.74,153.4,1487.0,26.0,73.5,14133.0,7,6,0
2025-11-04 12:00:00,CNC-001,67.9,1.47,154.1,1503.0,25.1,68.9,14138.0,7,36,0
2025-11-04 18:00:00,CNC-001,64.3,1.63,153.7,1495.0,26.1,70.3,14144.0,7,36,0
2025-11-05 00:00:00,CNC-001,68.2,1.55,154.2,1496.0,25.2,70.5,14149.0,7,37,0
2025-11-05 06:00:00,CNC-001,69.9,1.58,156.9,1500.0,25.4,73.5,14155.0,7,37,0
2025-11-05 12:00:00,CNC-001,67.7,1.56,156.0,1475.0,25.2,74.7,14159.0,7,37,0
2025-11-05 18:00:00,CNC-001,68.3,1.47,155.0,1487.0,24.8,71.3,14164.0,7,7,0
2025-11-06 00:00:00,CNC-001,67.1,1.56,153.0,1506.0,25.8,72.9,14169.0,7,8,0
2025-11-06 06:00:00,CNC-001,69.8,1.76,157.4,1477.0,25.3,71.2,14174.0,7,38,0
2025-11-06 12:00:00,CNC-001,64.7,1.66,154.4,1488.0,25.3,69.4,14180.0,7,38,0
2025-11-06 18:00:00,CNC-001,66.5,1.5,153.0,1500.0,24.4,69.3,14185.0,7,38,0
2025-11-07 00:00:00,CNC-001,68.8,1.55,156.6,1504.0,25.2,71.5,14191.0,7,39,0
2025-11-07 06:00:00,CNC-001,73.0,1.54,158.8,1492.0,26.3,73.6,14196.0,7,39,0
2025-11-07 12:00:00,CNC-001,68.9,1.56,154.6,1499.0,25.2,74.4,14201.0,7,39,0
2025-11-07 18:00:00,CNC-001,66.6,1.64,155.5,1484.0,25.0,73.0,14205.0,7,39,0
2025-11-08 00:00:00,CNC-001,67.5,1.53,154.9,1493.0,24.9,73.3,14210.0,7,10,0
2025-11-08 06:00:00,CNC-001,70.9,1.47,160.0,1495.0,25.2,71.2,14216.0,7,40,0
2025-11-08 12:00:00,CNC-001,68.6,1.51,159.2,1490.0,25.6,73.7,14220.0,7,40,0
2025-11-08 18:00:00,CNC-001,64.8,1.55,155.5,1504.0,24.2,73.4,14225.0,7,10,0
2025-11-09 00:00:00,CNC-001,65.9,1.65,157.4,1490.0,24.7,72.5,14230.0,7,11,0
2025-11-09 06:00:00,CNC-001,68.7,1.5,155.7,1504.0,25.3,74.0,14236.0,7,11,0
2025-11-09 12:00:00,CNC-001,68.9,1.58,155.3,1482.0,25.9,71.4,14241.0,7,41,0
2025-11-09 18:00:00,CNC-001,64.9,1.56,157.5,1497.0,24.6,75.5,14247.0,7,41,0
2025-11-10 00:00:00,CNC-001,66.9,1.51,158.5,1481.0,25.4,67.8,14254.0,7,42,0
2025-11-10 06:00:00,CNC-001,69.2,1.65,153.5,1484.0,26.1,72.1,14258.0,7,42,0
2025-11-10 12:00:00,CNC-001,67.8,1.92,154.6,1509.0,25.3,71.5,14263.0,7,42,0
2025-11-10 18:00:00,CNC-001,63.9,1.54,153.3,1489.0,24.8,71.2,14267.0,7,12,0
2025-11-11 00:00:00,CNC-001,66.3,1.58,157.6,1495.0,24.7,71.3,14272.0,7,43,0
2025-11-11 06:00:00,CNC-001,70.0,1.7,157.9,1480.0,25.8,74.0,14278.0,7,13,0
2025-11-11 12:00:00,CNC-001,67.1,1.58,157.1,1496.0,24.8,71.6,14283.0,7,43,0
2025-11-11 18:00:00,CNC-001,64.2,1.71,153.7,1496.0,24.9,71.4,14289.0,7,43,0
2025-11-12 00:00:00,CNC-001,66.5,1.88,155.1,1490.0,26.2,69.0,14293.0,7,44,0
2025-11-12 06:00:00,CNC-001,68.2,1.5,155.6,1497.0,24.8,71.0,14298.0,7,44,0
2025-11-12 12:00:00,CNC-001,66.4,2.04,155.4,1488.0,26.3,72.6,14304.0,7,44,0
2025-11-12 18:00:00,CNC-001,63.9,1.5,156.8,1502.0,25.1,73.3,14308.0,7,14,0
2025-11-13 00:00:00,CNC-001,68.8,1.64,157.7,1491.0,25.4,70.2,14312.0,7,0,0
2025-11-13 06:00:00,CNC-001,70.1,1.49,156.0,1480.0,25.5,71.8,14319.0,7,0,0
2025-11-13 12:00:00,CNC-001,66.4,1.6,155.4,1470.0,25.3,71.3,14324.0,7,15,0
2025-11-13 18:00:00,CNC-001,66.3,1.63,151.9,1478.0,25.8,72.2,14330.0,7,0,0
2025-11-14 00:00:00,CNC-001,67.9,1.65,157.1,1488.0,25.2,65.5,14336.0,7,16,0
2025-11-14 06:00:00,CNC-001,70.7,1.86,154.9,1483.0,26.7,69.8,14342.0,7,1,0
2025-11-14 12:00:00,CNC-001,68.1,1.55,158.8,1492.0,25.7,72.4,14348.0,7,46,0
2025-11-14 18:00:00,CNC-001,66.8,1.47,157.0,1491.0,25.3,73.0,14352.0,7,1,0
2025-11-15 00:00:00,CNC-001,67.7,1.51,155.2,1489.0,25.9,67.9,14357.0,7,47,0
2025-11-15 06:00:00,CNC-001,67.8,1.51,155.1,1484.0,26.1,73.4,14363.0,7,2,0
2025-11-15 12:00:00,CNC-001,66.3,1.65,156.4,1482.0,26.4,73.5,14368.0,7,2,0
2025-11-15 18:00:00,CNC-001,65.2,1.75,151.7,1494.0,25.1,73.4,14374.0,7,2,0
2025-11-16 00:00:00,CNC-001,66.2,1.49,154.5,1490.0,24.7,71.4,14378.0,7,48,0
2025-11-16 06:00:00,CNC-001,67.3,1.5,153.5,1489.0,25.4,74.2,14384.0,7,48,0
2025-11-16 12:00:00,CNC-001,67.5,1.74,156.7,1501.0,26.0,73.8,14390.0,7,48,0
2025-11-16 18:00:00,CNC-001,63.3,1.55,156.8,1498.0,24.8,72.2,14394.0,7,3,0
2025-11-17 00:00:00,CNC-001,67.1,1.68,155.9,1489.0,25.8,72.3,14398.0,7,49,0
2025-11-17 06:00:00,CNC-001,70.4,1.66,157.5,1493.0,26.6,73.9,14403.0,7,4,0
2025-11-17 12:00:00,CNC-001,65.1,1.49,155.7,1486.0,24.9,67.3,14407.0,7,4,0
2025-11-17 18:00:00,CNC-001,65.9,1.59,152.1,1496.0,25.6,71.8,14413.0,7,4,0
2025-11-18 00:00:00,CNC-001,65.1,1.71,157.9,1487.0,25.1,68.1,14417.0,7,50,0
2025-11-18 06:00:00,CNC-001,70.2,1.97,154.6,1499.0,26.0,70.7,14422.0,7,5,0
2025-11-18 12:00:00,CNC-001,67.9,1.64,155.1,1491.0,25.4,71.6,14427.0,7,50,0
2025-11-18 18:00:00,CNC-001,63.3,1.58,156.9,1487.0,24.6,70.8,14431.0,7,50,0
2025-11-19 00:00:00,CNC-001,67.0,1.54,156.0,1499.0,25.3,74.4,14436.0,7,21,0
2025-11-19 06:00:00,CNC-001,69.1,1.55,156.8,1490.0,25.6,74.7,14442.0,7,51,0
2025-11-19 12:00:00,CNC-001,66.7,1.51,158.4,1485.0,25.0,71.2,14448.0,7,21,0
2025-11-19 18:00:00,CNC-001,63.5,1.81,155.9,1497.0,25.4,69.9,14452.0,7,51,0
2025-11-20 00:00:00,CNC-001,65.2,1.52,156.0,1483.0,24.9,72.8,14458.0,7,22,0
2025-11-20 06:00:00,CNC-001,67.6,1.52,155.1,1492.0,24.9,71.7,14464.0,7,52,0
2025-11-20 12:00:00,CNC-001,68.5,1.67,157.1,1483.0,26.0,73.6,14469.0,7,52,0
2025-11-20 18:00:00,CNC-001,65.6,1.64,152.0,1492.0,25.6,71.4,14475.0,7,7,0
2025-11-21 00:00:00,CNC-001,65.9,1.71,159.7,1491.0,24.4,68.6,14481.0,7,53,0
2025-11-21 06:00:00,CNC-001,68.3,1.57,153.5,1496.0,25.0,69.7,14486.0,7,53,0
2025-11-21 12:00:00,CNC-001,68.1,1.71,156.1,1483.0,25.5,67.8,14490.0,7,53,0
2025-11-21 18:00:00,CNC-001,66.6,1.51,158.2,1488.0,24.2,67.7,14496.0,7,23,0
2025-11-22 00:00:00,CNC-001,67.8,1.49,156.6,1484.0,25.0,75.2,14502.0,7,24,0
2025-11-22 06:00:00,CNC-001,68.8,1.74,155.5,1489.0,26.4,69.4,14507.0,7,9,0
2025-11-22 12:00:00,CNC-001,65.0,1.52,155.5,1490.0,24.3,72.6,14513.0,7,54,0
2025-11-22 18:00:00,CNC-001,66.3,1.9,161.3,1493.0,26.3,72.5,14518.0,7,9,0
2025-11-23 00:00:00,CNC-001,66.9,1.62,153.3,1483.0,25.3,70.3,14522.0,7,25,0
2025-11-23 06:00:00,CNC-001,69.2,1.61,154.5,1506.0,25.9,71.5,14527.0,7,55,0
2025-11-23 12:00:00,CNC-001,65.5,1.84,156.4,1493.0,25.9,71.8,14532.0,7,25,0
2025-11-23 18:00:00,CNC-001,64.1,1.47,157.6,1478.0,24.9,71.5,14538.0,7,25,0
2025-11-24 00:00:00,CNC-001,68.4,2.11,158.9,1489.0,26.7,74.6,14543.0,7,11,0
2025-11-24 06:00:00,CNC-001,68.9,1.74,159.6,1492.0,25.6,74.0,14549.0,7,11,0
2025-11-24 12:00:00,CNC-001,68.1,1.48,159.2,1489.0,24.2,71.6,14554.0,7,56,0
2025-11-24 18:00:00,CNC-001,65.4,1.59,153.7,1489.0,24.3,72.6,14558.0,7,26,0
2025-11-25 00:00:00,CNC-001,66.5,1.63,155.9,1486.0,25.3,71.2,14563.0,7,12,0
2025-11-25 06:00:00,CNC-001,68.5,1.62,157.4,1502.0,25.8,71.7,14568.0,7,12,0
2025-11-25 12:00:00,CNC-001,67.5,1.48,159.7,1500.0,24.1,73.7,14573.0,7,57,0
2025-11-25 18:00:00,CNC-001,63.5,1.59,152.7,1497.0,24.1,73.8,14579.0,7,57,0
2025-11-26 00:00:00,CNC-001,66.8,1.53,158.1,1484.0,24.7,67.2,14584.0,7,28,0
2025-11-26 06:00:00,CNC-001,69.3,1.49,155.0,1492.0,25.4,73.2,14590.0,7,58,0
2025-11-26 12:00:00,CNC-001,67.4,1.52,155.6,1497.0,25.5,70.9,14595.0,7,58,0
2025-11-26 18:00:00,CNC-001,65.7,1.57,157.9,1496.0,25.5,73.7,14600.0,7,58,0
2025-11-27 00:00:00,CNC-001,66.3,1.5,153.9,1492.0,24.6,71.2,14606.0,7,59,0
2025-11-27 06:00:00,CNC-001,69.5,1.58,155.6,1490.0,25.4,74.7,14612.0,7,59,0
2025-11-27 12:00:00,CNC-001,67.9,1.62,160.0,1481.0,24.5,72.6,14617.0,7,59,0
2025-11-27 18:00:00,CNC-001,65.4,1.58,153.7,1498.0,25.7,71.8,14623.0,7,29,0
2025-11-28 00:00:00,CNC-001,68.7,1.53,156.2,1508.0,26.4,69.4,14628.0,7,60,0
2025-11-28 06:00:00,CNC-001,68.6,1.51,153.7,1487.0,24.3,73.0,14633.0,7,60,0
2025-11-28 12:00:00,CNC-001,67.3,1.58,158.6,1488.0,25.1,72.5,14638.0,7,15,0
2025-11-28 18:00:00,CNC-001,64.6,1.82,157.4,1506.0,25.0,76.9,14642.0,7,15,0
2025-11-29 00:00:00,CNC-001,66.4,1.59,157.3,1502.0,26.0,73.5,14647.0,7,31,0
2025-11-29 06:00:00,CNC-001,67.8,1.73,163.1,1494.0,25.2,73.4,14652.0,7,61,0
2025-11-29 12:00:00,CNC-001,65.6,1.47,155.3,1489.0,24.5,72.5,14656.0,7,61,0
2025-11-29 18:00:00,CNC-001,62.5,1.52,153.7,1486.0,24.4,69.9,14660.0,7,61,0
2025-11-30 00:00:00,CNC-001,67.4,1.94,157.3,1501.0,26.4,69.3,14665.0,7,32,0
2025-11-30 06:00:00,CNC-001,69.6,1.72,156.8,1500.0,26.5,73.0,14672.0,7,62,0
2025-11-30 12:00:00,CNC-001,66.8,1.48,156.6,1492.0,25.6,73.7,14677.0,7,17,0
2025-11-30 18:00:00,CNC-001,63.4,1.65,156.4,1499.0,24.7,72.9,14682.0,7,62,0
2025-12-01 00:00:00,CNC-001,65.0,1.68,155.4,1497.0,25.6,70.4,14688.0,7,18,0
2025-12-01 06:00:00,CNC-001,70.3,1.64,157.4,1495.0,26.1,69.1,14694.0,7,18,0
2025-12-01 12:00:00,CNC-001,66.1,1.5,154.4,1489.0,25.1,74.6,14700.0,7,33,0
2025-12-01 18:00:00,CNC-001,64.6,1.71,157.2,1481.0,25.1,75.1,14705.0,7,63,0
2025-12-02 00:00:00,CNC-001,67.2,1.58,152.5,1490.0,24.4,70.5,14710.0,7,19,0
2025-12-02 06:00:00,CNC-001,70.2,1.58,156.7,1489.0,25.5,71.8,14716.0,7,19,0
2025-12-02 12:00:00,CNC-001,66.2,1.62,155.3,1496.0,24.5,74.0,14722.0,7,34,0
2025-12-02 18:00:00,CNC-001,66.9,1.63,157.0,1479.0,25.2,69.7,14727.0,7,64,0
2025-12-03 00:00:00,CNC-001,65.7,1.65,155.9,1509.0,24.7,71.2,14731.0,7,20,0
2025-12-03 06:00:00,CNC-001,69.1,1.48,152.0,1477.0,25.8,73.9,14737.0,7,20,0
2025-12-03 12:00:00,CNC-001,67.2,1.84,156.7,1489.0,26.1,73.7,14742.0,7,20,0
2025-12-03 18:00:00,CNC-001,62.6,1.47,160.5,1492.0,24.5,71.3,14748.0,7,20,0
2025-12-04 00:00:00,CNC-001,68.4,1.86,156.2,1494.0,25.6,75.5,14753.0,7,66,0
2025-12-04 06:00:00,CNC-001,71.2,1.51,154.2,1486.0,25.3,69.2,14758.0,7,36,0
2025-12-04 12:00:00,CNC-001,67.6,1.55,155.2,1493.0,25.0,71.1,14765.0,7,36,0
2025-12-04 18:00:00,CNC-001,61.8,1.56,156.6,1487.0,23.7,73.7,14769.0,7,36,0
2025-12-05 00:00:00,CNC-001,66.5,1.54,155.0,1492.0,25.6,71.7,14774.0,7,37,0
2025-12-05 06:00:00,CNC-001,67.7,1.49,152.6,1484.0,24.8,71.7,14780.0,7,37,0
2025-12-05 12:00:00,CNC-001,64.5,1.65,155.4,1504.0,25.0,74.1,14786.0,7,67,0
2025-12-05 18:00:00,CNC-001,63.7,1.56,156.9,1492.0,24.3,71.0,14790.0,7,22,0
2025-12-06 00:00:00,CNC-001,66.0,1.71,157.4,1496.0,25.8,73.7,14795.0,7,38,0
2025-12-06 06:00:00,CNC-001,67.5,1.56,154.4,1489.0,25.3,75.0,14799.0,7,23,0
2025-12-06 12:00:00,CNC-001,66.2,1.85,157.2,1487.0,24.9,70.1,14805.0,7,38,0
2025-12-06 18:00:00,CNC-001,64.5,1.69,154.2,1504.0,25.4,72.2,14809.0,7,68,0
2025-12-07 00:00:00,CNC-001,65.7,1.47,156.4,1480.0,24.5,72.6,14814.0,7,69,0
2025-12-07 06:00:00,CNC-001,67.3,1.5,158.7,1493.0,25.5,73.3,14820.0,7,39,0
2025-12-07 12:00:00,CNC-001,66.2,1.5,158.2,1491.0,24.3,72.4,14826.0,7,39,0
2025-12-07 18:00:00,CNC-001,63.4,1.51,157.3,1476.0,23.7,71.4,14831.0,7,39,0
2025-12-08 00:00:00,CNC-001,66.2,1.54,159.5,1501.0,23.6,74.7,14837.0,7,70,0
2025-12-08 06:00:00,CNC-001,66.7,1.48,154.5,1498.0,25.3,72.3,14841.0,7,70,0
2025-12-08 12:00:00,CNC-001,66.8,2.11,153.5,1484.0,26.0,76.4,14847.0,7,70,0
2025-12-08 18:00:00,CNC-001,61.7,1.82,154.7,1491.0,24.8,72.2,14851.0,7,25,0
2025-12-09 00:00:00,CNC-001,69.3,1.62,157.0,1487.0,25.9,74.8,14856.0,7,71,0
2025-12-09 06:00:00,CNC-001,68.4,1.51,157.3,1489.0,24.4,72.0,14861.0,7,26,0
2025-12-09 12:00:00,CNC-001,66.0,1.56,153.1,1484.0,25.9,73.6,14867.0,7,71,0
2025-12-09 18:00:00,CNC-001,63.0,1.64,159.4,1494.0,24.7,74.2,14872.0,7,71,0
2025-12-10 00:00:00,CNC-001,66.9,1.64,156.1,1488.0,24.9,72.9,14877.0,7,27,0
2025-12-10 06:00:00,CNC-001,66.4,1.66,156.5,1502.0,24.9,74.8,14882.0,7,72,0
2025-12-10 12:00:00,CNC-001,65.5,1.66,156.4,1500.0,25.7,71.9,14887.0,7,72,0
2025-12-10 18:00:00,CNC-001,63.8,1.96,158.3,1507.0,25.7,70.9,14892.0,7,42,0
2025-12-11 00:00:00,CNC-001,64.0,1.6,155.0,1491.0,24.4,71.6,14898.0,7,73,0
2025-12-11 06:00:00,CNC-001,67.6,1.61,157.0,1500.0,25.3,70.3,14904.0,7,43,0
2025-12-11 12:00:00,CNC-001,68.4,1.51,156.3,1499.0,25.7,75.1,14910.0,7,43,0
2025-12-11 18:00:00,CNC-001,66.3,1.67,154.9,1485.0,25.6,73.0,14916.0,7,43,0
2025-12-12 00:00:00,CNC-001,64.2,1.52,158.6,1477.0,25.0,71.6,14922.0,7,44,0
2025-12-12 06:00:00,CNC-001,69.5,1.74,154.9,1506.0,25.5,73.1,14928.0,7,74,0
2025-12-12 12:00:00,CNC-001,66.0,1.68,155.4,1490.0,25.5,71.5,14933.0,7,44,0
2025-12-12 18:00:00,CNC-001,63.4,1.47,153.9,1500.0,24.5,68.5,14939.0,7,44,0
2025-12-13 00:00:00,CNC-001,66.8,1.59,155.4,1489.0,24.9,69.3,14945.0,7,75,0
2025-12-13 06:00:00,CNC-001,68.6,1.79,158.1,1467.0,26.1,71.1,14950.0,7,30,0
2025-12-13 12:00:00,CNC-001,64.1,1.62,156.9,1500.0,24.9,69.2,14954.0,7,45,0
2025-12-13 18:00:00,CNC-001,65.0,1.6,158.6,1485.0,25.0,71.7,14959.0,7,45,0
2025-12-14 00:00:00,CNC-001,65.3,1.73,153.9,1484.0,25.7,72.4,14963.0,7,31,0
2025-12-14 06:00:00,CNC-001,67.9,1.58,154.8,1509.0,25.4,71.5,14968.0,7,31,0
2025-12-14 12:00:00,CNC-001,66.1,1.51,155.3,1502.0,24.9,70.6,14972.0,7,31,0
2025-12-14 18:00:00,CNC-001,66.5,1.59,157.6,1491.0,25.5,73.3,14976.0,7,31,0
2025-12-15 00:00:00,CNC-001,65.7,1.57,153.3,1484.0,24.0,72.9,14982.0,7,77,0
2025-12-15 06:00:00,CNC-001,68.3,1.55,149.7,1491.0,24.5,72.2,14987.0,7,32,0
2025-12-15 12:00:00,CNC-001,62.7,1.54,153.4,1489.0,24.9,71.9,14993.0,7,32,0
2025-12-15 18:00:00,CNC-001,63.5,1.79,156.3,1495.0,25.2,68.8,14998.0,7,77,0
2025-12-16 00:00:00,CNC-001,66.5,1.47,154.7,1486.0,24.7,73.1,15003.0,7,33,0
2025-12-16 06:00:00,CNC-001,69.2,1.52,155.1,1510.0,24.5,69.5,15007.0,7,78,0
2025-12-16 12:00:00,CNC-001,64.6,1.53,152.3,1502.0,24.3,71.2,15013.0,7,33,0
2025-12-16 18:00:00,CNC-001,64.0,1.47,156.1,1513.0,25.1,74.3,15017.0,7,33,0
2025-12-17 00:00:00,CNC-001,65.5,1.61,155.0,1487.0,25.0,74.5,15023.0,7,49,0
2025-12-17 06:00:00,CNC-001,68.2,1.63,154.4,1496.0,25.6,71.0,15030.0,7,79,0
2025-12-17 12:00:00,CNC-001,65.2,1.83,155.7,1496.0,25.6,72.2,15036.0,7,79,0
2025-12-17 18:00:00,CNC-001,63.4,1.7,154.7,1498.0,24.6,73.8,15041.0,7,49,0
2025-12-18 00:00:00,CNC-001,65.9,1.7,154.9,1499.0,25.1,72.9,15046.0,7,35,0
2025-12-18 06:00:00,CNC-001,66.7,1.58,159.5,1498.0,24.8,71.8,15052.0,7,50,0
2025-12-18 12:00:00,CNC-001,66.4,1.69,159.0,1476.0,25.0,69.4,15057.0,7,80,0
2025-12-18 18:00:00,CNC-001,63.9,1.51,154.4,1507.0,24.5,72.5,15063.0,7,80,0
2025-12-19 00:00:00,CNC-001,66.3,1.67,160.1,1461.0,25.9,71.2,15069.0,7,51,0
2025-12-19 06:00:00,CNC-001,67.0,1.47,156.4,1501.0,24.5,70.8,15074.0,7,51,0
2025-12-19 12:00:00,CNC-001,63.5,1.67,156.5,1502.0,24.5,73.3,15079.0,7,36,0
2025-12-19 18:00:00,CNC-001,63.2,1.66,153.7,1490.0,24.0,74.4,15084.0,7,51,0
2025-12-20 00:00:00,CNC-001,65.2,1.66,160.0,1479.0,25.0,73.4,15090.0,7,52,0
2025-12-20 06:00:00,CNC-001,71.6,1.64,155.8,1487.0,25.5,73.3,15094.0,7,52,0
2025-12-20 12:00:00,CNC-001,62.9,1.64,155.6,1480.0,25.2,70.9,15099.0,7,52,0
2025-12-20 18:00:00,CNC-001,63.0,1.56,154.7,1497.0,24.9,72.7,15104.0,7,82,0
2025-12-21 00:00:00,CNC-001,63.2,1.62,157.2,1505.0,24.9,73.6,15108.0,7,83,0
2025-12-21 06:00:00,CNC-001,67.9,1.55,158.2,1494.0,25.0,74.2,15113.0,7,53,0
2025-12-21 12:00:00,CNC-001,65.8,1.68,154.3,1485.0,25.0,75.6,15118.0,7,83,0
2025-12-21 18:00:00,CNC-001,65.4,1.47,156.3,1492.0,24.0,70.2,15122.0,7,53,0
2025-12-22 00:00:00,CNC-001,66.3,2.03,155.5,1489.0,26.6,74.8,15128.0,7,54,0
2025-12-22 06:00:00,CNC-001,70.5,1.78,160.0,1503.0,26.4,70.0,15133.0,7,39,0
2025-12-22 12:00:00,CNC-001,63.9,1.55,153.6,1500.0,24.1,72.3,15137.0,7,39,0
2025-12-22 18:00:00,CNC-001,64.2,1.49,157.6,1480.0,25.1,72.9,15143.0,7,54,0
2025-12-23 00:00:00,CNC-001,63.4,1.75,154.4,1500.0,25.4,68.6,15149.0,7,55,0
2025-12-23 06:00:00,CNC-001,67.2,1.75,156.9,1493.0,24.6,74.3,15153.0,7,85,0
2025-12-23 12:00:00,CNC-001,64.0,1.79,161.1,1498.0,24.7,70.7,15159.0,7,85,0
2025-12-23 18:00:00,CNC-001,62.6,1.61,155.6,1477.0,24.4,75.3,15163.0,7,55,0
2025-12-24 00:00:00,CNC-001,66.1,1.48,154.8,1491.0,24.8,74.4,15167.0,7,56,0
2025-12-24 06:00:00,CNC-001,66.2,1.68,157.5,1483.0,25.5,73.4,15173.0,7,86,0
2025-12-24 12:00:00,CNC-001,63.6,1.68,158.7,1497.0,24.6,71.1,15178.0,7,41,0
2025-12-24 18:00:00,CNC-001,62.8,1.6,155.7,1501.0,25.2,76.2,15183.0,7,41,0
2025-12-25 00:00:00,CNC-001,65.2,1.5,152.3,1485.0,25.2,75.1,15188.0,7,87,0
2025-12-25 06:00:00,CNC-001,67.2,1.52,154.8,1497.0,25.2,73.0,15193.0,7,57,0
2025-12-25 12:00:00,CNC-001,61.9,1.65,156.7,1483.0,25.0,69.8,15198.0,7,87,0
2025-12-25 18:00:00,CNC-001,65.4,1.52,156.9,1503.0,25.2,75.4,15205.0,7,42,0
2025-12-26 00:00:00,CNC-001,64.2,1.48,156.8,1475.0,24.6,74.8,15211.0,7,43,0
2025-12-26 06:00:00,CNC-001,67.5,1.56,158.2,1491.0,25.4,74.2,15216.0,7,58,0
2025-12-26 12:00:00,CNC-001,66.6,1.55,155.9,1492.0,25.9,70.0,15223.0,7,43,0
2025-12-26 18:00:00,CNC-001,63.1,1.5,155.8,1502.0,24.0,73.7,15228.0,7,88,0
2025-12-27 00:00:00,CNC-001,64.3,1.6,155.6,1491.0,24.8,71.1,15232.0,7,44,0
2025-12-27 06:00:00,CNC-001,68.4,1.93,156.9,1508.0,25.7,71.0,15237.0,7,44,0
2025-12-27 12:00:00,CNC-001,65.4,1.48,155.6,1480.0,25.1,70.4,15243.0,7,89,0
2025-12-27 18:00:00,CNC-001,64.0,1.51,157.4,1479.0,24.7,70.8,15249.0,7,44,0
2025-07-01 00:00:00,CNC-002,69.8,1.45,150.0,1475.0,25.5,71.7,19239.0,8,0,0
2025-07-01 06:00:00,CNC-002,70.5,1.77,152.5,1470.0,25.7,73.4,19243.0,8,0,0
2025-07-01 12:00:00,CNC-002,70.8,1.62,151.3,1476.0,25.9,71.3,19248.0,8,0,0
2025-07-01 18:00:00,CNC-002,64.5,1.27,150.2,1472.0,24.1,72.1,19254.0,8,0,0
2025-07-02 00:00:00,CNC-002,71.3,1.66,146.1,1485.0,25.8,73.6,19259.0,8,1,0
2025-07-02 06:00:00,CNC-002,71.7,1.56,147.8,1455.0,26.5,70.8,19265.0,8,1,0
2025-07-02 12:00:00,CNC-002,67.8,1.27,150.4,1476.0,24.3,69.7,19270.0,8,1,0
2025-07-02 18:00:00,CNC-002,67.6,1.31,150.7,1477.0,24.3,71.9,19274.0,8,1,0
2025-07-03 00:00:00,CNC-002,69.2,1.83,151.0,1476.0,26.2,72.5,19280.0,8,2,0
2025-07-03 06:00:00,CNC-002,70.3,1.33,147.3,1476.0,24.9,74.0,19286.0,8,2,0
2025-07-03 12:00:00,CNC-002,67.2,1.63,148.8,1468.0,25.7,73.4,19292.0,8,2,0
2025-07-03 18:00:00,CNC-002,66.9,1.63,153.1,1467.0,26.0,71.4,19296.0,8,2,0
2025-07-04 00:00:00,CNC-002,69.1,1.38,148.7,1493.0,25.2,70.5,19302.0,8,3,0
2025-07-04 06:00:00,CNC-002,69.8,1.38,150.3,1471.0,25.1,73.1,19307.0,8,3,0
2025-07-04 12:00:00,CNC-002,69.8,1.32,146.7,1485.0,25.2,73.1,19313.0,8,3,0
2025-07-04 18:00:00,CNC-002,66.7,1.48,148.2,1457.0,25.2,68.2,19317.0,8,3,0
2025-07-05 00:00:00,CNC-002,68.6,1.33,151.4,1479.0,25.6,74.8,19322.0,8,4,0
2025-07-05 06:00:00,CNC-002,71.0,1.54,148.0,1475.0,26.2,74.8,19327.0,8,4,0
2025-07-05 12:00:00,CNC-002,68.9,1.46,150.0,1465.0,25.0,69.7,19333.0,8,4,0
2025-07-05 18:00:00,CNC-002,66.8,1.28,150.3,1481.0,24.5,72.9,19339.0,8,4,0
2025-07-06 00:00:00,CNC-002,69.9,1.35,152.7,1479.0,24.7,73.3,19343.0,8,5,0
2025-07-06 06:00:00,CNC-002,71.0,1.28,150.1,1471.0,24.4,70.1,19348.0,8,5,0
2025-07-06 12:00:00,CNC-002,68.5,1.95,149.6,1476.0,25.7,73.7,19354.0,8,5,0
2025-07-06 18:00:00,CNC-002,66.3,1.79,150.4,1481.0,25.3,73.6,19359.0,8,5,0
2025-07-07 00:00:00,CNC-002,67.2,1.33,148.2,1464.0,25.2,71.1,19363.0,8,6,0
2025-07-07 06:00:00,CNC-002,72.6,1.35,149.1,1474.0,25.5,73.9,19368.0,8,6,0
2025-07-07 12:00:00,CNC-002,67.5,1.36,150.2,1470.0,24.8,71.5,19374.0,8,6,0
2025-07-07 18:00:00,CNC-002,67.4,1.3,147.4,1474.0,24.0,70.5,19379.0,8,6,0
2025-07-08 00:00:00,CNC-002,69.9,1.3,148.9,1465.0,25.4,73.8,19384.0,8,7,0
2025-07-08 06:00:00,CNC-002,70.7,1.38,147.4,1479.0,25.8,74.2,19389.0,8,7,0
2025-07-08 12:00:00,CNC-002,68.6,1.31,149.8,1475.0,25.3,71.1,19395.0,8,7,0
2025-07-08 18:00:00,CNC-002,66.2,1.33,148.8,1463.0,24.5,73.3,19400.0,8,7,0
2025-07-09 00:00:00,CNC-002,68.9,1.38,150.2,1470.0,24.6,77.2,19405.0,8,8,0
2025-07-09 06:00:00,CNC-002,71.6,1.36,150.3,1451.0,25.9,73.2,19411.0,8,8,0
2025-07-09 12:00:00,CNC-002,69.2,1.32,145.4,1470.0,24.6,72.2,19416.0,8,8,0
2025-07-09 18:00:00,CNC-002,67.6,1.49,151.0,1474.0,25.0,71.1,19421.0,8,8,0
2025-07-10 00:00:00,CNC-002,68.5,1.38,147.3,1471.0,24.0,70.6,19427.0,8,9,0
2025-07-10 06:00:00,CNC-002,70.9,1.53,148.7,1482.0,26.1,71.5,19431.0,8,9,0
2025-07-10 12:00:00,CNC-002,68.4,1.32,146.4,1476.0,25.5,71.4,19437.0,8,9,0
2025-07-10 18:00:00,CNC-002,65.3,1.44,150.5,1479.0,24.7,71.7,19442.0,8,9,0
2025-07-11 00:00:00,CNC-002,69.1,1.27,148.2,1466.0,25.0,73.1,19448.0,8,10,0
2025-07-11 06:00:00,CNC-002,71.6,1.38,149.5,1471.0,25.7,73.0,19453.0,8,10,0
2025-07-11 12:00:00,CNC-002,69.7,1.28,147.7,1466.0,25.5,71.3,19458.0,8,10,0
2025-07-11 18:00:00,CNC-002,67.8,1.49,148.0,1463.0,25.1,69.8,19464.0,8,10,0
2025-07-12 00:00:00,CNC-002,71.2,1.31,146.2,1492.0,26.0,70.2,19469.0,8,11,0
2025-07-12 06:00:00,CNC-002,72.0,1.56,153.2,1487.0,25.6,72.7,19474.0,8,11,0
2025-07-12 12:00:00,CNC-002,70.2,1.31,150.2,1472.0,25.5,72.7,19479.0,8,11,0
2025-07-12 18:00:00,CNC-002,68.3,1.68,148.4,1470.0,25.8,73.8,19484.0,8,11,0
2025-07-13 00:00:00,CNC-002,68.7,1.32,148.2,1476.0,25.4,74.0,19489.0,8,12,0
2025-07-13 06:00:00,CNC-002,72.7,1.42,152.0,1470.0,25.1,76.4,19493.0,8,12,0
2025-07-13 12:00:00,CNC-002,68.1,1.33,148.9,1475.0,24.6,71.0,19498.0,8,12,0
2025-07-13 18:00:00,CNC-002,66.8,1.39,153.5,1460.0,24.6,72.5,19503.0,8,12,0
2025-07-14 00:00:00,CNC-002,71.3,1.64,149.2,1484.0,26.2,72.1,19507.0,8,13,0
2025-07-14 06:00:00,CNC-002,71.4,1.41,149.3,1477.0,25.6,72.3,19512.0,8,13,0
2025-07-14 12:00:00,CNC-002,70.0,1.51,150.0,1473.0,25.4,68.7,19517.0,8,13,0
2025-07-14 18:00:00,CNC-002,66.4,1.31,150.4,1467.0,25.6,70.4,19522.0,8,13,0
2025-07-15 00:00:00,CNC-002,68.9,1.36,151.1,1481.0,25.7,73.0,19527.0,8,14,0
2025-07-15 06:00:00,CNC-002,71.5,1.26,147.1,1476.0,25.4,72.7,19533.0,8,14,0
2025-07-15 12:00:00,CNC-002,69.2,1.55,153.0,1478.0,25.8,74.6,19537.0,8,14,0
2025-07-15 18:00:00,CNC-002,67.0,1.28,150.8,1469.0,24.0,70.2,19542.0,8,14,0
2025-07-16 00:00:00,CNC-002,70.0,1.28,150.1,1474.0,24.5,67.5,19547.0,8,15,0
2025-07-16 06:00:00,CNC-002,73.3,1.57,149.2,1482.0,26.6,73.2,19552.0,8,15,0
2025-07-16 12:00:00,CNC-002,69.4,1.31,147.9,1475.0,25.0,71.7,19556.0,8,15,0
2025-07-16 18:00:00,CNC-002,67.5,1.62,149.1,1474.0,25.6,71.4,19560.0,8,15,0
2025-07-17 00:00:00,CNC-002,71.5,1.81,145.9,1476.0,27.1,67.7,19564.0,8,16,0
2025-07-17 06:00:00,CNC-002,71.8,1.32,148.1,1478.0,26.1,71.6,19571.0,8,16,0
2025-07-17 12:00:00,CNC-002,69.2,1.42,148.1,1483.0,25.2,73.2,19575.0,8,16,0
2025-07-17 18:00:00,CNC-002,67.9,1.27,152.2,1456.0,24.6,70.6,19580.0,8,16,0
2025-07-18 00:00:00,CNC-002,70.0,1.48,147.0,1471.0,25.3,73.9,19585.0,8,17,0
2025-07-18 06:00:00,CNC-002,74.4,1.47,147.1,1462.0,25.7,71.3,19590.0,8,17,0
2025-07-18 12:00:00,CNC-002,70.3,1.35,150.9,1465.0,25.7,71.9,19596.0,8,17,0
2025-07-18 18:00:00,CNC-002,66.8,1.32,148.8,1465.0,25.5,75.5,19601.0,8,17,0
2025-07-19 00:00:00,CNC-002,69.1,1.33,149.0,1476.0,25.1,76.3,19607.0,8,18,0
2025-07-19 06:00:00,CNC-002,71.4,1.44,148.5,1477.0,25.9,72.9,19613.0,8,18,0
2025-07-19 12:00:00,CNC-002,69.0,1.56,147.3,1461.0,24.8,71.7,19619.0,8,18,0
2025-07-19 18:00:00,CNC-002,67.9,1.54,147.2,1489.0,25.8,73.0,19624.0,8,18,0
2025-07-20 00:00:00,CNC-002,70.0,1.35,150.9,1481.0,24.6,72.7,19629.0,8,19,0
2025-07-20 06:00:00,CNC-002,71.3,1.33,150.0,1492.0,24.9,76.1,19633.0,8,19,0
2025-07-20 12:00:00,CNC-002,68.7,1.28,148.7,1455.0,23.8,69.5,19639.0,8,19,0
2025-07-20 18:00:00,CNC-002,67.1,1.78,149.1,1478.0,25.5,71.6,19643.0,8,19,0
2025-07-21 00:00:00,CNC-002,68.6,1.73,152.0,1462.0,26.1,70.5,19649.0,8,20,0
2025-07-21 06:00:00,CNC-002,71.8,1.65,150.0,1476.0,26.4,75.0,19654.0,8,20,0
2025-07-21 12:00:00,CNC-002,70.9,1.3,152.3,1463.0,24.5,73.7,19660.0,8,20,0
2025-07-21 18:00:00,CNC-002,68.3,1.4,150.8,1471.0,25.4,72.5,19664.0,8,20,0
2025-07-22 00:00:00,CNC-002,69.2,1.34,145.2,1468.0,25.1,74.0,19669.0,8,21,0
2025-07-22 06:00:00,CNC-002,73.5,1.73,152.6,1472.0,25.9,69.4,19675.0,8,21,0
2025-07-22 12:00:00,CNC-002,69.8,1.73,150.1,1484.0,25.9,68.9,19679.0,8,21,0
2025-07-22 18:00:00,CNC-002,67.4,1.51,147.2,1474.0,25.3,73.5,19683.0,8,21,0
2025-07-23 00:00:00,CNC-002,65.3,1.3,150.2,1476.0,24.5,71.1,19688.0,8,22,0
2025-07-23 06:00:00,CNC-002,73.3,1.38,146.9,1480.0,25.9,69.4,19694.0,8,22,0
2025-07-23 12:00:00,CNC-002,69.7,1.29,150.4,1484.0,25.2,69.7,19700.0,8,22,0
2025-07-23 18:00:00,CNC-002,67.7,1.39,150.4,1480.0,24.8,71.9,19705.0,8,22,0
2025-07-24 00:00:00,CNC-002,69.4,1.41,148.3,1473.0,25.2,72.6,19710.0,8,23,0
2025-07-24 06:00:00,CNC-002,72.5,1.33,150.9,1476.0,25.8,74.3,19716.0,8,23,0
2025-07-24 12:00:00,CNC-002,70.2,1.45,147.5,1482.0,24.9,69.2,19720.0,8,23,0
2025-07-24 18:00:00,CNC-002,67.1,1.27,149.8,1469.0,23.7,73.6,19726.0,8,23,0
2025-07-25 00:00:00,CNC-002,70.8,1.54,153.8,1477.0,25.2,72.6,19731.0,8,24,0
2025-07-25 06:00:00,CNC-002,72.2,1.31,150.3,1480.0,25.9,71.8,19735.0,8,24,0
2025-07-25 12:00:00,CNC-002,69.5,1.27,148.6,1487.0,25.4,73.3,19741.0,8,24,0
2025-07-25 18:00:00,CNC-002,68.0,1.43,149.6,1482.0,25.6,75.2,19745.0,8,24,0
2025-07-26 00:00:00,CNC-002,71.3,1.34,148.0,1478.0,25.5,72.7,19751.0,8,25,0
2025-07-26 06:00:00,CNC-002,71.1,1.4,149.8,1468.0,25.8,73.1,19757.0,8,25,0
2025-07-26 12:00:00,CNC-002,70.2,1.42,149.9,1468.0,26.3,71.6,19761.0,8,25,0
2025-07-26 18:00:00,CNC-002,66.0,1.38,149.1,1470.0,25.3,72.2,19766.0,8,25,0
2025-07-27 00:00:00,CNC-002,72.2,1.28,150.6,1466.0,25.5,68.6,19772.0,8,26,0
2025-07-27 06:00:00,CNC-002,72.7,1.51,148.5,1484.0,25.4,71.4,19778.0,8,26,0
2025-07-27 12:00:00,CNC-002,69.7,1.3,146.1,1484.0,25.2,74.4,19783.0,8,26,0
2025-07-27 18:00:00,CNC-002,69.7,1.29,150.6,1462.0,25.2,73.8,19789.0,8,26,0
2025-07-28 00:00:00,CNC-002,69.7,1.59,149.0,1475.0,26.2,70.1,19795.0,8,27,0
2025-07-28 06:00:00,CNC-002,73.1,1.41,149.6,1463.0,25.4,72.9,19801.0,8,27,0
2025-07-28 12:00:00,CNC-002,68.5,1.42,153.1,1473.0,24.8,69.7,19806.0,8,27,0
2025-07-28 18:00:00,CNC-002,68.7,1.53,147.6,1467.0,25.1,70.5,19812.0,8,27,0
2025-07-29 00:00:00,CNC-002,70.3,1.33,148.8,1470.0,24.9,72.9,19817.0,8,28,0
2025-07-29 06:00:00,CNC-002,72.8,1.33,148.4,1464.0,26.5,69.4,19822.0,8,28,0
2025-07-29 12:00:00,CNC-002,69.1,1.4,146.9,1453.0,24.7,71.8,19827.0,8,28,0
2025-07-29 18:00:00,CNC-002,70.2,1.27,151.9,1481.0,25.3,72.0,19831.0,8,28,0
2025-07-30 00:00:00,CNC-002,72.7,1.39,149.2,1468.0,26.0,68.8,19838.0,8,29,0
2025-07-30 06:00:00,CNC-002,73.2,2.09,149.6,1473.0,26.5,73.0,19842.0,8,29,0
2025-07-30 12:00:00,CNC-002,70.7,1.28,148.7,1463.0,26.1,72.3,19849.0,8,29,0
2025-07-30 18:00:00,CNC-002,68.4,1.35,146.2,1469.0,25.0,70.3,19853.0,8,29,0
2025-07-31 00:00:00,CNC-002,68.8,1.31,147.2,1485.0,24.6,70.6,19859.0,8,30,0
2025-07-31 06:00:00,CNC-002,72.2,1.35,150.8,1488.0,25.6,74.7,19864.0,8,30,0
2025-07-31 12:00:00,CNC-002,70.5,1.28,149.2,1472.0,26.0,71.4,19868.0,8,30,0
2025-07-31 18:00:00,CNC-002,69.5,1.29,150.8,1470.0,24.4,74.4,19873.0,8,30,0
2025-08-01 00:00:00,CNC-002,70.4,1.41,152.1,1470.0,25.6,68.2,19879.0,8,31,0
2025-08-01 06:00:00,CNC-002,71.2,1.39,150.2,1484.0,26.1,69.0,19883.0,8,31,0
2025-08-01 12:00:00,CNC-002,71.1,1.28,151.7,1462.0,25.4,71.3,19890.0,8,31,0
2025-08-01 18:00:00,CNC-002,67.5,1.6,148.8,1460.0,25.3,68.8,19895.0,8,31,0
2025-08-02 00:00:00,CNC-002,69.5,1.27,150.7,1482.0,24.9,74.1,19899.0,8,32,0
2025-08-02 06:00:00,CNC-002,71.5,1.34,151.2,1476.0,25.3,73.0,19904.0,8,32,0
2025-08-02 12:00:00,CNC-002,69.4,1.34,151.1,1465.0,24.7,72.8,19911.0,8,32,0
2025-08-02 18:00:00,CNC-002,70.3,1.59,147.4,1479.0,25.1,70.3,19915.0,8,32,0
2025-08-03 00:00:00,CNC-002,70.1,1.72,152.1,1464.0,26.2,73.6,19920.0,8,33,0
2025-08-03 06:00:00,CNC-002,72.5,1.33,146.9,1467.0,25.4,71.5,19926.0,8,33,0
2025-08-03 12:00:00,CNC-002,71.8,1.43,153.8,1474.0,25.0,73.0,19931.0,8,33,0
2025-08-03 18:00:00,CNC-002,69.7,1.55,151.4,1468.0,25.8,74.9,19935.0,8,33,0
2025-08-04 00:00:00,CNC-002,70.3,1.3,148.9,1478.0,25.6,71.0,19940.0,8,34,0
2025-08-04 06:00:00,CNC-002,71.7,1.46,150.8,1464.0,25.9,70.4,19945.0,8,34,0
2025-08-04 12:00:00,CNC-002,70.8,1.3,147.2,1461.0,26.1,70.5,19949.0,8,34,0
2025-08-04 18:00:00,CNC-002,68.2,1.33,148.5,1458.0,26.0,67.6,19955.0,8,34,0
2025-08-05 00:00:00,CNC-002,71.8,1.32,154.2,1474.0,24.7,68.0,19959.0,8,35,0
2025-08-05 06:00:00,CNC-002,71.1,1.34,147.9,1472.0,25.4,69.3,19963.0,8,35,0
2025-08-05 12:00:00,CNC-002,70.5,1.33,150.2,1470.0,25.0,70.5,19969.0,8,35,0
2025-08-05 18:00:00,CNC-002,70.1,1.37,151.8,1476.0,24.8,73.0,19974.0,8,35,0
2025-08-06 00:00:00,CNC-002,71.9,1.33,147.2,1474.0,25.5,75.2,19978.0,8,36,0
2025-08-06 06:00:00,CNC-002,71.7,1.53,150.6,1474.0,25.6,71.5,19983.0,8,36,0
2025-08-06 12:00:00,CNC-002,72.9,1.31,147.8,1472.0,25.7,71.8,19988.0,8,36,0
2025-08-06 18:00:00,CNC-002,68.0,1.74,149.3,1474.0,26.5,73.5,19993.0,8,36,0
2025-08-07 00:00:00,CNC-002,69.1,1.5,146.7,1473.0,25.2,70.9,19999.0,8,37,0
2025-08-07 06:00:00,CNC-002,72.8,1.33,146.7,1473.0,26.3,74.7,20003.0,8,37,0
2025-08-07 12:00:00,CNC-002,71.1,1.28,148.0,1464.0,25.1,69.7,20008.0,8,37,0
2025-08-07 18:00:00,CNC-002,69.7,1.27,147.6,1463.0,25.1,68.1,20014.0,8,37,0
2025-08-08 00:00:00,CNC-002,69.3,1.27,148.0,1474.0,25.6,74.8,20020.0,8,38,0
2025-08-08 06:00:00,CNC-002,71.2,1.27,148.9,1478.0,24.6,69.1,20025.0,8,38,0
2025-08-08 12:00:00,CNC-002,71.8,1.38,154.4,1468.0,25.8,72.7,20030.0,8,38,0
2025-08-08 18:00:00,CNC-002,66.1,1.57,151.7,1483.0,25.7,67.7,20035.0,8,38,0
2025-08-09 00:00:00,CNC-002,72.3,1.31,148.1,1491.0,24.7,71.4,20040.0,8,39,0
2025-08-09 06:00:00,CNC-002,73.6,1.3,149.8,1487.0,25.1,70.0,20046.0,8,39,0
2025-08-09 12:00:00,CNC-002,69.9,1.31,151.9,1471.0,25.3,71.8,20051.0,8,39,0
2025-08-09 18:00:00,CNC-002,69.0,1.46,151.0,1483.0,25.5,74.3,20056.0,8,39,0
2025-08-10 00:00:00,CNC-002,70.9,1.38,148.9,1465.0,26.0,70.7,20061.0,8,40,0
2025-08-10 06:00:00,CNC-002,72.6,1.31,148.7,1472.0,26.0,71.6,20066.0,8,40,0
2025-08-10 12:00:00,CNC-002,73.0,1.35,150.3,1469.0,24.8,74.9,20072.0,8,40,0
2025-08-10 18:00:00,CNC-002,67.6,1.42,150.7,1474.0,25.2,71.3,20077.0,8,40,0
2025-08-11 00:00:00,CNC-002,72.1,1.57,151.7,1472.0,26.0,71.4,20081.0,8,41,0
2025-08-11 06:00:00,CNC-002,73.9,1.57,149.2,1475.0,26.8,72.3,20087.0,8,41,0
2025-08-11 12:00:00,CNC-002,71.4,1.29,148.5,1467.0,25.3,67.8,20092.0,8,41,0
2025-08-11 18:00:00,CNC-002,70.2,1.68,151.2,1484.0,26.4,75.5,20099.0,8,41,0
2025-08-12 00:00:00,CNC-002,71.5,1.27,148.2,1469.0,24.5,67.4,20105.0,8,42,0
2025-08-12 06:00:00,CNC-002,71.4,1.42,150.9,1466.0,25.1,69.8,20111.0,8,42,0
2025-08-12 12:00:00,CNC-002,69.1,1.29,148.3,1475.0,25.1,75.0,20117.0,8,42,0
2025-08-12 18:00:00,CNC-002,66.3,1.55,154.0,1465.0,26.1,71.3,20121.0,8,42,0
2025-08-13 00:00:00,CNC-002,70.7,1.78,145.4,1478.0,25.4,70.5,20125.0,8,43,0
2025-08-13 06:00:00,CNC-002,74.5,1.4,151.8,1472.0,25.9,71.0,20130.0,8,43,0
2025-08-13 12:00:00,CNC-002,73.0,1.38,149.3,1463.0,24.2,70.0,20134.0,8,43,0
2025-08-13 18:00:00,CNC-002,71.8,1.28,151.7,1479.0,25.4,70.1,20140.0,8,43,0
2025-08-14 00:00:00,CNC-002,69.4,1.32,147.4,1463.0,24.9,73.4,20146.0,8,44,0
2025-08-14 06:00:00,CNC-002,71.7,1.73,148.0,1477.0,26.0,71.6,20150.0,8,44,0
2025-08-14 12:00:00,CNC-002,69.8,1.28,145.5,1481.0,25.4,72.0,20156.0,8,44,0
2025-08-14 18:00:00,CNC-002,67.7,1.83,147.9,1472.0,26.0,69.4,20160.0,8,44,0
2025-08-15 00:00:00,CNC-002,69.8,1.44,147.2,1467.0,24.9,74.5,20165.0,8,0,0
2025-08-15 06:00:00,CNC-002,72.5,1.31,152.3,1478.0,25.5,72.9,20169.0,8,45,0
2025-08-15 12:00:00,CNC-002,68.8,1.32,152.6,1476.0,24.8,71.1,20175.0,8,45,0
2025-08-15 18:00:00,CNC-002,69.8,1.28,152.8,1459.0,23.8,70.5,20179.0,8,0,0
2025-08-16 00:00:00,CNC-002,71.3,1.36,149.9,1458.0,25.5,72.8,20186.0,8,1,0
2025-08-16 06:00:00,CNC-002,71.9,1.5,153.1,1460.0,25.8,68.4,20190.0,8,46,0
2025-08-16 12:00:00,CNC-002,71.7,1.43,149.0,1466.0,26.7,73.7,20195.0,8,46,0
2025-08-16 18:00:00,CNC-002,69.2,1.31,147.5,1470.0,25.3,73.9,20200.0,8,1,0
2025-08-17 00:00:00,CNC-002,72.2,1.32,151.2,1479.0,26.3,71.3,20204.0,8,47,0
2025-08-17 06:00:00,CNC-002,72.2,1.35,153.6,1474.0,24.9,72.7,20209.0,8,2,0
2025-08-17 12:00:00,CNC-002,71.6,1.35,151.3,1468.0,25.2,72.7,20214.0,8,47,0
2025-08-17 18:00:00,CNC-002,70.3,1.32,151.9,1460.0,24.8,73.5,20220.0,8,2,0
2025-08-18 00:00:00,CNC-002,72.2,2.17,144.7,1469.0,27.3,69.4,20224.0,8,3,0
2025-08-18 06:00:00,CNC-002,71.8,1.35,152.3,1481.0,25.3,73.4,20230.0,8,48,0
2025-08-18 12:00:00,CNC-002,68.9,1.3,151.6,1465.0,24.4,72.3,20236.0,8,48,0
2025-08-18 18:00:00,CNC-002,68.0,1.27,148.3,1465.0,25.1,68.9,20241.0,8,3,0
2025-08-19 00:00:00,CNC-002,70.9,1.53,154.8,1466.0,26.1,72.6,20247.0,8,4,0
2025-08-19 06:00:00,CNC-002,72.5,1.37,149.4,1462.0,25.2,72.0,20252.0,8,4,0
2025-08-19 12:00:00,CNC-002,70.1,1.28,146.4,1467.0,25.2,69.6,20257.0,8,4,0
2025-08-19 18:00:00,CNC-002,70.8,1.39,147.8,1476.0,25.3,73.9,20262.0,8,4,0
2025-08-20 00:00:00,CNC-002,72.2,1.38,148.4,1482.0,26.5,69.4,20269.0,8,50,0
2025-08-20 06:00:00,CNC-002,73.2,1.46,145.9,1477.0,26.8,72.5,20275.0,8,5,0
2025-08-20 12:00:00,CNC-002,69.8,1.49,151.7,1478.0,25.2,69.5,20281.0,8,50,0
2025-08-20 18:00:00,CNC-002,69.4,1.27,149.1,1470.0,24.4,72.1,20288.0,8,50,0
2025-08-21 00:00:00,CNC-002,69.4,1.34,151.5,1464.0,25.7,73.3,20293.0,8,51,0
2025-08-21 06:00:00,CNC-002,75.1,1.37,148.4,1473.0,25.8,71.5,20299.0,8,51,0
2025-08-21 12:00:00,CNC-002,72.2,1.28,150.3,1472.0,25.0,71.8,20305.0,8,6,0
2025-08-21 18:00:00,CNC-002,69.1,1.49,148.7,1469.0,25.5,72.1,20310.0,8,51,0
2025-08-22 00:00:00,CNC-002,71.5,1.41,149.6,1483.0,25.5,72.9,20315.0,8,52,0
2025-08-22 06:00:00,CNC-002,72.3,1.39,148.3,1462.0,26.4,70.5,20320.0,8,52,0
2025-08-22 12:00:00,CNC-002,70.6,1.28,151.6,1488.0,25.1,77.2,20327.0,8,7,0
2025-08-22 18:00:00,CNC-002,71.6,1.45,153.4,1484.0,25.9,74.9,20332.0,8,52,0
2025-08-23 00:00:00,CNC-002,71.2,1.35,149.9,1483.0,25.3,72.4,20338.0,8,53,0
2025-08-23 06:00:00,CNC-002,72.9,1.61,147.8,1478.0,25.8,67.8,20344.0,8,53,0
2025-08-23 12:00:00,CNC-002,72.3,1.38,151.9,1485.0,25.8,70.7,20350.0,8,8,0
2025-08-23 18:00:00,CNC-002,67.4,1.26,148.0,1476.0,24.6,69.3,20356.0,8,53,0
2025-08-24 00:00:00,CNC-002,70.1,1.42,148.2,1467.0,25.5,72.1,20360.0,8,54,0
2025-08-24 06:00:00,CNC-002,72.8,1.33,148.1,1464.0,24.6,71.1,20366.0,8,54,0
2025-08-24 12:00:00,CNC-002,69.5,1.28,149.0,1467.0,24.9,73.6,20373.0,8,54,0
2025-08-24 18:00:00,CNC-002,68.6,1.37,148.6,1467.0,25.3,71.8,20377.0,8,54,0
2025-08-25 00:00:00,CNC-002,71.6,1.27,151.5,1466.0,25.0,73.0,20383.0,8,10,0
2025-08-25 06:00:00,CNC-002,74.3,1.39,148.9,1475.0,25.3,74.0,20389.0,8,55,0
2025-08-25 12:00:00,CNC-002,72.5,1.38,150.6,1477.0,25.0,72.7,20395.0,8,55,0
2025-08-25 18:00:00,CNC-002,69.1,1.37,149.2,1455.0,24.8,68.0,20400.0,8,55,0
2025-08-26 00:00:00,CNC-002,70.5,1.33,153.1,1474.0,25.1,72.0,20406.0,8,56,0
2025-08-26 06:00:00,CNC-002,74.2,1.42,149.9,1481.0,25.8,72.2,20411.0,8,56,0
2025-08-26 12:00:00,CNC-002,71.5,1.27,151.7,1473.0,24.9,71.5,20415.0,8,11,0
2025-08-26 18:00:00,CNC-002,67.8,1.34,148.7,1472.0,25.3,71.2,20419.0,8,56,0
2025-08-27 00:00:00,CNC-002,72.7,1.33,148.5,1468.0,25.6,73.2,20423.0,8,57,0
2025-08-27 06:00:00,CNC-002,72.8,1.27,148.9,1476.0,25.0,74.2,20428.0,8,12,0
2025-08-27 12:00:00,CNC-002,69.0,1.35,147.2,1472.0,24.7,69.2,20433.0,8,12,0
2025-08-27 18:00:00,CNC-002,69.8,1.31,148.8,1480.0,24.7,73.1,20438.0,8,12,0
2025-08-28 00:00:00,CNC-002,71.1,1.38,150.3,1482.0,25.4,69.8,20445.0,8,58,0
2025-08-28 06:00:00,CNC-002,72.4,1.34,149.8,1478.0,25.0,72.1,20451.0,8,13,0
2025-08-28 12:00:00,CNC-002,72.4,1.55,149.2,1475.0,26.3,71.6,20456.0,8,58,0
2025-08-28 18:00:00,CNC-002,67.9,1.27,150.4,1451.0,25.1,77.2,20460.0,8,58,0
2025-08-29 00:00:00,CNC-002,72.3,1.34,149.9,1470.0,25.9,74.6,20465.0,8,59,0
2025-08-29 06:00:00,CNC-002,69.6,1.32,151.3,1487.0,25.4,71.2,20472.0,8,59,0
2025-08-29 12:00:00,CNC-002,70.2,1.71,146.8,1464.0,26.9,71.4,20477.0,8,14,0
2025-08-29 18:00:00,CNC-002,68.1,1.3,150.5,1476.0,24.9,69.8,20484.0,8,59,0
2025-08-30 00:00:00,CNC-002,70.8,1.28,150.4,1484.0,25.3,72.2,20490.0,8,60,0
2025-08-30 06:00:00,CNC-002,72.8,1.33,149.4,1476.0,25.9,74.2,20494.0,8,0,0
2025-08-30 12:00:00,CNC-002,71.8,1.26,147.3,1473.0,25.7,70.8,20498.0,8,60,0
2025-08-30 18:00:00,CNC-002,69.0,1.35,150.1,1472.0,24.3,73.5,20504.0,8,15,0
2025-08-31 00:00:00,CNC-002,71.7,1.27,153.6,1479.0,25.1,70.1,20509.0,8,61,0
2025-08-31 06:00:00,CNC-002,72.9,1.98,149.9,1461.0,26.9,75.1,20514.0,8,16,0
2025-08-31 12:00:00,CNC-002,70.9,1.34,149.8,1487.0,25.5,73.3,20519.0,8,61,0
2025-08-31 18:00:00,CNC-002,69.2,1.31,152.0,1472.0,25.1,74.0,20525.0,8,16,0
2025-09-01 00:00:00,CNC-002,74.3,1.35,153.0,1474.0,25.2,73.6,20531.0,8,62,0
2025-09-01 06:00:00,CNC-002,72.9,1.29,146.1,1476.0,25.7,64.5,20537.0,8,17,0
2025-09-01 12:00:00,CNC-002,68.6,1.32,150.2,1473.0,24.4,71.6,20542.0,8,2,0
2025-09-01 18:00:00,CNC-002,70.8,1.45,149.9,1474.0,26.1,74.7,20548.0,8,17,0
2025-09-02 00:00:00,CNC-002,69.2,1.46,152.8,1481.0,25.2,74.3,20554.0,8,63,0
2025-09-02 06:00:00,CNC-002,73.5,1.31,150.0,1475.0,25.7,71.2,20559.0,8,63,0
2025-09-02 12:00:00,CNC-002,70.7,1.46,152.1,1469.0,25.4,70.2,20565.0,8,18,0
2025-09-02 18:00:00,CNC-002,68.4,1.6,147.6,1459.0,25.1,71.7,20571.0,8,18,0
2025-09-03 00:00:00,CNC-002,70.9,1.27,152.4,1486.0,25.3,72.5,20575.0,8,19,0
2025-09-03 06:00:00,CNC-002,72.7,1.39,150.6,1460.0,25.3,70.4,20581.0,8,19,0
2025-09-03 12:00:00,CNC-002,70.5,1.49,149.2,1472.0,26.3,70.2,20586.0,8,19,0
2025-09-03 18:00:00,CNC-002,68.7,1.32,150.5,1468.0,25.2,72.7,20590.0,8,4,0
2025-09-04 00:00:00,CNC-002,68.4,1.4,151.4,1476.0,25.5,72.6,20596.0,8,5,0
2025-09-04 06:00:00,CNC-002,73.7,1.3,147.9,1479.0,26.3,70.7,20600.0,8,65,0
2025-09-04 12:00:00,CNC-002,69.4,1.48,150.6,1473.0,25.2,72.8,20606.0,8,5,0
2025-09-04 18:00:00,CNC-002,71.1,1.39,151.9,1472.0,25.0,73.2,20610.0,8,65,0
2025-09-05 00:00:00,CNC-002,68.9,1.42,150.5,1486.0,24.7,71.6,20615.0,8,21,0
2025-09-05 06:00:00,CNC-002,73.5,1.38,150.5,1464.0,25.7,69.7,20620.0,8,66,0
2025-09-05 12:00:00,CNC-002,70.4,1.29,149.8,1481.0,24.2,73.6,20625.0,8,21,0
2025-09-05 18:00:00,CNC-002,70.4,1.3,148.5,1473.0,26.0,70.0,20630.0,8,6,0
2025-09-06 00:00:00,CNC-002,70.8,1.33,150.2,1454.0,24.8,73.1,20634.0,8,67,0
2025-09-06 06:00:00,CNC-002,71.0,1.29,149.4,1467.0,25.6,73.7,20638.0,8,7,0
2025-09-06 12:00:00,CNC-002,72.5,1.32,149.2,1471.0,25.0,72.9,20643.0,8,67,0
2025-09-06 18:00:00,CNC-002,69.4,1.89,147.8,1465.0,27.0,70.6,20649.0,8,22,0
2025-09-07 00:00:00,CNC-002,70.4,1.42,149.3,1450.0,25.2,74.3,20653.0,8,8,0
2025-09-07 06:00:00,CNC-002,72.1,1.33,146.5,1463.0,25.8,73.1,20658.0,8,8,0
2025-09-07 12:00:00,CNC-002,70.2,1.29,149.8,1475.0,23.8,70.1,20662.0,8,23,0
2025-09-07 18:00:00,CNC-002,68.2,1.33,149.6,1470.0,25.0,69.4,20668.0,8,68,0
2025-09-08 00:00:00,CNC-002,71.3,1.56,148.3,1481.0,25.7,74.1,20674.0,8,69,0
2025-09-08 06:00:00,CNC-002,72.6,1.34,152.4,1469.0,25.2,71.8,20679.0,8,24,0
2025-09-08 12:00:00,CNC-002,72.2,1.4,146.1,1477.0,25.6,76.3,20684.0,8,24,0
2025-09-08 18:00:00,CNC-002,69.2,1.29,149.4,1472.0,25.6,70.6,20689.0,8,9,0
2025-09-09 00:00:00,CNC-002,69.9,1.41,148.7,1466.0,25.3,72.9,20694.0,8,25,0
2025-09-09 06:00:00,CNC-002,73.2,1.54,148.8,1474.0,25.8,73.9,20700.0,8,25,0
2025-09-09 12:00:00,CNC-002,71.4,1.55,148.2,1466.0,26.1,73.5,20705.0,8,25,0
2025-09-09 18:00:00,CNC-002,68.3,1.3,145.6,1477.0,24.3,73.0,20710.0,8,10,0
2025-09-10 00:00:00,CNC-002,70.2,1.34,149.5,1479.0,25.5,73.2,20715.0,8,26,0
2025-09-10 06:00:00,CNC-002,71.6,1.43,146.7,1474.0,24.7,77.3,20720.0,8,71,0
2025-09-10 12:00:00,CNC-002,71.1,1.29,149.6,1468.0,25.2,73.6,20724.0,8,71,0
2025-09-10 18:00:00,CNC-002,69.9,1.54,147.3,1478.0,25.3,73.7,20730.0,8,71,0
2025-09-11 00:00:00,CNC-002,72.8,1.3,148.7,1477.0,26.1,71.5,20735.0,8,12,0
2025-09-11 06:00:00,CNC-002,73.6,1.58,151.8,1479.0,25.1,71.5,20740.0,8,72,0
2025-09-11 12:00:00,CNC-002,71.5,1.28,148.1,1468.0,25.2,71.4,20745.0,8,72,0
2025-09-11 18:00:00,CNC-002,70.4,1.56,154.7,1475.0,24.7,71.3,20749.0,8,12,0
2025-09-12 00:00:00,CNC-002,74.5,1.6,149.1,1472.0,26.4,73.5,20754.0,8,28,0
2025-09-12 06:00:00,CNC-002,72.9,1.41,150.8,1483.0,25.9,71.3,20760.0,8,73,0
2025-09-12 12:00:00,CNC-002,71.0,1.29,148.1,1476.0,24.2,70.1,20765.0,8,13,0
2025-09-12 18:00:00,CNC-002,70.9,1.27,147.6,1484.0,25.4,73.2,20770.0,8,13,0
2025-09-13 00:00:00,CNC-002,70.9,1.27,148.1,1479.0,24.9,73.2,20776.0,8,29,0
2025-09-13 06:00:00,CNC-002,74.3,1.5,152.8,1496.0,26.4,71.5,20783.0,8,74,0
2025-09-13 12:00:00,CNC-002,69.2,1.47,148.2,1462.0,25.7,68.1,20788.0,8,74,0
2025-09-13 18:00:00,CNC-002,69.1,1.36,151.3,1478.0,24.4,72.0,20794.0,8,14,0
2025-09-14 00:00:00,CNC-002,70.9,1.35,150.0,1472.0,24.9,72.7,20799.0,8,30,0
2025-09-14 06:00:00,CNC-002,73.0,1.31,147.9,1470.0,26.3,73.6,20803.0,8,15,0
2025-09-14 12:00:00,CNC-002,71.9,1.36,146.2,1487.0,25.7,72.6,20808.0,8,75,0
2025-09-14 18:00:00,CNC-002,69.2,1.57,153.3,1476.0,26.1,71.5,20814.0,8,30,0
2025-09-15 00:00:00,CNC-002,70.1,1.37,152.2,1472.0,24.7,73.4,20820.0,8,76,0
2025-09-15 06:00:00,CNC-002,71.6,1.35,147.7,1466.0,25.2,73.0,20826.0,8,76,0
2025-09-15 12:00:00,CNC-002,70.7,1.27,150.6,1470.0,24.0,71.2,20830.0,8,76,0
2025-09-15 18:00:00,CNC-002,71.3,1.27,147.7,1477.0,24.9,73.9,20836.0,8,16,0
2025-09-16 00:00:00,CNC-002,71.7,1.9,147.0,1468.0,26.2,70.6,20842.0,8,17,0
2025-09-16 06:00:00,CNC-002,74.3,1.28,149.7,1470.0,25.7,73.4,20846.0,8,32,0
2025-09-16 12:00:00,CNC-002,72.1,1.27,149.5,1468.0,25.4,72.4,20853.0,8,17,0
2025-09-16 18:00:00,CNC-002,69.8,1.65,153.2,1471.0,26.1,73.4,20857.0,8,77,0
2025-09-17 00:00:00,CNC-002,70.6,1.71,149.8,1487.0,26.2,72.4,20862.0,8,78,0
2025-09-17 06:00:00,CNC-002,73.0,1.53,151.2,1471.0,25.7,71.3,20866.0,8,18,0
2025-09-17 12:00:00,CNC-002,72.7,1.35,151.7,1466.0,25.6,73.0,20871.0,8,78,0
2025-09-17 18:00:00,CNC-002,69.5,1.27,150.3,1467.0,24.5,75.9,20877.0,8,18,0
2025-09-18 00:00:00,CNC-002,69.1,1.44,150.5,1476.0,25.6,74.3,20882.0,8,19,0
2025-09-18 06:00:00,CNC-002,73.7,1.29,149.1,1476.0,26.4,73.5,20887.0,8,19,0
2025-09-18 12:00:00,CNC-002,70.9,1.33,150.6,1474.0,25.2,70.6,20892.0,8,34,0
2025-09-18 18:00:00,CNC-002,69.9,1.44,146.8,1482.0,26.5,70.3,20899.0,8,34,0
2025-09-19 00:00:00,CNC-002,70.6,1.29,150.5,1471.0,25.3,71.2,20904.0,8,80,0
2025-09-19 06:00:00,CNC-002,73.2,1.5,148.4,1472.0,25.9,74.1,20910.0,8,20,0
2025-09-19 12:00:00,CNC-002,71.2,1.29,148.6,1464.0,25.9,72.0,20916.0,8,20,0
2025-09-19 18:00:00,CNC-002,68.5,1.35,145.1,1477.0,25.7,69.1,20921.0,8,35,0
2025-09-20 00:00:00,CNC-002,72.0,1.82,147.9,1456.0,26.3,73.6,20925.0,8,36,0
2025-09-20 06:00:00,CNC-002,74.4,1.52,149.0,1456.0,26.8,68.9,20930.0,8,81,0
2025-09-20 12:00:00,CNC-002,71.7,1.51,147.5,1467.0,25.5,73.6,20935.0,8,21,0
2025-09-20 18:00:00,CNC-002,71.3,1.72,147.9,1465.0,25.9,70.6,20939.0,8,21,0
2025-09-21 00:00:00,CNC-002,72.4,2.02,149.8,1462.0,27.1,74.5,20945.0,8,37,0
2025-09-21 06:00:00,CNC-002,75.7,1.74,146.6,1467.0,27.9,77.9,20950.0,8,82,0
2025-09-21 12:00:00,CNC-002,72.2,1.61,145.4,1461.0,25.8,73.6,20957.0,8,37,0
2025-09-21 18:00:00,CNC-002,70.4,1.79,148.1,1466.0,26.1,74.0,20962.0,8,22,0
2025-09-22 00:00:00,CNC-002,74.3,2.26,146.1,1466.0,27.4,72.5,20969.0,8,83,0
2025-09-22 06:00:00,CNC-002,77.6,2.01,147.9,1470.0,28.3,73.7,20975.0,8,38,0
2025-09-22 12:00:00,CNC-002,77.1,2.33,144.2,1454.0,28.2,73.8,20981.0,8,83,0
2025-09-22 18:00:00,CNC-002,72.8,2.14,148.2,1453.0,27.9,75.9,20986.0,8,83,0
2025-09-23 00:00:00,CNC-002,74.2,2.46,143.4,1458.0,28.0,72.9,20993.0,8,84,0
2025-09-23 06:00:00,CNC-002,76.0,2.12,147.0,1464.0,28.7,75.9,20997.0,8,39,0
2025-09-23 12:00:00,CNC-002,78.0,2.71,147.3,1443.0,29.5,75.9,21002.0,8,39,0
2025-09-23 18:00:00,CNC-002,71.6,1.72,146.8,1465.0,26.7,74.7,21007.0,8,84,0
2025-09-24 00:00:00,CNC-002,73.4,2.42,144.4,1469.0,28.6,81.3,21011.0,8,40,0
2025-09-24 06:00:00,CNC-002,76.0,2.25,147.3,1455.0,28.5,71.3,21016.0,8,25,0
2025-09-24 12:00:00,CNC-002,73.2,2.78,147.8,1472.0,29.1,77.5,21021.0,8,85,0
2025-09-24 18:00:00,CNC-002,73.3,2.33,144.0,1453.0,27.8,77.5,21026.0,8,25,0
2025-09-25 00:00:00,CNC-002,75.6,2.35,145.9,1460.0,28.7,79.2,21031.0,8,86,0
2025-09-25 06:00:00,CNC-002,78.1,3.34,144.2,1447.0,31.5,77.0,21037.0,8,41,0
2025-09-25 12:00:00,CNC-002,75.0,2.17,142.9,1447.0,29.9,75.6,21041.0,8,26,0
2025-09-25 18:00:00,CNC-002,75.5,2.29,145.7,1433.0,28.5,76.8,21046.0,8,86,0
2025-09-26 00:00:00,CNC-002,79.5,3.12,144.9,1441.0,31.6,77.0,21050.0,8,27,1
2025-09-26 06:00:00,CNC-002,79.1,2.91,142.9,1447.0,31.0,79.4,21055.0,8,87,1
2025-09-26 12:00:00,CNC-002,72.8,2.97,144.4,1447.0,29.8,78.1,21060.0,8,42,1
2025-09-26 18:00:00,CNC-002,78.9,2.51,146.3,1454.0,28.8,75.3,21065.0,8,42,1
2025-09-27 00:00:00,CNC-002,78.2,3.48,149.2,1428.0,31.1,82.0,21069.0,8,88,1
2025-09-27 06:00:00,CNC-002,80.6,2.57,149.4,1456.0,30.5,75.5,21074.0,8,43,1
2025-09-27 12:00:00,CNC-002,75.1,3.07,143.4,1466.0,30.3,75.5,21079.0,8,43,1
2025-09-27 18:00:00,CNC-002,77.9,3.32,146.8,1447.0,32.2,79.7,21084.0,8,43,1
2025-09-28 00:00:00,CNC-002,79.1,3.46,142.8,1448.0,32.6,82.5,21089.0,8,29,1
2025-09-28 06:00:00,CNC-002,79.5,2.69,145.0,1432.0,31.0,79.1,21094.0,8,44,1
2025-09-28 12:00:00,CNC-002,81.9,3.4,146.0,1457.0,31.5,81.8,21099.0,8,89,1
2025-09-28 18:00:00,CNC-002,80.0,2.48,143.7,1460.0,31.2,74.9,21104.0,8,89,1
2025-09-29 00:00:00,CNC-002,82.6,3.75,145.7,1438.0,35.1,78.6,21110.0,8,30,1
2025-09-29 06:00:00,CNC-002,82.7,3.17,139.8,1450.0,31.3,75.6,21114.0,8,0,1
2025-09-29 12:00:00,CNC-002,80.3,3.28,143.8,1429.0,33.2,79.7,21121.0,8,30,1
2025-09-29 18:00:00,CNC-002,82.1,3.27,142.9,1453.0,33.2,77.5,21125.0,8,0,1
2025-09-30 00:00:00,CNC-002,80.1,3.59,138.1,1437.0,34.2,75.7,21130.0,8,31,1
2025-09-30 06:00:00,CNC-002,80.6,3.72,145.2,1441.0,32.6,77.1,21135.0,8,31,1
2025-09-30 12:00:00,CNC-002,86.3,3.74,138.0,1463.0,34.8,83.1,21141.0,8,31,1
2025-09-30 18:00:00,CNC-002,78.8,3.11,137.8,1428.0,33.5,80.3,21148.0,8,31,1
2025-10-01 00:00:00,CNC-002,83.1,3.77,138.2,1436.0,35.5,79.0,21152.0,8,2,1
2025-10-01 06:00:00,CNC-002,85.7,4.65,140.9,1432.0,35.4,79.5,21158.0,8,2,1
2025-10-01 12:00:00,CNC-002,84.7,3.12,140.9,1438.0,33.6,75.8,21164.0,8,32,1
2025-10-01 18:00:00,CNC-002,76.5,3.51,137.9,1422.0,33.4,79.6,21169.0,8,2,1
2025-10-02 00:00:00,CNC-002,85.8,3.58,135.3,1453.0,34.7,77.3,21174.0,8,3,1
2025-10-02 06:00:00,CNC-002,89.9,4.74,142.8,1443.0,39.1,81.7,21179.0,8,33,1
2025-10-02 12:00:00,CNC-002,84.0,4.15,148.5,1441.0,34.4,83.1,21185.0,8,3,1
2025-10-02 18:00:00,CNC-002,82.3,3.67,139.0,1437.0,33.0,80.7,21191.0,8,3,1
2025-10-03 00:00:00,CNC-002,73.0,1.64,150.7,1486.0,26.2,71.7,21195.0,8,34,0
2025-10-03 06:00:00,CNC-002,73.4,1.33,151.0,1474.0,26.4,71.8,21200.0,8,4,0
2025-10-03 12:00:00,CNC-002,72.0,1.64,147.0,1474.0,26.7,72.3,21206.0,8,34,0
2025-10-03 18:00:00,CNC-002,67.3,1.51,149.4,1461.0,25.6,71.7,21210.0,8,4,0
2025-10-04 00:00:00,CNC-002,70.2,1.47,153.5,1479.0,26.4,71.0,21215.0,8,35,0
2025-10-04 06:00:00,CNC-002,73.4,1.34,146.3,1463.0,25.0,70.2,21222.0,8,5,0
2025-10-04 12:00:00,CNC-002,71.2,1.79,150.8,1473.0,26.7,72.6,21227.0,8,5,0
2025-10-04 18:00:00,CNC-002,69.4,1.38,152.2,1473.0,24.6,75.5,21233.0,8,5,0
2025-10-05 00:00:00,CNC-002,69.3,1.37,149.9,1490.0,25.7,73.0,21239.0,8,6,0
2025-10-05 06:00:00,CNC-002,74.0,1.32,149.3,1467.0,26.1,72.1,21245.0,8,36,0
2025-10-05 12:00:00,CNC-002,70.4,1.32,151.3,1484.0,24.5,73.3,21251.0,8,6,0
2025-10-05 18:00:00,CNC-002,67.7,1.39,148.8,1475.0,25.1,75.0,21255.0,8,6,0
2025-10-06 00:00:00,CNC-002,72.4,1.41,148.5,1487.0,26.4,71.1,21260.0,8,7,0
2025-10-06 06:00:00,CNC-002,71.7,1.77,150.6,1474.0,24.8,70.6,21265.0,8,7,0
2025-10-06 12:00:00,CNC-002,71.6,1.35,148.2,1471.0,25.4,70.2,21271.0,8,7,0
2025-10-06 18:00:00,CNC-002,68.4,1.3,147.7,1475.0,25.2,74.7,21276.0,8,37,0
2025-10-07 00:00:00,CNC-002,71.3,1.36,149.8,1483.0,25.7,73.1,21280.0,8,38,0
2025-10-07 06:00:00,CNC-002,74.1,1.27,156.3,1478.0,24.6,71.9,21286.0,8,38,0
2025-10-07 12:00:00,CNC-002,71.7,1.32,147.2,1461.0,25.7,72.9,21291.0,8,38,0
2025-10-07 18:00:00,CNC-002,70.2,1.51,149.4,1480.0,24.5,69.9,21296.0,8,8,0
2025-10-08 00:00:00,CNC-002,69.9,1.78,150.2,1481.0,26.5,71.2,21303.0,8,39,0
2025-10-08 06:00:00,CNC-002,73.0,1.4,152.1,1474.0,25.9,68.8,21307.0,8,9,0
2025-10-08 12:00:00,CNC-002,69.2,1.28,149.9,1473.0,25.4,72.0,21312.0,8,39,0
2025-10-08 18:00:00,CNC-002,68.4,1.39,146.8,1489.0,25.0,71.6,21318.0,8,39,0
2025-10-09 00:00:00,CNC-002,71.4,1.33,150.4,1468.0,24.5,74.9,21322.0,8,10,0
2025-10-09 06:00:00,CNC-002,73.9,1.52,149.5,1477.0,26.1,74.8,21328.0,8,10,0
2025-10-09 12:00:00,CNC-002,71.3,1.33,150.2,1476.0,25.5,73.4,21333.0,8,10,0
2025-10-09 18:00:00,CNC-002,70.6,1.31,150.3,1468.0,25.4,70.9,21338.0,8,10,0
2025-10-10 00:00:00,CNC-002,71.7,1.41,151.0,1473.0,25.9,73.9,21343.0,8,11,0
2025-10-10 06:00:00,CNC-002,74.2,1.29,146.1,1478.0,25.1,70.8,21347.0,8,11,0
2025-10-10 12:00:00,CNC-002,70.3,1.41,149.5,1457.0,25.8,73.0,21351.0,8,11,0
2025-10-10 18:00:00,CNC-002,68.9,1.35,150.9,1476.0,24.1,71.3,21356.0,8,11,0
2025-10-11 00:00:00,CNC-002,69.9,1.27,147.3,1467.0,24.9,71.6,21360.0,8,42,0
2025-10-11 06:00:00,CNC-002,73.3,1.37,153.0,1471.0,25.9,70.0,21366.0,8,12,0
2025-10-11 12:00:00,CNC-002,70.7,1.31,151.8,1470.0,25.4,72.3,21370.0,8,42,0
2025-10-11 18:00:00,CNC-002,69.6,1.46,151.1,1482.0,25.4,70.4,21374.0,8,42,0
2025-10-12 00:00:00,CNC-002,71.9,1.59,147.6,1470.0,25.6,70.8,21379.0,8,43,0
2025-10-12 06:00:00,CNC-002,72.1,1.34,151.3,1471.0,24.5,73.1,21385.0,8,13,0
2025-10-12 12:00:00,CNC-002,70.1,1.29,149.2,1469.0,25.9,71.8,21391.0,8,43,0
2025-10-12 18:00:00,CNC-002,66.9,1.38,148.5,1478.0,25.3,72.6,21397.0,8,13,0
2025-10-13 00:00:00,CNC-002,67.7,1.4,147.9,1467.0,25.6,72.5,21401.0,8,14,0
2025-10-13 06:00:00,CNC-002,73.0,1.4,148.1,1476.0,25.9,71.2,21406.0,8,14,0
2025-10-13 12:00:00,CNC-002,70.1,1.4,151.4,1480.0,25.9,75.9,21412.0,8,14,0
2025-10-13 18:00:00,CNC-002,68.1,1.29,146.1,1454.0,25.0,74.3,21417.0,8,14,0
2025-10-14 00:00:00,CNC-002,69.5,1.32,150.9,1479.0,24.8,73.9,21423.0,8,45,0
2025-10-14 06:00:00,CNC-002,73.8,1.3,150.9,1466.0,25.7,70.9,21428.0,8,45,0
2025-10-14 12:00:00,CNC-002,70.6,1.83,149.0,1471.0,27.8,71.6,21432.0,8,15,0
2025-10-14 18:00:00,CNC-002,70.0,1.29,150.3,1472.0,25.3,73.2,21437.0,8,45,0
2025-10-15 00:00:00,CNC-002,70.3,1.36,149.8,1478.0,25.2,71.3,21442.0,8,16,0
2025-10-15 06:00:00,CNC-002,72.5,1.29,149.1,1467.0,25.1,71.7,21447.0,8,16,0
2025-10-15 12:00:00,CNC-002,70.8,1.35,148.2,1482.0,25.0,68.8,21451.0,8,16,0
2025-10-15 18:00:00,CNC-002,67.5,1.47,149.7,1481.0,24.6,68.2,21456.0,8,16,0
2025-10-16 00:00:00,CNC-002,67.5,1.36,153.8,1475.0,24.7,72.1,21462.0,8,17,0
2025-10-16 06:00:00,CNC-002,75.2,1.31,146.8,1486.0,25.8,70.0,21467.0,8,47,0
2025-10-16 12:00:00,CNC-002,71.1,1.61,147.0,1463.0,26.7,71.7,21472.0,8,17,0
2025-10-16 18:00:00,CNC-002,69.4,1.36,147.3,1461.0,24.7,67.7,21476.0,8,17,0
2025-10-17 00:00:00,CNC-002,70.9,1.41,149.8,1478.0,26.2,73.3,21481.0,8,18,0
2025-10-17 06:00:00,CNC-002,73.6,1.28,147.9,1471.0,24.9,72.8,21487.0,8,18,0
2025-10-17 12:00:00,CNC-002,70.7,1.7,149.8,1472.0,26.6,71.8,21493.0,8,18,0
2025-10-17 18:00:00,CNC-002,68.5,1.42,148.9,1472.0,23.8,70.4,21499.0,8,18,0
2025-10-18 00:00:00,CNC-002,71.4,1.75,149.1,1480.0,26.5,74.8,21504.0,8,49,0
2025-10-18 06:00:00,CNC-002,72.4,1.49,149.1,1454.0,25.8,73.6,21510.0,8,19,0
2025-10-18 12:00:00,CNC-002,71.7,2.22,148.3,1480.0,27.4,67.0,21514.0,8,19,0
2025-10-18 18:00:00,CNC-002,68.8,1.64,149.6,1464.0,26.1,75.2,21521.0,8,19,0
2025-10-19 00:00:00,CNC-002,70.3,1.88,149.6,1472.0,26.6,75.9,21526.0,8,50,0
2025-10-19 06:00:00,CNC-002,74.8,2.04,147.2,1485.0,27.5,71.8,21530.0,8,20,0
2025-10-19 12:00:00,CNC-002,73.7,1.72,149.3,1458.0,26.5,72.1,21537.0,8,20,0
2025-10-19 18:00:00,CNC-002,69.7,1.95,147.3,1464.0,26.2,76.1,21541.0,8,50,0
2025-10-20 00:00:00,CNC-002,74.2,2.19,150.6,1475.0,28.4,72.1,21547.0,8,21,0
2025-10-20 06:00:00,CNC-002,74.7,1.93,150.5,1469.0,27.4,71.3,21552.0,8,51,0
2025-10-20 12:00:00,CNC-002,73.8,1.96,147.5,1458.0,28.0,77.9,21556.0,8,21,0
2025-10-20 18:00:00,CNC-002,70.9,1.76,145.7,1471.0,25.8,73.2,21561.0,8,51,0
2025-10-21 00:00:00,CNC-002,74.4,1.99,148.1,1459.0,27.5,74.8,21566.0,8,52,0
2025-10-21 06:00:00,CNC-002,77.3,1.82,145.6,1463.0,27.8,76.9,21570.0,8,22,0
2025-10-21 12:00:00,CNC-002,75.6,2.17,144.2,1474.0,28.0,73.2,21576.0,8,22,0
2025-10-21 18:00:00,CNC-002,72.5,1.96,147.4,1455.0,27.2,76.0,21582.0,8,22,0
2025-10-22 00:00:00,CNC-002,73.8,2.5,146.1,1448.0,28.2,76.9,21587.0,8,23,0
2025-10-22 06:00:00,CNC-002,74.6,2.24,147.1,1463.0,29.2,78.4,21592.0,8,23,0
2025-10-22 12:00:00,CNC-002,74.8,2.1,145.9,1467.0,28.4,80.3,21597.0,8,23,0
2025-10-22 18:00:00,CNC-002,70.1,2.49,149.3,1459.0,27.8,79.2,21602.0,8,23,0
2025-10-23 00:00:00,CNC-002,74.3,2.83,150.5,1466.0,29.8,77.6,21606.0,8,24,0
2025-10-23 06:00:00,CNC-002,78.1,2.82,146.3,1465.0,31.2,77.4,21611.0,8,24,0
2025-10-23 12:00:00,CNC-002,77.7,3.48,148.1,1457.0,32.1,74.5,21616.0,8,24,0
2025-10-23 18:00:00,CNC-002,77.6,2.17,146.8,1433.0,28.8,70.9,21620.0,8,24,0
2025-10-24 00:00:00,CNC-002,74.2,2.6,146.6,1449.0,28.7,76.4,21624.0,8,25,1
2025-10-24 06:00:00,CNC-002,76.7,2.64,147.4,1455.0,30.3,76.4,21629.0,8,25,1
2025-10-24 12:00:00,CNC-002,77.1,3.29,147.5,1473.0,31.4,78.4,21633.0,8,25,1
2025-10-24 18:00:00,CNC-002,73.6,3.38,143.5,1455.0,31.6,81.3,21638.0,8,25,1
2025-10-25 00:00:00,CNC-002,78.5,3.45,142.6,1452.0,33.5,81.4,21643.0,8,56,1
2025-10-25 06:00:00,CNC-002,80.2,2.82,142.6,1434.0,30.1,74.9,21649.0,8,56,1
2025-10-25 12:00:00,CNC-002,80.1,3.4,139.9,1427.0,32.2,78.0,21655.0,8,26,1
2025-10-25 18:00:00,CNC-002,71.6,3.08,143.7,1453.0,31.7,79.8,21661.0,8,26,1
2025-10-26 00:00:00,CNC-002,74.6,2.37,142.9,1451.0,28.0,75.2,21666.0,8,27,1
2025-10-26 06:00:00,CNC-002,83.7,3.64,137.6,1465.0,33.8,80.2,21671.0,8,27,1
2025-10-26 12:00:00,CNC-002,75.5,3.74,140.9,1451.0,32.4,79.3,21677.0,8,27,1
2025-10-26 18:00:00,CNC-002,78.1,2.76,148.1,1451.0,29.9,83.5,21682.0,8,27,1
2025-10-27 00:00:00,CNC-002,81.1,4.22,148.4,1454.0,33.8,74.6,21688.0,8,58,1
2025-10-27 06:00:00,CNC-002,82.2,3.99,143.3,1444.0,32.5,80.3,21692.0,8,28,1
2025-10-27 12:00:00,CNC-002,81.4,3.55,146.0,1447.0,32.5,76.0,21697.0,8,28,1
2025-10-27 18:00:00,CNC-002,81.1,2.87,149.3,1454.0,31.5,83.2,21702.0,8,28,1
2025-10-28 00:00:00,CNC-002,80.7,3.18,140.9,1448.0,31.2,80.2,21706.0,8,29,1
2025-10-28 06:00:00,CNC-002,80.7,3.75,140.8,1449.0,32.3,86.5,21710.0,8,59,1
2025-10-28 12:00:00,CNC-002,82.5,4.29,141.3,1439.0,35.0,76.3,21717.0,8,59,1
2025-10-28 18:00:00,CNC-002,80.5,3.95,143.8,1433.0,34.8,79.2,21722.0,8,59,1
2025-10-29 00:00:00,CNC-002,81.1,3.03,143.1,1452.0,32.3,78.7,21726.0,8,0,1
2025-10-29 06:00:00,CNC-002,83.3,4.5,143.3,1439.0,35.6,79.6,21731.0,8,30,1
2025-10-29 12:00:00,CNC-002,84.8,3.23,139.7,1440.0,33.0,78.4,21735.0,8,30,1
2025-10-29 18:00:00,CNC-002,79.2,4.22,136.3,1428.0,34.7,86.4,21740.0,8,30,1
2025-10-30 00:00:00,CNC-002,81.3,3.71,146.6,1457.0,34.1,84.9,21744.0,8,31,1
2025-10-30 06:00:00,CNC-002,84.8,3.51,139.7,1413.0,34.9,88.2,21748.0,8,31,1
2025-10-30 12:00:00,CNC-002,87.3,3.86,138.5,1456.0,34.7,77.1,21753.0,8,31,1
2025-10-30 18:00:00,CNC-002,78.4,4.91,141.3,1433.0,35.7,88.5,21759.0,8,31,1
2025-10-31 00:00:00,CNC-002,77.8,3.72,136.2,1435.0,33.1,80.8,21763.0,8,32,1
2025-10-31 06:00:00,CNC-002,84.7,3.12,143.1,1449.0,32.4,78.2,21769.0,8,32,1
2025-10-31 12:00:00,CNC-002,78.8,3.17,147.2,1434.0,31.4,74.5,21775.0,8,32,1
2025-10-31 18:00:00,CNC-002,79.2,2.93,140.8,1441.0,32.5,77.3,21780.0,8,32,1
2025-11-01 00:00:00,CNC-002,83.4,4.33,140.2,1432.0,36.5,77.7,21787.0,8,33,1
2025-11-01 06:00:00,CNC-002,89.1,3.97,144.3,1460.0,33.8,79.2,21793.0,8,3,1
2025-11-01 12:00:00,CNC-002,84.8,3.37,141.0,1439.0,34.3,78.9,21799.0,8,33,1
2025-11-01 18:00:00,CNC-002,75.7,4.11,135.6,1442.0,34.0,83.0,21805.0,8,33,1
2025-11-02 00:00:00,CNC-002,84.1,3.83,143.8,1432.0,34.7,82.7,21810.0,8,34,1
2025-11-02 06:00:00,CNC-002,82.3,3.93,134.8,1415.0,31.6,83.6,21816.0,8,34,1
2025-11-02 12:00:00,CNC-002,79.7,4.35,142.0,1424.0,35.1,86.1,21821.0,8,4,1
2025-11-02 18:00:00,CNC-002,81.4,3.07,137.2,1443.0,31.7,84.1,21826.0,8,4,1
2025-11-03 00:00:00,CNC-002,78.3,2.89,133.3,1445.0,32.2,78.8,21831.0,8,35,1
2025-11-03 06:00:00,CNC-002,81.9,4.19,135.2,1452.0,35.5,87.4,21835.0,8,35,1
2025-11-03 12:00:00,CNC-002,82.0,4.17,144.2,1458.0,35.5,80.7,21841.0,8,5,1
2025-11-03 18:00:00,CNC-002,76.2,4.68,138.6,1417.0,36.9,81.9,21846.0,8,5,1
2025-11-04 00:00:00,CNC-002,71.5,1.31,148.9,1464.0,26.0,73.4,21852.0,8,6,0
2025-11-04 06:00:00,CNC-002,73.0,1.29,149.8,1482.0,24.7,74.0,21857.0,8,6,0
2025-11-04 12:00:00,CNC-002,71.6,1.37,149.4,1481.0,25.8,70.5,21864.0,8,36,0
2025-11-04 18:00:00,CNC-002,68.5,1.31,150.5,1477.0,24.1,72.6,21870.0,8,6,0
2025-11-05 00:00:00,CNC-002,70.0,1.33,149.8,1483.0,25.1,72.6,21876.0,8,37,0
2025-11-05 06:00:00,CNC-002,74.3,1.35,150.6,1485.0,26.1,70.7,21881.0,8,37,0
2025-11-05 12:00:00,CNC-002,71.0,1.59,150.0,1471.0,26.2,73.0,21887.0,8,37,0
2025-11-05 18:00:00,CNC-002,67.4,1.56,148.8,1475.0,24.6,70.2,21893.0,8,37,0
2025-11-06 00:00:00,CNC-002,71.1,1.49,150.6,1481.0,25.2,73.0,21899.0,8,38,0
2025-11-06 06:00:00,CNC-002,72.7,1.28,150.8,1477.0,25.9,71.5,21903.0,8,38,0
2025-11-06 12:00:00,CNC-002,69.4,1.42,148.1,1475.0,25.1,69.5,21907.0,8,8,0
2025-11-06 18:00:00,CNC-002,67.4,1.27,149.2,1469.0,24.4,68.6,21913.0,8,8,0
2025-11-07 00:00:00,CNC-002,68.4,1.37,148.1,1465.0,25.6,71.1,21918.0,8,39,0
2025-11-07 06:00:00,CNC-002,71.3,1.42,150.9,1483.0,25.5,69.8,21925.0,8,39,0
2025-11-07 12:00:00,CNC-002,69.5,1.77,149.7,1487.0,26.7,67.7,21929.0,8,39,0
2025-11-07 18:00:00,CNC-002,69.5,1.62,153.2,1463.0,25.2,74.6,21935.0,8,39,0
2025-11-08 00:00:00,CNC-002,73.1,1.43,150.5,1477.0,26.3,70.0,21939.0,8,10,0
2025-11-08 06:00:00,CNC-002,72.0,1.37,154.5,1462.0,25.5,75.9,21944.0,8,40,0
2025-11-08 12:00:00,CNC-002,70.8,1.47,149.1,1484.0,25.8,71.8,21950.0,8,40,0
2025-11-08 18:00:00,CNC-002,68.0,1.48,153.5,1468.0,25.1,73.3,21955.0,8,40,0
2025-11-09 00:00:00,CNC-002,70.6,1.6,149.7,1471.0,26.2,72.8,21961.0,8,41,0
2025-11-09 06:00:00,CNC-002,73.2,1.3,149.3,1473.0,25.2,70.3,21966.0,8,11,0
2025-11-09 12:00:00,CNC-002,67.4,1.31,150.3,1472.0,24.2,73.5,21972.0,8,41,0
2025-11-09 18:00:00,CNC-002,68.5,1.34,149.0,1485.0,25.4,73.9,21977.0,8,41,0
2025-11-10 00:00:00,CNC-002,70.1,1.31,148.4,1472.0,25.0,72.9,21981.0,8,42,0
2025-11-10 06:00:00,CNC-002,72.1,1.27,147.2,1467.0,25.5,74.3,21987.0,8,42,0
2025-11-10 12:00:00,CNC-002,71.1,1.27,147.6,1466.0,24.8,72.1,21994.0,8,12,0
2025-11-10 18:00:00,CNC-002,70.5,1.31,152.5,1465.0,25.2,73.8,22000.0,8,12,0
2025-11-11 00:00:00,CNC-002,69.9,1.3,152.0,1466.0,25.2,71.2,22004.0,8,13,0
2025-11-11 06:00:00,CNC-002,72.3,1.43,147.8,1459.0,25.7,73.6,22009.0,8,13,0
2025-11-11 12:00:00,CNC-002,69.9,1.34,149.9,1468.0,24.1,74.4,22014.0,8,43,0
2025-11-11 18:00:00,CNC-002,68.1,1.54,148.2,1454.0,25.2,73.6,22020.0,8,43,0
2025-11-12 00:00:00,CNC-002,71.0,1.28,152.0,1473.0,25.6,70.2,22026.0,8,44,0
2025-11-12 06:00:00,CNC-002,70.6,1.27,148.3,1464.0,25.4,74.2,22030.0,8,44,0
2025-11-12 12:00:00,CNC-002,69.5,1.33,146.5,1475.0,26.0,72.6,22036.0,8,14,0
2025-11-12 18:00:00,CNC-002,69.4,1.46,151.4,1488.0,25.3,73.1,22041.0,8,44,0
2025-11-13 00:00:00,CNC-002,70.6,1.38,151.0,1467.0,25.5,72.3,22045.0,8,0,0
2025-11-13 06:00:00,CNC-002,73.4,1.29,149.7,1462.0,25.2,74.7,22051.0,8,15,0
2025-11-13 12:00:00,CNC-002,71.1,1.5,148.9,1474.0,25.9,74.2,22057.0,8,45,0
2025-11-13 18:00:00,CNC-002,66.0,1.35,149.3,1472.0,25.5,73.1,22062.0,8,45,0
2025-11-14 00:00:00,CNC-002,71.2,1.98,151.1,1464.0,25.5,71.8,22068.0,8,46,0
2025-11-14 06:00:00,CNC-002,71.1,1.39,152.3,1470.0,24.9,71.1,22074.0,8,46,0
2025-11-14 12:00:00,CNC-002,67.6,1.48,151.4,1479.0,24.7,74.4,22079.0,8,1,0
2025-11-14 18:00:00,CNC-002,68.2,1.39,148.8,1476.0,24.5,72.4,22084.0,8,1,0
2025-11-15 00:00:00,CNC-002,69.8,1.31,149.1,1479.0,25.2,76.5,22089.0,8,2,0
2025-11-15 06:00:00,CNC-002,71.9,1.33,149.4,1477.0,25.0,70.6,22094.0,8,2,0
2025-11-15 12:00:00,CNC-002,71.2,1.46,148.9,1476.0,25.9,72.9,22098.0,8,2,0
2025-11-15 18:00:00,CNC-002,67.6,1.29,146.4,1471.0,25.1,70.4,22104.0,8,17,0
2025-11-16 00:00:00,CNC-002,69.8,1.58,151.5,1462.0,24.5,72.6,22110.0,8,3,0
2025-11-16 06:00:00,CNC-002,70.5,1.33,149.7,1487.0,24.9,73.8,22115.0,8,48,0
2025-11-16 12:00:00,CNC-002,68.8,1.28,148.6,1498.0,24.4,73.0,22121.0,8,48,0
2025-11-16 18:00:00,CNC-002,68.2,1.43,149.2,1468.0,24.9,75.0,22125.0,8,18,0
2025-11-17 00:00:00,CNC-002,69.6,1.34,151.3,1473.0,25.2,73.2,22129.0,8,49,0
2025-11-17 06:00:00,CNC-002,72.9,1.28,148.9,1471.0,25.9,75.0,22134.0,8,4,0
2025-11-17 12:00:00,CNC-002,68.5,1.77,147.1,1487.0,24.7,73.9,22140.0,8,4,0
2025-11-17 18:00:00,CNC-002,66.0,1.31,149.8,1462.0,24.1,68.7,22145.0,8,19,0
2025-11-18 00:00:00,CNC-002,68.1,1.67,152.6,1483.0,25.1,70.8,22151.0,8,20,0
2025-11-18 06:00:00,CNC-002,69.4,1.54,151.0,1463.0,24.6,69.8,22156.0,8,5,0
2025-11-18 12:00:00,CNC-002,69.0,1.29,150.2,1489.0,24.0,70.9,22162.0,8,50,0
2025-11-18 18:00:00,CNC-002,67.4,1.4,149.4,1481.0,24.7,72.4,22167.0,8,50,0
2025-11-19 00:00:00,CNC-002,67.5,1.36,149.4,1470.0,25.1,74.3,22172.0,8,51,0
2025-11-19 06:00:00,CNC-002,73.0,1.3,153.0,1472.0,25.9,73.0,22177.0,8,51,0
2025-11-19 12:00:00,CNC-002,70.1,1.38,149.1,1463.0,25.4,72.2,22182.0,8,6,0
2025-11-19 18:00:00,CNC-002,70.1,1.44,149.6,1471.0,24.6,73.6,22187.0,8,6,0
2025-11-20 00:00:00,CNC-002,68.7,1.4,151.5,1473.0,25.5,72.0,22191.0,8,7,0
2025-11-20 06:00:00,CNC-002,71.5,1.85,147.4,1464.0,27.0,68.2,22196.0,8,22,0
2025-11-20 12:00:00,CNC-002,68.8,1.96,153.2,1465.0,27.0,74.5,22202.0,8,22,0
2025-11-20 18:00:00,CNC-002,66.8,1.29,150.4,1479.0,24.4,69.3,22208.0,8,22,0
2025-11-21 00:00:00,CNC-002,70.0,1.62,151.5,1476.0,26.3,71.7,22212.0,8,8,0
2025-11-21 06:00:00,CNC-002,72.1,1.4,145.6,1469.0,24.7,69.4,22218.0,8,23,0
2025-11-21 12:00:00,CNC-002,69.3,1.34,147.6,1474.0,24.4,68.7,22223.0,8,23,0
2025-11-21 18:00:00,CNC-002,66.9,1.43,149.1,1446.0,26.6,71.9,22228.0,8,8,0
2025-11-22 00:00:00,CNC-002,68.5,1.54,149.3,1461.0,24.8,71.6,22232.0,8,24,0
2025-11-22 06:00:00,CNC-002,74.6,1.82,147.7,1463.0,26.9,71.3,22238.0,8,54,0
2025-11-22 12:00:00,CNC-002,66.5,1.32,150.6,1461.0,25.0,68.6,22244.0,8,54,0
2025-11-22 18:00:00,CNC-002,69.6,1.37,152.1,1476.0,25.0,73.8,22250.0,8,9,0
2025-11-23 00:00:00,CNC-002,69.8,1.54,146.6,1468.0,26.4,70.5,22256.0,8,10,0
2025-11-23 06:00:00,CNC-002,69.8,1.37,147.3,1479.0,25.7,73.0,22261.0,8,55,0
2025-11-23 12:00:00,CNC-002,69.4,1.29,147.2,1484.0,25.2,70.3,22267.0,8,55,0
2025-11-23 18:00:00,CNC-002,65.5,1.29,153.3,1484.0,23.6,75.4,22272.0,8,10,0
2025-11-24 00:00:00,CNC-002,70.1,1.41,145.5,1465.0,24.4,71.3,22277.0,8,26,0
2025-11-24 06:00:00,CNC-002,70.2,1.29,149.4,1474.0,25.3,71.4,22284.0,8,56,0
2025-11-24 12:00:00,CNC-002,68.3,1.64,151.5,1458.0,25.2,72.3,22288.0,8,56,0
2025-11-24 18:00:00,CNC-002,69.1,1.31,143.9,1475.0,24.3,75.1,22292.0,8,26,0
2025-11-25 00:00:00,CNC-002,70.3,1.46,148.0,1479.0,25.8,72.3,22296.0,8,57,0
2025-11-25 06:00:00,CNC-002,70.2,1.33,151.1,1466.0,24.8,72.8,22301.0,8,57,0
2025-11-25 12:00:00,CNC-002,69.0,1.37,151.6,1474.0,24.9,69.9,22308.0,8,27,0
2025-11-25 18:00:00,CNC-002,68.7,1.35,148.2,1469.0,25.5,70.4,22314.0,8,27,0
2025-11-26 00:00:00,CNC-002,71.0,1.36,150.5,1472.0,25.3,70.4,22319.0,8,13,0
2025-11-26 06:00:00,CNC-002,71.9,1.49,152.3,1478.0,25.4,71.7,22323.0,8,58,0
2025-11-26 12:00:00,CNC-002,69.3,1.32,150.4,1475.0,26.0,72.4,22330.0,8,28,0
2025-11-26 18:00:00,CNC-002,66.9,1.51,150.4,1470.0,25.5,74.0,22335.0,8,13,0
2025-11-27 00:00:00,CNC-002,69.8,1.42,149.0,1478.0,25.5,70.7,22342.0,8,59,0
2025-11-27 06:00:00,CNC-002,71.9,1.71,150.8,1486.0,26.6,72.7,22346.0,8,14,0
2025-11-27 12:00:00,CNC-002,68.4,1.31,148.4,1467.0,25.4,74.0,22351.0,8,29,0
2025-11-27 18:00:00,CNC-002,64.8,1.27,150.9,1482.0,24.6,72.7,22358.0,8,14,0
2025-11-28 00:00:00,CNC-002,68.3,1.84,148.9,1472.0,26.3,74.3,22364.0,8,60,0
2025-11-28 06:00:00,CNC-002,68.6,1.32,148.6,1480.0,24.6,70.9,22368.0,8,60,0
2025-11-28 12:00:00,CNC-002,69.6,1.28,151.5,1462.0,25.3,71.9,22374.0,8,60,0
2025-11-28 18:00:00,CNC-002,67.3,1.7,148.5,1482.0,25.4,74.7,22379.0,8,60,0
2025-11-29 00:00:00,CNC-002,71.0,1.3,153.1,1456.0,24.5,71.1,22385.0,8,31,0
2025-11-29 06:00:00,CNC-002,72.0,1.27,152.4,1482.0,24.9,72.2,22389.0,8,61,0
2025-11-29 12:00:00,CNC-002,70.2,1.38,149.8,1473.0,25.8,70.6,22396.0,8,31,0
2025-11-29 18:00:00,CNC-002,64.9,1.35,150.3,1480.0,23.7,71.2,22402.0,8,61,0
2025-11-30 00:00:00,CNC-002,69.8,1.33,148.7,1475.0,25.6,71.4,22406.0,8,62,0
2025-11-30 06:00:00,CNC-002,70.6,1.38,148.8,1482.0,25.1,74.0,22412.0,8,17,0
2025-11-30 12:00:00,CNC-002,66.2,1.44,150.1,1480.0,25.0,70.3,22417.0,8,62,0
2025-11-30 18:00:00,CNC-002,67.1,2.15,147.8,1465.0,26.5,73.5,22422.0,8,17,0
2025-12-01 00:00:00,CNC-002,69.1,1.4,150.0,1477.0,25.3,72.6,22428.0,8,33,0
2025-12-01 06:00:00,CNC-002,71.0,1.35,148.2,1482.0,25.2,70.2,22433.0,8,18,0
2025-12-01 12:00:00,CNC-002,69.0,1.34,150.0,1467.0,24.8,69.4,22439.0,8,63,0
2025-12-01 18:00:00,CNC-002,67.6,1.26,148.8,1482.0,24.9,70.6,22445.0,8,33,0
2025-12-02 00:00:00,CNC-002,69.0,1.33,151.0,1483.0,24.9,72.8,22450.0,8,34,0
2025-12-02 06:00:00,CNC-002,70.3,1.33,148.5,1456.0,25.2,70.6,22454.0,8,64,0
2025-12-02 12:00:00,CNC-002,67.3,1.39,150.9,1478.0,24.7,71.6,22459.0,8,64,0
2025-12-02 18:00:00,CNC-002,65.8,1.7,146.3,1458.0,24.9,75.3,22465.0,8,34,0
2025-12-03 00:00:00,CNC-002,67.4,1.71,150.7,1483.0,25.3,72.1,22470.0,8,65,0
2025-12-03 06:00:00,CNC-002,71.8,1.56,147.0,1482.0,24.7,71.2,22476.0,8,65,0
2025-12-03 12:00:00,CNC-002,67.8,1.3,147.7,1473.0,24.2,72.2,22480.0,8,65,0
2025-12-03 18:00:00,CNC-002,67.1,1.38,151.9,1451.0,24.7,70.9,22485.0,8,35,0
2025-12-04 00:00:00,CNC-002,69.5,1.39,148.8,1467.0,25.7,71.4,22491.0,8,36,0
2025-12-04 06:00:00,CNC-002,69.7,1.49,150.0,1467.0,25.3,71.9,22496.0,8,36,0
2025-12-04 12:00:00,CNC-002,68.6,1.58,148.2,1451.0,26.4,73.2,22502.0,8,66,0
2025-12-04 18:00:00,CNC-002,67.3,1.31,150.4,1468.0,24.7,73.5,22509.0,8,21,0
2025-12-05 00:00:00,CNC-002,67.8,1.45,145.2,1455.0,25.3,70.3,22513.0,8,67,0
2025-12-05 06:00:00,CNC-002,72.8,1.49,148.4,1475.0,25.9,70.8,22518.0,8,67,0
2025-12-05 12:00:00,CNC-002,69.6,1.39,146.4,1487.0,26.5,67.4,22524.0,8,67,0
2025-12-05 18:00:00,CNC-002,64.8,1.32,151.7,1471.0,24.4,74.3,22530.0,8,37,0
2025-12-06 00:00:00,CNC-002,68.5,1.64,152.5,1472.0,25.6,69.9,22536.0,8,23,0
2025-12-06 06:00:00,CNC-002,71.4,1.33,150.2,1478.0,24.8,66.9,22540.0,8,68,0
2025-12-06 12:00:00,CNC-002,68.5,1.33,148.3,1474.0,23.4,70.2,22545.0,8,23,0
2025-12-06 18:00:00,CNC-002,65.4,1.58,152.6,1469.0,25.6,70.2,22551.0,8,38,0
2025-12-07 00:00:00,CNC-002,68.4,1.29,152.6,1473.0,24.2,76.1,22557.0,8,39,0
2025-12-07 06:00:00,CNC-002,71.0,1.31,148.9,1464.0,25.0,67.1,22561.0,8,69,0
2025-12-07 12:00:00,CNC-002,69.1,1.32,151.7,1479.0,25.1,74.3,22567.0,8,24,0
2025-12-07 18:00:00,CNC-002,66.0,1.49,151.5,1473.0,25.2,66.5,22573.0,8,39,0
2025-12-08 00:00:00,CNC-002,68.4,1.33,152.4,1466.0,25.3,72.0,22577.0,8,70,0
2025-12-08 06:00:00,CNC-002,71.4,1.35,148.0,1467.0,24.9,70.8,22582.0,8,25,0
2025-12-08 12:00:00,CNC-002,69.7,1.33,149.9,1478.0,24.9,70.2,22588.0,8,25,0
2025-12-08 18:00:00,CNC-002,66.3,1.29,150.2,1466.0,25.4,71.2,22595.0,8,40,0
2025-12-09 00:00:00,CNC-002,69.5,1.37,151.8,1477.0,25.8,74.9,22599.0,8,71,0
2025-12-09 06:00:00,CNC-002,69.3,1.45,149.6,1464.0,25.2,72.3,22604.0,8,41,0
2025-12-09 12:00:00,CNC-002,69.1,1.32,148.1,1473.0,25.6,72.2,22608.0,8,71,0
2025-12-09 18:00:00,CNC-002,67.8,1.55,150.4,1456.0,25.4,73.3,22613.0,8,26,0
2025-12-10 00:00:00,CNC-002,68.7,1.31,146.7,1475.0,23.7,69.8,22619.0,8,27,0
2025-12-10 06:00:00,CNC-002,71.6,1.59,151.0,1481.0,25.4,71.6,22625.0,8,27,0
2025-12-10 12:00:00,CNC-002,69.7,1.37,146.7,1470.0,25.7,70.4,22631.0,8,42,0
2025-12-10 18:00:00,CNC-002,65.5,1.7,148.8,1467.0,24.5,75.0,22638.0,8,72,0
2025-12-11 00:00:00,CNC-002,71.4,1.45,149.5,1474.0,25.8,71.0,22643.0,8,43,0
2025-12-11 06:00:00,CNC-002,70.3,1.41,147.7,1469.0,25.7,73.4,22648.0,8,73,0
2025-12-11 12:00:00,CNC-002,69.0,1.36,154.8,1463.0,25.5,70.3,22653.0,8,73,0
2025-12-11 18:00:00,CNC-002,66.2,1.37,152.2,1465.0,24.9,72.0,22659.0,8,28,0
2025-12-12 00:00:00,CNC-002,67.4,1.31,149.1,1469.0,24.9,75.9,22666.0,8,29,0
2025-12-12 06:00:00,CNC-002,71.1,1.37,149.1,1465.0,25.2,74.0,22671.0,8,44,0
2025-12-12 12:00:00,CNC-002,69.7,1.31,146.4,1472.0,24.4,71.4,22677.0,8,74,0
2025-12-12 18:00:00,CNC-002,65.4,1.54,149.7,1461.0,25.3,70.0,22682.0,8,29,0
2025-12-13 00:00:00,CNC-002,67.3,1.57,148.8,1484.0,26.0,72.8,22689.0,8,30,0
2025-12-13 06:00:00,CNC-002,70.3,1.31,152.6,1487.0,25.6,68.9,22693.0,8,30,0
2025-12-13 12:00:00,CNC-002,67.7,1.63,150.0,1471.0,25.7,71.8,22698.0,8,30,0
2025-12-13 18:00:00,CNC-002,67.7,1.27,151.1,1479.0,24.4,75.1,22702.0,8,45,0
2025-12-14 00:00:00,CNC-002,68.6,1.38,153.8,1467.0,25.2,74.7,22707.0,8,46,0
2025-12-14 06:00:00,CNC-002,69.9,1.37,150.2,1475.0,25.6,70.3,22712.0,8,46,0
2025-12-14 12:00:00,CNC-002,68.0,1.34,145.6,1473.0,24.2,72.0,22717.0,8,31,0
2025-12-14 18:00:00,CNC-002,65.5,1.43,154.5,1483.0,24.8,71.4,22723.0,8,76,0
2025-12-15 00:00:00,CNC-002,65.8,1.49,149.5,1464.0,24.0,72.0,22728.0,8,47,0
2025-12-15 06:00:00,CNC-002,71.6,1.54,150.2,1478.0,26.0,73.0,22733.0,8,32,0
2025-12-15 12:00:00,CNC-002,67.6,1.48,150.7,1473.0,24.9,72.0,22739.0,8,77,0
2025-12-15 18:00:00,CNC-002,66.2,1.28,148.2,1461.0,23.9,70.9,22744.0,8,77,0
2025-12-16 00:00:00,CNC-002,69.1,1.44,148.5,1476.0,24.7,72.1,22749.0,8,48,0
2025-12-16 06:00:00,CNC-002,70.3,1.34,149.6,1455.0,25.0,71.1,22755.0,8,48,0
2025-12-16 12:00:00,CNC-002,68.7,1.97,154.7,1469.0,26.4,74.9,22760.0,8,33,0
2025-12-16 18:00:00,CNC-002,67.8,1.8,146.9,1472.0,25.7,72.1,22765.0,8,48,0
2025-12-17 00:00:00,CNC-002,68.9,1.33,151.0,1464.0,24.4,73.2,22769.0,8,49,0
2025-12-17 06:00:00,CNC-002,73.2,1.32,150.4,1468.0,25.7,71.3,22775.0,8,49,0
2025-12-17 12:00:00,CNC-002,70.0,1.3,152.7,1465.0,24.9,73.0,22781.0,8,79,0
2025-12-17 18:00:00,CNC-002,66.2,1.41,150.3,1471.0,24.5,70.4,22786.0,8,79,0
2025-12-18 00:00:00,CNC-002,66.1,1.53,151.1,1462.0,25.1,70.6,22791.0,8,80,0
2025-12-18 06:00:00,CNC-002,69.1,1.58,147.3,1462.0,25.8,68.0,22797.0,8,35,0
2025-12-18 12:00:00,CNC-002,67.4,1.31,146.5,1462.0,25.1,72.5,22801.0,8,50,0
2025-12-18 18:00:00,CNC-002,65.7,1.39,147.9,1472.0,24.6,73.2,22807.0,8,80,0
2025-12-19 00:00:00,CNC-002,69.3,1.31,149.3,1473.0,25.3,71.2,22813.0,8,81,0
2025-12-19 06:00:00,CNC-002,69.1,1.27,149.9,1464.0,26.1,71.3,22818.0,8,51,0
2025-12-19 12:00:00,CNC-002,68.4,1.57,151.7,1486.0,25.7,71.2,22824.0,8,51,0
2025-12-19 18:00:00,CNC-002,66.5,1.32,151.5,1470.0,24.9,73.9,22830.0,8,81,0
2025-12-20 00:00:00,CNC-002,68.8,1.55,149.0,1469.0,25.7,72.7,22834.0,8,37,0
2025-12-20 06:00:00,CNC-002,70.3,1.31,148.9,1459.0,25.4,72.6,22840.0,8,52,0
2025-12-20 12:00:00,CNC-002,68.4,1.46,148.2,1464.0,25.6,71.4,22844.0,8,37,0
2025-12-20 18:00:00,CNC-002,66.7,1.31,151.8,1482.0,24.4,72.8,22850.0,8,37,0
2025-12-21 00:00:00,CNC-002,67.0,1.29,150.2,1479.0,25.7,74.5,22856.0,8,53,0
2025-12-21 06:00:00,CNC-002,70.5,1.33,150.0,1473.0,25.9,72.7,22861.0,8,38,0
2025-12-21 12:00:00,CNC-002,69.8,1.33,149.7,1475.0,25.0,70.6,22868.0,8,38,0
2025-12-21 18:00:00,CNC-002,64.7,1.41,149.4,1461.0,24.2,76.7,22873.0,8,38,0
2025-12-22 00:00:00,CNC-002,69.2,1.5,149.4,1466.0,25.5,69.4,22877.0,8,54,0
2025-12-22 06:00:00,CNC-002,71.0,1.73,149.0,1474.0,26.8,71.9,22883.0,8,84,0
2025-12-22 12:00:00,CNC-002,66.7,1.6,148.3,1463.0,25.3,70.7,22889.0,8,39,0
2025-12-22 18:00:00,CNC-002,65.5,1.63,151.5,1480.0,24.4,73.1,22895.0,8,39,0
2025-12-23 00:00:00,CNC-002,68.3,1.35,147.5,1458.0,25.5,70.7,22900.0,8,85,0
2025-12-23 06:00:00,CNC-002,68.6,1.29,150.0,1476.0,26.1,70.9,22905.0,8,40,0
2025-12-23 12:00:00,CNC-002,69.7,1.45,149.3,1463.0,25.0,72.8,22912.0,8,55,0
2025-12-23 18:00:00,CNC-002,65.6,1.31,152.4,1467.0,24.0,71.4,22918.0,8,40,0
2025-12-24 00:00:00,CNC-002,67.7,1.46,146.7,1470.0,24.2,73.1,22924.0,8,41,0
2025-12-24 06:00:00,CNC-002,68.8,1.29,150.0,1452.0,24.9,72.0,22929.0,8,41,0
2025-12-24 12:00:00,CNC-002,68.4,1.44,153.0,1480.0,25.1,72.1,22934.0,8,56,0
2025-12-24 18:00:00,CNC-002,65.6,1.39,148.6,1463.0,24.8,71.7,22938.0,8,41,0
2025-12-25 00:00:00,CNC-002,63.6,1.3,150.8,1482.0,23.3,71.9,22942.0,8,42,0
2025-12-25 06:00:00,CNC-002,69.6,1.33,150.5,1486.0,24.8,75.4,22948.0,8,87,0
2025-12-25 12:00:00,CNC-002,66.2,1.43,149.4,1466.0,24.4,74.4,22954.0,8,42,0
2025-12-25 18:00:00,CNC-002,64.0,1.3,148.3,1463.0,23.8,72.3,22958.0,8,57,0
2025-12-26 00:00:00,CNC-002,67.0,1.32,149.3,1466.0,25.1,70.4,22962.0,8,88,0
2025-12-26 06:00:00,CNC-002,71.7,1.36,150.7,1476.0,25.5,70.6,22967.0,8,88,0
2025-12-26 12:00:00,CNC-002,68.2,1.46,150.2,1482.0,26.0,72.5,22972.0,8,58,0
2025-12-26 18:00:00,CNC-002,65.7,1.31,151.0,1477.0,24.7,72.2,22977.0,8,88,0
2025-12-27 00:00:00,CNC-002,68.6,1.29,149.9,1478.0,25.1,72.8,22982.0,8,44,0
2025-12-27 06:00:00,CNC-002,70.7,1.26,143.4,1476.0,24.9,70.6,22986.0,8,44,0
2025-12-27 12:00:00,CNC-002,67.0,1.66,153.2,1475.0,25.2,70.0,22992.0,8,59,0
2025-12-27 18:00:00,CNC-002,66.9,1.3,151.1,1471.0,24.1,70.6,22996.0,8,59,0
2025-07-01 00:00:00,CNC-003,68.5,0.9,153.9,1497.0,23.9,75.5,12771.0,4,0,0
2025-07-01 06:00:00,CNC-003,72.8,1.01,156.7,1505.0,25.1,74.0,12776.0,4,0,0
2025-07-01 12:00:00,CNC-003,69.9,0.96,155.7,1483.0,24.6,73.3,12782.0,4,0,0
2025-07-01 18:00:00,CNC-003,68.7,1.12,153.1,1513.0,25.0,71.1,12788.0,4,0,0
2025-07-02 00:00:00,CNC-003,71.5,0.97,157.3,1495.0,24.6,71.6,12793.0,4,1,0
2025-07-02 06:00:00,CNC-003,75.1,0.92,152.2,1504.0,24.2,69.6,12799.0,4,1,0
2025-07-02 12:00:00,CNC-003,72.1,0.93,157.7,1504.0,24.8,71.5,12804.0,4,1,0
2025-07-02 18:00:00,CNC-003,71.1,1.77,158.3,1517.0,25.7,71.5,12810.0,4,1,0
2025-07-03 00:00:00,CNC-003,70.8,0.99,154.4,1509.0,25.2,71.7,12814.0,4,2,0
2025-07-03 06:00:00,CNC-003,73.6,1.06,157.5,1503.0,24.5,71.5,12820.0,4,2,0
2025-07-03 12:00:00,CNC-003,70.4,1.02,157.9,1508.0,25.1,73.2,12825.0,4,2,0
2025-07-03 18:00:00,CNC-003,67.4,0.93,158.8,1504.0,24.3,75.4,12831.0,4,2,0
2025-07-04 00:00:00,CNC-003,69.7,1.04,156.3,1499.0,24.8,70.7,12836.0,4,3,0
2025-07-04 06:00:00,CNC-003,74.4,1.06,157.6,1498.0,25.3,71.0,12842.0,4,3,0
2025-07-04 12:00:00,CNC-003,70.4,1.16,156.7,1520.0,25.2,76.4,12846.0,4,3,0
2025-07-04 18:00:00,CNC-003,70.4,0.92,156.5,1518.0,25.1,72.6,12851.0,4,3,0
2025-07-05 00:00:00,CNC-003,71.7,0.93,158.4,1493.0,24.0,69.3,12857.0,4,4,0
2025-07-05 06:00:00,CNC-003,74.2,0.96,157.3,1496.0,24.8,75.4,12861.0,4,4,0
2025-07-05 12:00:00,CNC-003,72.6,0.89,155.3,1510.0,24.9,73.7,12866.0,4,4,0
2025-07-05 18:00:00,CNC-003,69.3,0.9,156.7,1511.0,23.6,73.6,12873.0,4,4,0
2025-07-06 00:00:00,CNC-003,71.8,0.89,156.7,1499.0,24.6,73.2,12879.0,4,5,0
2025-07-06 06:00:00,CNC-003,76.4,1.04,155.6,1506.0,26.1,71.9,12885.0,4,5,0
2025-07-06 12:00:00,CNC-003,68.8,1.39,154.1,1494.0,25.5,72.0,12889.0,4,5,0
2025-07-06 18:00:00,CNC-003,69.2,0.92,157.2,1504.0,23.7,71.5,12894.0,4,5,0
2025-07-07 00:00:00,CNC-003,73.3,1.21,157.5,1511.0,26.4,72.3,12900.0,4,6,0
2025-07-07 06:00:00,CNC-003,74.2,1.13,156.6,1521.0,24.8,69.7,12905.0,4,6,0
2025-07-07 12:00:00,CNC-003,73.6,1.02,153.5,1505.0,24.6,73.4,12910.0,4,6,0
2025-07-07 18:00:00,CNC-003,68.7,1.1,157.7,1503.0,25.1,72.6,12915.0,4,6,0
2025-07-08 00:00:00,CNC-003,70.1,1.01,159.4,1504.0,25.1,70.7,12919.0,4,7,0
2025-07-08 06:00:00,CNC-003,73.7,1.04,157.5,1506.0,24.5,74.0,12924.0,4,7,0
2025-07-08 12:00:00,CNC-003,72.5,0.89,155.3,1510.0,24.3,70.0,12930.0,4,7,0
2025-07-08 18:00:00,CNC-003,69.2,1.19,155.9,1510.0,24.6,70.9,12936.0,4,7,0
2025-07-09 00:00:00,CNC-003,74.1,0.96,160.0,1524.0,25.6,75.8,12941.0,4,8,0
2025-07-09 06:00:00,CNC-003,72.4,1.13,159.0,1499.0,25.1,72.2,12947.0,4,8,0
2025-07-09 12:00:00,CNC-003,71.7,0.97,156.9,1507.0,25.0,71.8,12953.0,4,8,0
2025-07-09 18:00:00,CNC-003,68.6,0.92,159.8,1496.0,24.9,73.0,12959.0,4,8,0
2025-07-10 00:00:00,CNC-003,73.8,0.89,155.7,1494.0,25.0,70.6,12964.0,4,9,0
2025-07-10 06:00:00,CNC-003,74.1,1.73,158.1,1515.0,26.6,69.1,12970.0,4,9,0
2025-07-10 12:00:00,CNC-003,72.9,0.93,156.7,1501.0,24.7,72.3,12976.0,4,9,0
2025-07-10 18:00:00,CNC-003,68.9,1.17,154.9,1491.0,24.3,71.3,12981.0,4,9,0
2025-07-11 00:00:00,CNC-003,69.0,1.01,157.6,1501.0,24.6,69.6,12985.0,4,10,0
2025-07-11 06:00:00,CNC-003,73.1,1.0,156.1,1508.0,25.0,75.5,12990.0,4,10,0
2025-07-11 12:00:00,CNC-003,70.3,0.95,160.0,1498.0,25.1,73.2,12996.0,4,10,0
2025-07-11 18:00:00,CNC-003,70.9,1.19,156.9,1509.0,25.5,73.8,13002.0,4,10,0
2025-07-12 00:00:00,CNC-003,70.4,0.91,156.2,1503.0,24.3,74.8,13007.0,4,11,0
2025-07-12 06:00:00,CNC-003,71.7,0.88,158.8,1490.0,25.4,72.5,13013.0,4,11,0
2025-07-12 12:00:00,CNC-003,70.2,1.77,157.4,1490.0,25.6,71.0,13019.0,4,11,0
2025-07-12 18:00:00,CNC-003,69.0,1.16,157.9,1506.0,24.7,73.3,13023.0,4,11,0
2025-07-13 00:00:00,CNC-003,69.2,0.94,155.1,1480.0,24.2,70.6,13029.0,4,12,0
2025-07-13 06:00:00,CNC-003,73.5,1.04,159.6,1497.0,25.5,72.8,13034.0,4,12,0
2025-07-13 12:00:00,CNC-003,71.9,1.24,160.1,1496.0,24.7,67.1,13040.0,4,12,0
2025-07-13 18:00:00,CNC-003,67.5,0.97,156.4,1489.0,24.1,70.2,13045.0,4,12,0
2025-07-14 00:00:00,CNC-003,73.7,1.08,155.0,1498.0,25.4,74.3,13051.0,4,13,0
2025-07-14 06:00:00,CNC-003,74.4,0.89,155.8,1502.0,24.7,72.9,13056.0,4,13,0
2025-07-14 12:00:00,CNC-003,70.9,0.93,161.5,1516.0,24.6,71.6,13061.0,4,13,0
2025-07-14 18:00:00,CNC-003,68.6,0.96,162.3,1501.0,24.2,73.4,13067.0,4,13,0
2025-07-15 00:00:00,CNC-003,71.4,0.93,157.9,1495.0,25.1,72.6,13072.0,4,14,0
2025-07-15 06:00:00,CNC-003,73.0,1.01,160.8,1502.0,25.3,69.8,13077.0,4,14,0
2025-07-15 12:00:00,CNC-003,71.8,1.14,158.6,1495.0,24.5,76.2,13082.0,4,14,0
2025-07-15 18:00:00,CNC-003,69.9,0.96,153.7,1510.0,24.1,73.6,13087.0,4,14,0
2025-07-16 00:00:00,CNC-003,70.5,1.16,158.4,1493.0,25.5,70.6,13092.0,4,15,0
2025-07-16 06:00:00,CNC-003,72.8,0.93,158.5,1498.0,24.5,73.3,13096.0,4,15,0
2025-07-16 12:00:00,CNC-003,73.8,1.12,158.7,1510.0,25.8,70.7,13102.0,4,15,0
2025-07-16 18:00:00,CNC-003,70.9,1.3,158.6,1508.0,25.3,72.4,13108.0,4,15,0
2025-07-17 00:00:00,CNC-003,72.8,1.2,157.3,1505.0,26.1,76.2,13114.0,4,16,0
2025-07-17 06:00:00,CNC-003,75.4,0.91,156.0,1507.0,25.8,70.8,13118.0,4,16,0
2025-07-17 12:00:00,CNC-003,71.1,0.95,155.5,1507.0,25.3,73.6,13122.0,4,16,0
2025-07-17 18:00:00,CNC-003,70.6,1.17,156.1,1497.0,24.9,74.0,13126.0,4,16,0
2025-07-18 00:00:00,CNC-003,71.3,0.99,157.6,1507.0,24.3,72.0,13132.0,4,17,0
2025-07-18 06:00:00,CNC-003,76.0,0.88,156.4,1489.0,24.5,73.2,13137.0,4,17,0
2025-07-18 12:00:00,CNC-003,73.2,0.88,157.1,1489.0,23.6,70.7,13144.0,4,17,0
2025-07-18 18:00:00,CNC-003,70.6,1.07,156.7,1501.0,25.8,73.0,13149.0,4,17,0
2025-07-19 00:00:00,CNC-003,71.7,0.89,152.3,1500.0,24.5,71.6,13155.0,4,18,0
2025-07-19 06:00:00,CNC-003,74.7,0.91,157.2,1498.0,24.8,72.2,13160.0,4,18,0
2025-07-19 12:00:00,CNC-003,74.0,1.06,152.3,1487.0,25.1,74.0,13166.0,4,18,0
2025-07-19 18:00:00,CNC-003,69.3,0.9,156.5,1505.0,23.9,70.0,13172.0,4,18,0
2025-07-20 00:00:00,CNC-003,71.8,0.96,160.6,1506.0,24.3,71.9,13178.0,4,19,0
2025-07-20 06:00:00,CNC-003,73.2,0.91,157.6,1492.0,24.7,71.0,13182.0,4,19,0
2025-07-20 12:00:00,CNC-003,71.1,0.98,158.7,1508.0,23.8,74.9,13187.0,4,19,0
2025-07-20 18:00:00,CNC-003,68.6,0.94,156.2,1500.0,24.0,74.7,13193.0,4,19,0
2025-07-21 00:00:00,CNC-003,69.4,0.93,157.2,1515.0,24.1,73.0,13198.0,4,20,0
2025-07-21 06:00:00,CNC-003,74.2,1.23,157.0,1511.0,25.8,70.2,13205.0,4,20,0
2025-07-21 12:00:00,CNC-003,73.4,1.0,157.0,1505.0,25.3,75.2,13209.0,4,20,0
2025-07-21 18:00:00,CNC-003,72.9,0.91,156.0,1500.0,25.4,73.6,13213.0,4,20,0
2025-07-22 00:00:00,CNC-003,74.4,0.88,158.1,1510.0,24.4,72.7,13219.0,4,21,0
2025-07-22 06:00:00,CNC-003,75.2,0.9,157.7,1508.0,25.5,69.0,13224.0,4,21,0
2025-07-22 12:00:00,CNC-003,72.8,1.17,155.8,1502.0,25.4,71.5,13228.0,4,21,0
2025-07-22 18:00:00,CNC-003,71.9,0.96,159.0,1510.0,24.4,71.7,13234.0,4,21,0
2025-07-23 00:00:00,CNC-003,72.0,0.98,157.0,1507.0,24.3,72.7,13239.0,4,22,0
2025-07-23 06:00:00,CNC-003,73.9,0.88,158.4,1497.0,24.9,71.7,13245.0,4,22,0
2025-07-23 12:00:00,CNC-003,71.3,1.39,157.9,1503.0,25.8,72.3,13251.0,4,22,0
2025-07-23 18:00:00,CNC-003,68.7,0.98,157.4,1515.0,24.0,74.1,13256.0,4,22,0
2025-07-24 00:00:00,CNC-003,71.7,1.06,159.3,1493.0,24.8,70.5,13262.0,4,23,0
2025-07-24 06:00:00,CNC-003,73.0,1.09,160.8,1497.0,25.2,70.9,13267.0,4,23,0
2025-07-24 12:00:00,CNC-003,71.3,1.1,156.8,1502.0,24.0,70.7,13273.0,4,23,0
2025-07-24 18:00:00,CNC-003,68.9,1.1,156.1,1499.0,25.0,71.4,13278.0,4,23,0
2025-07-25 00:00:00,CNC-003,72.2,1.42,158.0,1513.0,25.7,72.5,13284.0,4,24,0
2025-07-25 06:00:00,CNC-003,75.0,1.09,157.0,1510.0,25.6,75.6,13288.0,4,24,0
2025-07-25 12:00:00,CNC-003,73.4,0.91,158.7,1488.0,25.3,69.0,13294.0,4,24,0
2025-07-25 18:00:00,CNC-003,70.3,1.01,159.5,1503.0,24.5,70.2,13300.0,4,24,0
2025-07-26 00:00:00,CNC-003,72.6,0.92,157.0,1507.0,25.1,71.7,13305.0,4,25,0
2025-07-26 06:00:00,CNC-003,75.5,0.89,159.6,1509.0,24.8,70.1,13310.0,4,25,0
2025-07-26 12:00:00,CNC-003,73.1,0.93,158.4,1509.0,24.9,73.9,13315.0,4,25,0
2025-07-26 18:00:00,CNC-003,70.9,0.99,161.3,1495.0,24.8,67.9,13320.0,4,25,0
2025-07-27 00:00:00,CNC-003,72.7,0.98,160.0,1505.0,24.8,69.8,13325.0,4,26,0
2025-07-27 06:00:00,CNC-003,75.5,1.03,158.9,1503.0,26.1,71.7,13330.0,4,26,0
2025-07-27 12:00:00,CNC-003,71.0,1.01,156.6,1505.0,24.4,71.4,13335.0,4,26,0
2025-07-27 18:00:00,CNC-003,70.5,0.91,156.5,1504.0,25.0,73.5,13341.0,4,26,0
2025-07-28 00:00:00,CNC-003,73.1,1.06,159.1,1501.0,25.8,71.7,13347.0,4,27,0
2025-07-28 06:00:00,CNC-003,75.6,0.98,160.3,1504.0,23.9,72.8,13353.0,4,27,0
2025-07-28 12:00:00,CNC-003,74.4,0.91,161.3,1504.0,25.9,72.0,13358.0,4,27,0
2025-07-28 18:00:00,CNC-003,72.6,1.41,162.9,1508.0,25.1,71.8,13363.0,4,27,0
2025-07-29 00:00:00,CNC-003,72.1,0.98,154.3,1498.0,24.3,70.9,13370.0,4,28,0
2025-07-29 06:00:00,CNC-003,73.6,0.96,157.7,1512.0,24.5,71.4,13374.0,4,28,0
2025-07-29 12:00:00,CNC-003,70.3,0.91,157.4,1505.0,24.7,72.0,13379.0,4,28,0
2025-07-29 18:00:00,CNC-003,71.6,0.97,156.3,1514.0,24.4,71.5,13384.0,4,28,0
2025-07-30 00:00:00,CNC-003,70.6,0.92,159.9,1522.0,23.6,73.0,13389.0,4,29,0
2025-07-30 06:00:00,CNC-003,75.5,0.9,156.7,1494.0,25.4,71.1,13395.0,4,29,0
2025-07-30 12:00:00,CNC-003,72.4,0.9,155.7,1499.0,24.6,70.3,13401.0,4,29,0
2025-07-30 18:00:00,CNC-003,72.0,0.89,156.1,1515.0,24.8,74.8,13407.0,4,29,0
2025-07-31 00:00:00,CNC-003,72.5,0.97,158.0,1490.0,25.2,73.8,13412.0,4,30,0
2025-07-31 06:00:00,CNC-003,74.4,0.91,158.0,1494.0,24.9,70.6,13419.0,4,30,0
2025-07-31 12:00:00,CNC-003,72.0,1.07,156.1,1499.0,25.4,71.5,13423.0,4,30,0
2025-07-31 18:00:00,CNC-003,70.1,0.93,156.4,1494.0,24.1,71.9,13429.0,4,30,0
2025-08-01 00:00:00,CNC-003,72.2,1.01,158.8,1519.0,24.5,75.0,13435.0,4,31,0
2025-08-01 06:00:00,CNC-003,72.7,1.04,154.4,1503.0,25.1,71.1,13441.0,4,31,0
2025-08-01 12:00:00,CNC-003,72.2,0.9,155.7,1510.0,24.2,73.8,13448.0,4,31,0
2025-08-01 18:00:00,CNC-003,70.3,1.09,159.3,1501.0,24.6,75.8,13453.0,4,31,0
2025-08-02 00:00:00,CNC-003,72.6,0.88,157.5,1510.0,25.2,71.7,13457.0,4,32,0
2025-08-02 06:00:00,CNC-003,76.4,1.02,158.5,1513.0,25.2,75.4,13462.0,4,32,0
2025-08-02 12:00:00,CNC-003,71.4,0.99,158.6,1510.0,24.4,74.2,13467.0,4,32,0
2025-08-02 18:00:00,CNC-003,71.0,0.88,157.5,1500.0,24.2,69.7,13473.0,4,32,0
2025-08-03 00:00:00,CNC-003,72.5,0.92,158.9,1499.0,24.7,75.9,13479.0,4,33,0
2025-08-03 06:00:00,CNC-003,73.2,1.13,159.2,1506.0,24.9,73.7,13484.0,4,33,0
2025-08-03 12:00:00,CNC-003,73.8,0.96,159.4,1496.0,24.9,70.6,13489.0,4,33,0
2025-08-03 18:00:00,CNC-003,70.1,0.96,157.3,1505.0,24.5,69.2,13493.0,4,33,0
2025-08-04 00:00:00,CNC-003,72.8,0.91,159.9,1492.0,24.3,74.0,13498.0,4,34,0
2025-08-04 06:00:00,CNC-003,75.0,0.94,158.3,1504.0,25.2,70.8,13503.0,4,34,0
2025-08-04 12:00:00,CNC-003,72.0,1.5,157.6,1486.0,25.1,72.5,13507.0,4,34,0
2025-08-04 18:00:00,CNC-003,71.1,0.98,155.5,1498.0,24.7,71.0,13512.0,4,34,0
2025-08-05 00:00:00,CNC-003,72.5,1.22,154.8,1497.0,24.9,74.4,13517.0,4,35,0
2025-08-05 06:00:00,CNC-003,74.3,1.01,155.2,1520.0,24.9,72.7,13522.0,4,35,0
2025-08-05 12:00:00,CNC-003,72.2,0.97,157.8,1512.0,24.7,72.6,13528.0,4,35,0
2025-08-05 18:00:00,CNC-003,72.0,1.01,156.9,1508.0,24.4,72.2,13534.0,4,35,0
2025-08-06 00:00:00,CNC-003,72.3,1.12,160.6,1496.0,23.9,72.9,13540.0,4,36,0
2025-08-06 06:00:00,CNC-003,74.2,0.89,159.2,1497.0,25.1,70.0,13544.0,4,36,0
2025-08-06 12:00:00,CNC-003,72.5,0.89,160.7,1521.0,25.6,72.9,13550.0,4,36,0
2025-08-06 18:00:00,CNC-003,70.4,0.91,158.3,1500.0,24.5,74.1,13555.0,4,36,0
2025-08-07 00:00:00,CNC-003,72.3,0.91,154.7,1498.0,25.2,68.6,13559.0,4,37,0
2025-08-07 06:00:00,CNC-003,71.9,0.93,155.0,1499.0,24.5,73.9,13564.0,4,37,0
2025-08-07 12:00:00,CNC-003,73.2,0.88,158.7,1501.0,24.7,67.4,13569.0,4,37,0
2025-08-07 18:00:00,CNC-003,72.0,0.9,156.7,1517.0,24.3,71.6,13575.0,4,37,0
2025-08-08 00:00:00,CNC-003,71.9,1.0,159.3,1493.0,25.3,70.7,13580.0,4,38,0
2025-08-08 06:00:00,CNC-003,74.5,0.91,160.6,1506.0,23.6,71.1,13586.0,4,38,0
2025-08-08 12:00:00,CNC-003,73.5,0.9,161.3,1507.0,25.2,70.4,13591.0,4,38,0
2025-08-08 18:00:00,CNC-003,69.5,1.3,158.4,1516.0,24.9,74.1,13598.0,4,38,0
2025-08-09 00:00:00,CNC-003,71.7,0.99,158.9,1500.0,25.0,72.3,13602.0,4,39,0
2025-08-09 06:00:00,CNC-003,74.5,0.93,156.5,1513.0,24.9,73.1,13608.0,4,39,0
2025-08-09 12:00:00,CNC-003,74.8,1.03,157.6,1512.0,25.9,69.7,13614.0,4,39,0
2025-08-09 18:00:00,CNC-003,70.6,1.13,157.1,1507.0,25.3,70.8,13620.0,4,39,0
2025-08-10 00:00:00,CNC-003,74.4,0.97,155.8,1503.0,24.6,74.4,13624.0,4,40,0
2025-08-10 06:00:00,CNC-003,74.7,0.88,158.2,1500.0,24.8,70.8,13628.0,4,40,0
2025-08-10 12:00:00,CNC-003,73.9,0.95,157.5,1506.0,25.3,73.9,13633.0,4,40,0
2025-08-10 18:00:00,CNC-003,71.6,0.96,159.2,1501.0,25.7,76.0,13638.0,4,40,0
2025-08-11 00:00:00,CNC-003,73.5,1.4,156.5,1509.0,25.5,74.8,13643.0,4,41,0
2025-08-11 06:00:00,CNC-003,76.1,1.4,162.3,1502.0,26.4,72.2,13647.0,4,41,0
2025-08-11 12:00:00,CNC-003,72.8,1.15,154.2,1513.0,25.0,69.9,13652.0,4,41,0
2025-08-11 18:00:00,CNC-003,71.7,1.17,156.4,1491.0,24.8,74.6,13656.0,4,41,0
2025-08-12 00:00:00,CNC-003,72.4,1.28,159.9,1509.0,26.0,74.4,13662.0,4,42,0
2025-08-12 06:00:00,CNC-003,74.6,1.21,159.0,1502.0,25.8,70.3,13666.0,4,42,0
2025-08-12 12:00:00,CNC-003,73.0,0.95,156.1,1496.0,25.4,71.4,13673.0,4,42,0
2025-08-12 18:00:00,CNC-003,72.4,1.07,157.2,1517.0,26.7,69.1,13679.0,4,42,0
2025-08-13 00:00:00,CNC-003,71.3,0.97,156.6,1505.0,25.3,71.6,13684.0,4,43,0
2025-08-13 06:00:00,CNC-003,75.4,0.9,154.5,1503.0,25.5,71.7,13690.0,4,43,0
2025-08-13 12:00:00,CNC-003,74.5,1.0,157.9,1506.0,24.6,73.1,13694.0,4,43,0
2025-08-13 18:00:00,CNC-003,71.4,0.91,159.5,1520.0,24.1,71.7,13700.0,4,43,0
2025-08-14 00:00:00,CNC-003,72.9,0.98,158.5,1508.0,23.5,70.8,13706.0,4,44,0
2025-08-14 06:00:00,CNC-003,71.8,0.91,157.2,1505.0,25.4,67.5,13712.0,4,44,0
2025-08-14 12:00:00,CNC-003,72.3,0.9,156.6,1501.0,24.8,72.9,13717.0,4,44,0
2025-08-14 18:00:00,CNC-003,71.8,0.99,157.4,1516.0,24.9,71.6,13722.0,4,44,0
2025-08-15 00:00:00,CNC-003,72.2,1.41,157.1,1517.0,25.7,70.7,13728.0,4,45,0
2025-08-15 06:00:00,CNC-003,76.8,0.88,154.1,1502.0,25.8,70.6,13733.0,4,45,0
2025-08-15 12:00:00,CNC-003,73.9,1.01,159.8,1508.0,24.7,71.7,13739.0,4,45,0
2025-08-15 18:00:00,CNC-003,71.3,1.38,158.9,1496.0,25.8,70.6,13745.0,4,45,0
2025-08-16 00:00:00,CNC-003,75.4,1.02,156.4,1499.0,24.9,70.8,13750.0,4,46,0
2025-08-16 06:00:00,CNC-003,76.6,0.97,159.1,1502.0,25.4,74.3,13755.0,4,46,0
2025-08-16 12:00:00,CNC-003,70.7,1.04,156.9,1502.0,23.8,69.1,13761.0,4,46,0
2025-08-16 18:00:00,CNC-003,71.6,0.94,153.5,1507.0,24.3,71.8,13766.0,4,1,0
2025-08-17 00:00:00,CNC-003,71.6,1.05,154.7,1497.0,24.5,72.4,13770.0,4,2,0
2025-08-17 06:00:00,CNC-003,71.5,0.88,158.2,1502.0,23.5,73.2,13774.0,4,47,0
2025-08-17 12:00:00,CNC-003,74.5,1.12,156.4,1499.0,25.3,72.3,13779.0,4,47,0
2025-08-17 18:00:00,CNC-003,72.8,1.47,157.0,1504.0,25.7,70.3,13783.0,4,47,0
2025-08-18 00:00:00,CNC-003,73.2,1.03,158.1,1502.0,24.5,73.3,13788.0,4,48,0
2025-08-18 06:00:00,CNC-003,76.2,1.06,159.1,1502.0,25.6,73.3,13793.0,4,48,0
2025-08-18 12:00:00,CNC-003,73.5,1.5,158.4,1489.0,26.3,72.7,13798.0,4,3,0
2025-08-18 18:00:00,CNC-003,69.3,1.14,156.0,1519.0,25.2,73.1,13804.0,4,48,0
2025-08-19 00:00:00,CNC-003,72.4,0.95,155.3,1516.0,25.1,74.0,13809.0,4,4,0
2025-08-19 06:00:00,CNC-003,75.0,0.9,157.6,1513.0,24.7,71.9,13815.0,4,4,0
2025-08-19 12:00:00,CNC-003,72.9,1.06,153.9,1504.0,24.0,70.1,13820.0,4,49,0
2025-08-19 18:00:00,CNC-003,71.4,1.01,157.7,1494.0,24.8,73.7,13825.0,4,4,0
2025-08-20 00:00:00,CNC-003,73.2,0.89,159.1,1505.0,25.3,70.6,13830.0,4,50,0
2025-08-20 06:00:00,CNC-003,77.5,0.94,155.3,1494.0,25.3,73.4,13835.0,4,5,0
2025-08-20 12:00:00,CNC-003,73.9,0.89,162.0,1491.0,24.4,70.6,13840.0,4,50,0
2025-08-20 18:00:00,CNC-003,74.1,1.11,153.9,1500.0,25.1,75.4,13845.0,4,5,0
2025-08-21 00:00:00,CNC-003,73.3,0.91,159.6,1500.0,25.4,74.6,13849.0,4,51,0
2025-08-21 06:00:00,CNC-003,73.5,1.27,159.3,1506.0,25.7,72.7,13854.0,4,6,0
2025-08-21 12:00:00,CNC-003,73.3,1.31,156.9,1496.0,25.6,71.6,13858.0,4,51,0
2025-08-21 18:00:00,CNC-003,72.1,0.95,157.4,1513.0,23.9,70.7,13862.0,4,51,0
2025-08-22 00:00:00,CNC-003,72.3,0.97,157.9,1515.0,25.6,70.9,13869.0,4,52,0
2025-08-22 06:00:00,CNC-003,74.5,0.99,157.2,1501.0,25.0,72.4,13873.0,4,52,0
2025-08-22 12:00:00,CNC-003,72.1,1.14,156.8,1494.0,24.7,73.8,13878.0,4,52,0
2025-08-22 18:00:00,CNC-003,71.6,1.11,157.1,1518.0,24.9,72.4,13882.0,4,7,0
2025-08-23 00:00:00,CNC-003,73.9,0.88,155.2,1504.0,25.6,72.3,13888.0,4,53,0
2025-08-23 06:00:00,CNC-003,73.4,0.91,156.1,1505.0,24.2,74.0,13892.0,4,8,0
2025-08-23 12:00:00,CNC-003,74.4,1.43,156.1,1504.0,26.8,71.6,13897.0,4,8,0
2025-08-23 18:00:00,CNC-003,70.0,1.07,158.5,1509.0,24.6,72.2,13903.0,4,8,0
2025-08-24 00:00:00,CNC-003,73.2,0.92,157.6,1509.0,26.0,75.4,13908.0,4,9,0
2025-08-24 06:00:00,CNC-003,76.0,1.22,156.3,1508.0,26.0,73.6,13912.0,4,54,0
2025-08-24 12:00:00,CNC-003,70.9,0.92,158.4,1512.0,24.9,73.0,13917.0,4,9,0
2025-08-24 18:00:00,CNC-003,72.9,0.94,154.3,1523.0,24.5,73.0,13921.0,4,9,0
2025-08-25 00:00:00,CNC-003,72.0,1.08,158.9,1501.0,24.6,72.9,13927.0,4,55,0
2025-08-25 06:00:00,CNC-003,74.4,1.08,157.2,1510.0,25.7,75.1,13931.0,4,55,0
2025-08-25 12:00:00,CNC-003,75.2,0.93,159.1,1514.0,24.5,70.3,13937.0,4,55,0
2025-08-25 18:00:00,CNC-003,71.3,0.94,161.3,1501.0,25.0,73.8,13941.0,4,55,0
2025-08-26 00:00:00,CNC-003,76.1,1.19,157.6,1503.0,26.2,69.5,13946.0,4,56,0
2025-08-26 06:00:00,CNC-003,75.5,1.25,155.1,1493.0,25.4,69.8,13951.0,4,56,0
2025-08-26 12:00:00,CNC-003,75.3,1.18,158.3,1504.0,24.6,72.2,13957.0,4,56,0
2025-08-26 18:00:00,CNC-003,71.9,1.13,156.8,1506.0,25.2,71.9,13963.0,4,56,0
2025-08-27 00:00:00,CNC-003,76.5,1.83,156.7,1492.0,27.5,72.6,13969.0,4,57,0
2025-08-27 06:00:00,CNC-003,76.3,1.53,152.7,1504.0,27.3,74.6,13973.0,4,57,0
2025-08-27 12:00:00,CNC-003,77.4,1.39,156.5,1490.0,26.0,72.0,13978.0,4,12,0
2025-08-27 18:00:00,CNC-003,74.1,1.39,153.7,1502.0,26.3,71.3,13983.0,4,12,0
2025-08-28 00:00:00,CNC-003,76.0,1.59,152.9,1486.0,28.3,70.2,13989.0,4,58,0
2025-08-28 06:00:00,CNC-003,78.7,1.57,153.1,1501.0,27.5,75.7,13995.0,4,58,0
2025-08-28 12:00:00,CNC-003,75.3,1.7,154.7,1488.0,27.6,74.3,14001.0,4,58,0
2025-08-28 18:00:00,CNC-003,72.7,1.35,152.6,1493.0,25.1,74.5,14006.0,4,13,0
2025-08-29 00:00:00,CNC-003,76.6,2.28,154.9,1474.0,28.7,72.9,14012.0,4,59,0
2025-08-29 06:00:00,CNC-003,78.7,1.87,153.2,1496.0,28.4,75.2,14018.0,4,59,0
2025-08-29 12:00:00,CNC-003,77.2,1.94,153.4,1492.0,28.0,77.5,14022.0,4,59,0
2025-08-29 18:00:00,CNC-003,74.9,1.35,154.5,1496.0,25.9,75.0,14028.0,4,14,0
2025-08-30 00:00:00,CNC-003,80.0,2.27,153.2,1488.0,29.6,76.8,14033.0,4,60,0
2025-08-30 06:00:00,CNC-003,81.5,2.15,149.8,1490.0,29.7,74.7,14037.0,4,60,0
2025-08-30 12:00:00,CNC-003,78.6,1.96,151.9,1487.0,28.9,74.0,14041.0,4,60,0
2025-08-30 18:00:00,CNC-003,75.3,1.76,154.2,1480.0,27.4,76.3,14046.0,4,60,0
2025-08-31 00:00:00,CNC-003,79.1,2.51,148.8,1507.0,29.2,73.5,14050.0,4,1,0
2025-08-31 06:00:00,CNC-003,82.5,2.66,155.1,1479.0,31.3,76.2,14056.0,4,61,0
2025-08-31 12:00:00,CNC-003,79.2,2.75,153.3,1477.0,30.6,79.3,14062.0,4,1,0
2025-08-31 18:00:00,CNC-003,75.8,1.76,148.7,1492.0,27.7,75.6,14068.0,4,61,0
2025-09-01 00:00:00,CNC-003,79.1,2.47,149.5,1475.0,29.9,77.6,14073.0,4,2,1
2025-09-01 06:00:00,CNC-003,81.9,2.82,150.2,1473.0,31.6,80.3,14078.0,4,17,1
2025-09-01 12:00:00,CNC-003,78.2,2.74,155.1,1491.0,29.8,77.2,14083.0,4,2,1
2025-09-01 18:00:00,CNC-003,76.2,2.44,149.4,1483.0,28.9,79.3,14089.0,4,2,1
2025-09-02 00:00:00,CNC-003,83.1,2.54,149.2,1497.0,31.4,77.4,14095.0,4,3,1
2025-09-02 06:00:00,CNC-003,84.5,1.84,148.8,1475.0,29.2,77.3,14101.0,4,3,1
2025-09-02 12:00:00,CNC-003,79.6,2.82,148.9,1475.0,31.8,77.3,14105.0,4,3,1
2025-09-02 18:00:00,CNC-003,79.9,2.38,152.9,1472.0,29.9,74.7,14110.0,4,63,1
2025-09-03 00:00:00,CNC-003,85.1,2.74,149.8,1473.0,32.1,74.4,14115.0,4,4,1
2025-09-03 06:00:00,CNC-003,83.2,3.16,155.5,1493.0,33.7,74.9,14120.0,4,64,1
2025-09-03 12:00:00,CNC-003,81.6,2.26,145.2,1483.0,30.4,83.3,14126.0,4,19,1
2025-09-03 18:00:00,CNC-003,79.3,3.67,152.2,1484.0,31.7,78.1,14132.0,4,19,1
2025-09-04 00:00:00,CNC-003,80.0,2.54,154.2,1470.0,31.0,84.2,14137.0,4,65,1
2025-09-04 06:00:00,CNC-003,85.9,3.57,151.5,1497.0,32.9,76.3,14143.0,4,20,1
2025-09-04 12:00:00,CNC-003,81.0,2.22,147.7,1485.0,29.3,76.0,14149.0,4,20,1
2025-09-04 18:00:00,CNC-003,85.8,3.28,147.5,1490.0,32.1,79.4,14154.0,4,20,1
2025-09-05 00:00:00,CNC-003,82.2,2.49,147.3,1493.0,30.5,79.3,14160.0,4,21,1
2025-09-05 06:00:00,CNC-003,88.7,2.25,153.0,1457.0,31.9,78.9,14165.0,4,6,1
2025-09-05 12:00:00,CNC-003,84.2,3.22,150.5,1480.0,32.6,79.4,14171.0,4,6,1
2025-09-05 18:00:00,CNC-003,84.7,3.08,144.4,1491.0,32.5,76.4,14175.0,4,21,1
2025-09-06 00:00:00,CNC-003,88.5,2.8,156.2,1462.0,32.5,77.8,14180.0,4,22,1
2025-09-06 06:00:00,CNC-003,82.8,2.26,146.4,1469.0,30.5,76.0,14187.0,4,22,1
2025-09-06 12:00:00,CNC-003,90.4,2.4,143.5,1476.0,31.8,77.8,14192.0,4,7,1
2025-09-06 18:00:00,CNC-003,83.7,2.6,145.5,1473.0,31.2,82.0,14197.0,4,7,1
2025-09-07 00:00:00,CNC-003,82.9,2.33,147.2,1471.0,29.9,76.9,14202.0,4,68,1
2025-09-07 06:00:00,CNC-003,89.2,4.42,152.4,1439.0,36.8,82.3,14208.0,4,23,1
2025-09-07 12:00:00,CNC-003,88.0,3.59,146.5,1458.0,33.6,82.9,14213.0,4,23,1
2025-09-07 18:00:00,CNC-003,82.2,2.62,146.4,1461.0,32.1,81.5,14218.0,4,68,1
2025-09-08 00:00:00,CNC-003,70.9,0.97,158.6,1502.0,24.8,73.2,14224.0,4,9,0
2025-09-08 06:00:00,CNC-003,74.3,0.93,158.9,1503.0,25.1,72.4,14230.0,4,9,0
2025-09-08 12:00:00,CNC-003,73.7,0.9,157.5,1510.0,24.9,75.3,14236.0,4,24,0
2025-09-08 18:00:00,CNC-003,71.6,1.0,155.1,1512.0,24.8,71.4,14241.0,4,9,0
2025-09-09 00:00:00,CNC-003,72.8,1.07,160.0,1507.0,25.4,72.5,14247.0,4,10,0
2025-09-09 06:00:00,CNC-003,77.0,0.88,154.2,1505.0,25.3,67.9,14251.0,4,70,0
2025-09-09 12:00:00,CNC-003,72.9,1.4,157.0,1505.0,25.7,74.8,14256.0,4,10,0
2025-09-09 18:00:00,CNC-003,70.8,0.99,156.3,1507.0,24.5,76.4,14261.0,4,70,0
2025-09-10 00:00:00,CNC-003,72.6,0.95,158.4,1508.0,24.6,73.5,14267.0,4,26,0
2025-09-10 06:00:00,CNC-003,74.7,0.96,155.4,1491.0,24.9,72.0,14271.0,4,11,0
2025-09-10 12:00:00,CNC-003,72.5,1.5,157.9,1513.0,25.3,68.2,14276.0,4,26,0
2025-09-10 18:00:00,CNC-003,70.9,0.91,157.9,1504.0,23.8,68.7,14282.0,4,11,0
2025-09-11 00:00:00,CNC-003,74.7,1.28,157.8,1498.0,25.5,74.8,14288.0,4,72,0
2025-09-11 06:00:00,CNC-003,77.9,0.99,158.5,1505.0,25.9,73.8,14294.0,4,27,0
2025-09-11 12:00:00,CNC-003,72.6,0.89,155.1,1500.0,24.4,72.5,14300.0,4,72,0
2025-09-11 18:00:00,CNC-003,73.4,1.0,157.6,1498.0,25.2,75.7,14306.0,4,72,0
2025-09-12 00:00:00,CNC-003,74.3,0.96,161.5,1512.0,25.1,75.4,14311.0,4,73,0
2025-09-12 06:00:00,CNC-003,76.9,1.17,152.3,1508.0,25.5,69.7,14317.0,4,13,0
2025-09-12 12:00:00,CNC-003,70.9,0.89,155.5,1502.0,24.2,74.4,14323.0,4,73,0
2025-09-12 18:00:00,CNC-003,72.0,1.03,154.7,1518.0,24.9,68.7,14328.0,4,73,0
2025-09-13 00:00:00,CNC-003,74.4,0.94,160.1,1503.0,25.0,70.3,14334.0,4,14,0
2025-09-13 06:00:00,CNC-003,74.6,0.92,154.6,1497.0,24.4,70.1,14340.0,4,14,0
2025-09-13 12:00:00,CNC-003,72.7,1.01,157.9,1496.0,23.8,70.6,14346.0,4,14,0
2025-09-13 18:00:00,CNC-003,71.2,0.98,157.7,1518.0,24.0,75.1,14352.0,4,14,0
2025-09-14 00:00:00,CNC-003,74.9,1.01,154.5,1507.0,24.9,71.5,14358.0,4,30,0
2025-09-14 06:00:00,CNC-003,76.0,0.88,159.8,1496.0,24.5,70.0,14363.0,4,75,0
2025-09-14 12:00:00,CNC-003,73.2,0.91,155.7,1507.0,24.9,73.6,14369.0,4,15,0
2025-09-14 18:00:00,CNC-003,71.4,0.88,161.6,1500.0,24.6,73.6,14374.0,4,30,0
2025-09-15 00:00:00,CNC-003,75.1,0.96,156.9,1498.0,25.6,71.5,14380.0,4,16,0
2025-09-15 06:00:00,CNC-003,76.2,1.09,158.9,1490.0,26.4,74.2,14385.0,4,76,0
2025-09-15 12:00:00,CNC-003,73.4,1.25,154.2,1508.0,25.5,72.4,14390.0,4,16,0
2025-09-15 18:00:00,CNC-003,70.4,1.0,160.9,1504.0,25.2,72.6,14396.0,4,76,0
2025-09-16 00:00:00,CNC-003,75.2,0.89,157.1,1496.0,24.8,73.7,14400.0,4,32,0
2025-09-16 06:00:00,CNC-003,76.6,1.2,158.7,1500.0,26.3,74.4,14406.0,4,17,0
2025-09-16 12:00:00,CNC-003,73.2,0.93,159.2,1519.0,25.3,75.7,14410.0,4,32,0
2025-09-16 18:00:00,CNC-003,70.5,1.39,156.7,1505.0,25.4,70.2,14414.0,4,17,0
2025-09-17 00:00:00,CNC-003,73.1,0.9,160.1,1493.0,25.1,73.7,14420.0,4,18,0
2025-09-17 06:00:00,CNC-003,76.5,1.01,162.2,1518.0,25.9,75.2,14424.0,4,78,0
2025-09-17 12:00:00,CNC-003,75.7,1.32,155.4,1505.0,26.7,72.8,14428.0,4,18,0
2025-09-17 18:00:00,CNC-003,71.6,0.91,155.7,1515.0,24.6,72.1,14433.0,4,18,0
2025-09-18 00:00:00,CNC-003,73.2,0.93,160.2,1487.0,25.1,75.0,14438.0,4,34,0
2025-09-18 06:00:00,CNC-003,73.8,0.97,156.6,1511.0,25.5,68.0,14444.0,4,34,0
2025-09-18 12:00:00,CNC-003,73.4,1.03,159.8,1510.0,24.8,71.5,14451.0,4,19,0
2025-09-18 18:00:00,CNC-003,71.8,1.0,154.9,1496.0,25.5,71.6,14456.0,4,19,0
2025-09-19 00:00:00,CNC-003,73.4,1.02,154.7,1499.0,25.2,72.2,14462.0,4,80,0
2025-09-19 06:00:00,CNC-003,73.3,0.94,159.7,1488.0,24.5,73.9,14467.0,4,20,0
2025-09-19 12:00:00,CNC-003,74.2,1.21,157.7,1502.0,25.2,73.7,14471.0,4,20,0
2025-09-19 18:00:00,CNC-003,72.2,1.04,154.3,1508.0,25.2,73.8,14477.0,4,20,0
2025-09-20 00:00:00,CNC-003,75.4,0.9,158.9,1482.0,25.6,71.5,14483.0,4,21,0
2025-09-20 06:00:00,CNC-003,74.0,1.17,153.4,1504.0,25.4,73.1,14490.0,4,81,0
2025-09-20 12:00:00,CNC-003,72.0,0.9,155.9,1511.0,23.7,72.4,14494.0,4,36,0
2025-09-20 18:00:00,CNC-003,71.7,1.11,156.5,1514.0,25.1,73.0,14499.0,4,81,0
2025-09-21 00:00:00,CNC-003,72.8,1.17,155.7,1512.0,25.7,71.6,14504.0,4,22,0
2025-09-21 06:00:00,CNC-003,75.7,0.9,158.4,1518.0,25.2,74.8,14508.0,4,22,0
2025-09-21 12:00:00,CNC-003,73.9,1.14,156.4,1490.0,25.8,73.8,14512.0,4,37,0
2025-09-21 18:00:00,CNC-003,72.5,0.95,158.2,1504.0,25.2,74.5,14517.0,4,22,0
2025-09-22 00:00:00,CNC-003,71.8,1.02,158.3,1487.0,25.0,68.0,14523.0,4,83,0
2025-09-22 06:00:00,CNC-003,76.0,1.26,156.1,1496.0,25.8,73.4,14527.0,4,38,0
2025-09-22 12:00:00,CNC-003,74.1,1.11,157.8,1506.0,25.6,70.9,14532.0,4,23,0
2025-09-22 18:00:00,CNC-003,70.1,0.91,157.6,1492.0,25.0,70.9,14536.0,4,23,0
2025-09-23 00:00:00,CNC-003,74.4,0.94,156.0,1504.0,24.6,73.3,14541.0,4,24,0
2025-09-23 06:00:00,CNC-003,75.4,1.12,161.4,1503.0,25.4,72.2,14546.0,4,24,0
2025-09-23 12:00:00,CNC-003,72.8,1.26,156.8,1516.0,25.6,71.3,14552.0,4,84,0
2025-09-23 18:00:00,CNC-003,71.2,0.93,155.8,1504.0,24.7,73.6,14557.0,4,39,0
2025-09-24 00:00:00,CNC-003,74.1,0.88,159.4,1507.0,24.5,71.9,14561.0,4,25,0
2025-09-24 06:00:00,CNC-003,75.6,0.92,161.3,1514.0,25.4,74.8,14565.0,4,40,0
2025-09-24 12:00:00,CNC-003,74.9,0.92,154.4,1514.0,25.1,70.4,14569.0,4,25,0
2025-09-24 18:00:00,CNC-003,71.5,1.12,156.9,1501.0,25.1,71.2,14574.0,4,40,0
2025-09-25 00:00:00,CNC-003,70.2,0.97,159.4,1506.0,24.7,71.1,14578.0,4,41,0
2025-09-25 06:00:00,CNC-003,75.2,0.96,155.9,1513.0,25.4,72.4,14582.0,4,86,0
2025-09-25 12:00:00,CNC-003,72.9,1.06,157.9,1504.0,26.0,75.1,14588.0,4,41,0
2025-09-25 18:00:00,CNC-003,72.2,1.01,157.1,1514.0,24.8,72.4,14592.0,4,41,0
2025-09-26 00:00:00,CNC-003,72.9,0.93,157.1,1503.0,23.6,71.5,14597.0,4,87,0
2025-09-26 06:00:00,CNC-003,74.1,1.12,156.5,1513.0,24.4,71.6,14602.0,4,27,0
2025-09-26 12:00:00,CNC-003,72.1,1.1,156.4,1509.0,24.5,71.2,14608.0,4,87,0
2025-09-26 18:00:00,CNC-003,71.2,0.97,157.2,1507.0,24.4,68.2,14614.0,4,87,0
2025-09-27 00:00:00,CNC-003,74.4,0.89,158.1,1509.0,24.9,73.1,14620.0,4,28,0
2025-09-27 06:00:00,CNC-003,76.5,0.97,154.8,1509.0,25.3,70.2,14624.0,4,43,0
2025-09-27 12:00:00,CNC-003,72.8,0.88,156.4,1493.0,24.8,74.9,14628.0,4,88,0
2025-09-27 18:00:00,CNC-003,72.3,0.92,153.5,1494.0,25.5,72.7,14635.0,4,43,0
2025-09-28 00:00:00,CNC-003,73.7,1.02,160.8,1495.0,25.2,74.2,14640.0,4,89,0
2025-09-28 06:00:00,CNC-003,75.0,1.04,155.2,1519.0,25.4,70.7,14645.0,4,29,0
2025-09-28 12:00:00,CNC-003,72.3,1.31,154.1,1504.0,25.9,73.7,14651.0,4,44,0
2025-09-28 18:00:00,CNC-003,71.4,1.34,155.5,1512.0,25.5,74.4,14656.0,4,29,0
2025-09-29 00:00:00,CNC-003,71.1,1.0,158.1,1514.0,25.0,70.2,14662.0,4,0,0
2025-09-29 06:00:00,CNC-003,75.8,0.89,158.4,1515.0,25.4,70.5,14667.0,4,0,0
2025-09-29 12:00:00,CNC-003,73.0,1.03,155.8,1533.0,25.6,70.7,14671.0,4,30,0
2025-09-29 18:00:00,CNC-003,71.1,0.9,155.1,1507.0,24.5,72.0,14677.0,4,30,0
2025-09-30 00:00:00,CNC-003,74.1,0.89,155.8,1514.0,25.2,72.3,14683.0,4,1,0
2025-09-30 06:00:00,CNC-003,77.1,0.97,158.8,1520.0,25.3,71.4,14687.0,4,31,0
2025-09-30 12:00:00,CNC-003,73.4,0.89,157.1,1492.0,24.2,71.9,14693.0,4,31,0
2025-09-30 18:00:00,CNC-003,70.6,1.03,160.1,1508.0,22.8,74.2,14698.0,4,1,0
2025-10-01 00:00:00,CNC-003,73.2,0.9,158.1,1498.0,23.7,77.0,14702.0,4,2,0
2025-10-01 06:00:00,CNC-003,72.7,1.01,157.5,1508.0,24.8,71.8,14708.0,4,32,0
2025-10-01 12:00:00,CNC-003,74.0,0.95,154.6,1494.0,25.9,75.7,14713.0,4,2,0
2025-10-01 18:00:00,CNC-003,70.8,0.88,156.0,1509.0,24.8,73.1,14719.0,4,32,0
2025-10-02 00:00:00,CNC-003,74.2,0.96,157.8,1500.0,24.7,68.1,14725.0,4,3,0
2025-10-02 06:00:00,CNC-003,75.6,1.0,158.3,1491.0,26.1,71.4,14730.0,4,3,0
2025-10-02 12:00:00,CNC-003,72.3,1.03,160.1,1507.0,24.6,74.0,14735.0,4,3,0
2025-10-02 18:00:00,CNC-003,70.6,0.95,158.6,1500.0,25.2,70.7,14740.0,4,3,0
2025-10-03 00:00:00,CNC-003,73.4,0.89,159.8,1513.0,24.8,69.6,14745.0,4,4,0
2025-10-03 06:00:00,CNC-003,74.0,0.96,157.2,1504.0,25.3,69.0,14751.0,4,4,0
2025-10-03 12:00:00,CNC-003,75.0,1.03,160.1,1496.0,24.7,73.3,14756.0,4,4,0
2025-10-03 18:00:00,CNC-003,71.7,0.89,159.2,1493.0,24.2,70.1,14760.0,4,4,0
2025-10-04 00:00:00,CNC-003,72.3,1.14,158.9,1505.0,26.2,73.7,14766.0,4,35,0
2025-10-04 06:00:00,CNC-003,75.9,0.99,154.1,1498.0,25.1,70.4,14770.0,4,35,0
2025-10-04 12:00:00,CNC-003,73.6,1.11,158.2,1500.0,25.2,72.7,14775.0,4,35,0
2025-10-04 18:00:00,CNC-003,72.0,0.9,161.7,1503.0,25.0,70.6,14781.0,4,35,0
2025-10-05 00:00:00,CNC-003,77.6,0.92,159.4,1505.0,25.8,75.7,14787.0,4,6,0
2025-10-05 06:00:00,CNC-003,76.0,1.07,160.4,1507.0,25.7,70.8,14793.0,4,6,0
2025-10-05 12:00:00,CNC-003,72.8,0.95,156.0,1516.0,24.9,70.8,14799.0,4,6,0
2025-10-05 18:00:00,CNC-003,72.2,0.93,159.5,1515.0,24.8,71.7,14805.0,4,6,0
2025-10-06 00:00:00,CNC-003,73.0,1.23,156.6,1498.0,25.6,74.7,14811.0,4,37,0
2025-10-06 06:00:00,CNC-003,74.1,0.89,160.7,1512.0,24.8,70.5,14818.0,4,37,0
2025-10-06 12:00:00,CNC-003,73.9,0.96,158.3,1500.0,23.7,67.4,14823.0,4,7,0
2025-10-06 18:00:00,CNC-003,71.7,0.95,157.5,1506.0,24.5,69.4,14828.0,4,7,0
2025-10-07 00:00:00,CNC-003,73.1,0.89,156.3,1511.0,24.9,71.3,14833.0,4,38,0
2025-10-07 06:00:00,CNC-003,74.8,1.11,161.0,1513.0,26.4,73.5,14838.0,4,38,0
2025-10-07 12:00:00,CNC-003,74.0,1.1,158.7,1505.0,25.8,69.0,14842.0,4,8,0
2025-10-07 18:00:00,CNC-003,71.6,0.91,157.4,1513.0,24.8,72.2,14848.0,4,38,0
2025-10-08 00:00:00,CNC-003,73.2,0.98,157.1,1509.0,24.1,73.1,14853.0,4,9,0
2025-10-08 06:00:00,CNC-003,73.8,1.12,163.2,1495.0,24.8,73.7,14859.0,4,39,0
2025-10-08 12:00:00,CNC-003,74.7,1.33,158.6,1518.0,25.2,72.9,14865.0,4,39,0
2025-10-08 18:00:00,CNC-003,69.6,1.17,156.0,1511.0,24.3,73.8,14871.0,4,39,0
2025-10-09 00:00:00,CNC-003,74.6,0.95,151.8,1518.0,24.4,71.4,14875.0,4,10,0
2025-10-09 06:00:00,CNC-003,76.9,0.93,156.9,1517.0,25.0,73.8,14881.0,4,40,0
2025-10-09 12:00:00,CNC-003,72.4,1.04,160.5,1500.0,24.7,68.7,14886.0,4,10,0
2025-10-09 18:00:00,CNC-003,71.0,0.91,154.8,1503.0,24.4,71.3,14891.0,4,10,0
2025-10-10 00:00:00,CNC-003,75.1,1.15,158.5,1505.0,26.4,73.3,14896.0,4,11,0
2025-10-10 06:00:00,CNC-003,73.7,0.89,155.6,1503.0,25.8,70.9,14901.0,4,11,0
2025-10-10 12:00:00,CNC-003,72.0,0.95,156.6,1496.0,25.7,74.4,14906.0,4,11,0
2025-10-10 18:00:00,CNC-003,69.8,1.06,156.8,1489.0,24.9,70.0,14910.0,4,11,0
2025-10-11 00:00:00,CNC-003,72.8,0.95,153.0,1501.0,24.7,68.3,14915.0,4,42,0
2025-10-11 06:00:00,CNC-003,73.1,1.68,158.6,1497.0,26.6,72.8,14919.0,4,12,0
2025-10-11 12:00:00,CNC-003,72.4,1.14,159.0,1503.0,24.9,73.9,14924.0,4,12,0
2025-10-11 18:00:00,CNC-003,71.7,1.6,156.8,1509.0,26.1,70.3,14930.0,4,42,0
2025-10-12 00:00:00,CNC-003,70.9,1.0,157.6,1507.0,23.4,73.5,14936.0,4,43,0
2025-10-12 06:00:00,CNC-003,74.5,1.06,157.7,1506.0,26.2,69.4,14941.0,4,43,0
2025-10-12 12:00:00,CNC-003,71.9,1.01,155.7,1497.0,24.5,74.2,14945.0,4,43,0
2025-10-12 18:00:00,CNC-003,70.4,0.88,156.6,1504.0,24.1,73.4,14950.0,4,13,0
2025-10-13 00:00:00,CNC-003,72.3,0.94,155.5,1500.0,24.6,70.5,14955.0,4,14,0
2025-10-13 06:00:00,CNC-003,76.6,1.01,156.2,1508.0,26.1,69.4,14960.0,4,14,0
2025-10-13 12:00:00,CNC-003,73.1,0.95,159.8,1509.0,24.6,76.5,14964.0,4,14,0
2025-10-13 18:00:00,CNC-003,71.7,0.95,159.8,1495.0,25.0,71.0,14970.0,4,14,0
2025-10-14 00:00:00,CNC-003,74.6,1.08,158.5,1514.0,25.9,72.5,14975.0,4,45,0
2025-10-14 06:00:00,CNC-003,74.5,1.06,154.1,1502.0,26.5,72.7,14980.0,4,15,0
2025-10-14 12:00:00,CNC-003,76.2,1.73,156.0,1511.0,27.2,75.5,14984.0,4,15,0
2025-10-14 18:00:00,CNC-003,71.3,1.47,157.3,1503.0,25.8,77.8,14989.0,4,15,0
2025-10-15 00:00:00,CNC-003,73.2,1.67,156.4,1497.0,26.8,73.8,14994.0,4,46,0
2025-10-15 06:00:00,CNC-003,77.7,1.23,155.5,1506.0,26.4,73.0,14998.0,4,16,0
2025-10-15 12:00:00,CNC-003,73.8,1.3,153.1,1506.0,25.9,72.2,15004.0,4,46,0
2025-10-15 18:00:00,CNC-003,70.9,1.51,151.1,1496.0,25.9,71.9,15009.0,4,16,0
2025-10-16 00:00:00,CNC-003,75.9,1.73,157.1,1506.0,27.8,75.4,15013.0,4,17,0
2025-10-16 06:00:00,CNC-003,78.5,1.43,154.5,1481.0,26.9,73.0,15018.0,4,17,0
2025-10-16 12:00:00,CNC-003,75.6,1.43,151.4,1490.0,26.2,74.2,15024.0,4,17,0
2025-10-16 18:00:00,CNC-003,74.3,1.68,155.1,1487.0,26.9,71.6,15028.0,4,17,0
2025-10-17 00:00:00,CNC-003,75.6,1.86,154.0,1485.0,28.7,75.4,15034.0,4,18,0
2025-10-17 06:00:00,CNC-003,77.6,1.48,155.5,1505.0,27.1,73.4,15038.0,4,18,0
2025-10-17 12:00:00,CNC-003,75.8,2.73,153.0,1481.0,29.5,76.1,15043.0,4,18,0
2025-10-17 18:00:00,CNC-003,73.2,1.42,155.1,1486.0,25.9,77.2,15048.0,4,18,0
2025-10-18 00:00:00,CNC-003,79.2,1.93,155.9,1496.0,27.6,74.2,15053.0,4,19,0
2025-10-18 06:00:00,CNC-003,81.9,1.7,152.2,1473.0,28.0,71.1,15059.0,4,19,0
2025-10-18 12:00:00,CNC-003,76.9,1.49,155.0,1476.0,28.8,72.7,15064.0,4,19,0
2025-10-18 18:00:00,CNC-003,78.3,1.7,153.2,1485.0,28.6,74.1,15069.0,4,19,0
2025-10-19 00:00:00,CNC-003,80.6,1.67,154.7,1489.0,28.1,74.3,15074.0,4,20,0
2025-10-19 06:00:00,CNC-003,81.9,2.81,154.7,1487.0,32.4,78.9,15080.0,4,20,0
2025-10-19 12:00:00,CNC-003,79.2,2.42,155.2,1477.0,30.6,76.2,15084.0,4,20,0
2025-10-19 18:00:00,CNC-003,77.0,1.92,155.8,1509.0,27.8,75.6,15089.0,4,50,0
2025-10-20 00:00:00,CNC-003,80.0,1.72,151.6,1497.0,29.8,73.6,15094.0,4,51,1
2025-10-20 06:00:00,CNC-003,82.3,2.48,151.7,1502.0,30.1,75.8,15099.0,4,51,1
2025-10-20 12:00:00,CNC-003,78.7,3.04,153.8,1486.0,31.8,77.1,15104.0,4,51,1
2025-10-20 18:00:00,CNC-003,77.7,2.1,151.4,1483.0,29.7,73.9,15110.0,4,51,1
2025-10-21 00:00:00,CNC-003,82.9,2.41,153.4,1476.0,31.1,74.8,15116.0,4,22,1
2025-10-21 06:00:00,CNC-003,82.8,2.36,150.8,1491.0,30.2,74.8,15120.0,4,52,1
2025-10-21 12:00:00,CNC-003,82.4,2.19,152.6,1490.0,30.3,79.7,15126.0,4,22,1
2025-10-21 18:00:00,CNC-003,81.6,2.3,157.1,1471.0,31.1,77.5,15130.0,4,52,1
2025-10-22 00:00:00,CNC-003,83.5,2.48,155.2,1474.0,30.9,82.4,15136.0,4,23,1
2025-10-22 06:00:00,CNC-003,87.0,2.06,148.8,1486.0,30.4,73.4,15141.0,4,23,1
2025-10-22 12:00:00,CNC-003,84.8,3.09,150.6,1466.0,32.9,73.0,15147.0,4,23,1
2025-10-22 18:00:00,CNC-003,78.1,2.05,155.7,1491.0,30.4,79.4,15152.0,4,53,1
2025-10-23 00:00:00,CNC-003,79.9,2.57,146.1,1475.0,30.7,76.6,15157.0,4,24,1
2025-10-23 06:00:00,CNC-003,87.9,2.39,152.4,1457.0,31.3,72.3,15163.0,4,24,1
2025-10-23 12:00:00,CNC-003,83.1,2.37,152.7,1471.0,32.0,79.7,15169.0,4,24,1
2025-10-23 18:00:00,CNC-003,78.2,2.63,147.6,1459.0,31.1,73.3,15173.0,4,54,1
2025-10-24 00:00:00,CNC-003,85.0,2.18,148.2,1496.0,32.3,82.1,15178.0,4,25,1
2025-10-24 06:00:00,CNC-003,86.1,3.79,147.8,1479.0,35.8,78.1,15182.0,4,25,1
2025-10-24 12:00:00,CNC-003,84.4,2.68,150.4,1458.0,30.9,84.0,15188.0,4,55,1
2025-10-24 18:00:00,CNC-003,80.9,3.12,147.7,1458.0,32.4,85.6,15193.0,4,55,1
2025-10-25 00:00:00,CNC-003,82.5,4.0,155.1,1468.0,35.8,86.8,15199.0,4,26,1
2025-10-25 06:00:00,CNC-003,84.5,3.95,146.3,1461.0,35.4,78.0,15206.0,4,56,1
2025-10-25 12:00:00,CNC-003,85.3,3.13,147.1,1496.0,33.3,82.1,15211.0,4,26,1
2025-10-25 18:00:00,CNC-003,78.3,2.92,148.3,1480.0,32.4,76.3,15215.0,4,26,1
2025-10-26 00:00:00,CNC-003,82.1,2.94,143.0,1467.0,32.2,82.0,15220.0,4,27,1
2025-10-26 06:00:00,CNC-003,88.4,3.9,144.2,1472.0,35.8,82.9,15224.0,4,27,1
2025-10-26 12:00:00,CNC-003,80.7,3.73,149.6,1481.0,34.9,77.4,15229.0,4,27,1
2025-10-26 18:00:00,CNC-003,85.2,3.7,146.5,1469.0,34.8,86.1,15234.0,4,27,1
2025-10-27 00:00:00,CNC-003,71.7,1.08,156.6,1513.0,25.0,73.1,15239.0,4,28,0
2025-10-27 06:00:00,CNC-003,74.4,1.29,154.5,1504.0,25.9,72.4,15244.0,4,28,0
2025-10-27 12:00:00,CNC-003,72.3,0.9,157.1,1504.0,25.3,74.2,15249.0,4,58,0
2025-10-27 18:00:00,CNC-003,70.0,1.14,157.7,1511.0,24.8,70.5,15254.0,4,28,0
2025-10-28 00:00:00,CNC-003,72.1,1.03,158.3,1503.0,25.5,76.4,15260.0,4,29,0
2025-10-28 06:00:00,CNC-003,75.1,0.95,156.4,1503.0,25.0,71.4,15265.0,4,29,0
2025-10-28 12:00:00,CNC-003,73.6,0.93,159.4,1503.0,25.4,70.4,15270.0,4,29,0
2025-10-28 18:00:00,CNC-003,69.1,0.88,161.3,1501.0,23.5,75.4,15276.0,4,29,0
2025-10-29 00:00:00,CNC-003,73.1,1.18,153.1,1489.0,25.2,69.4,15281.0,4,30,0
2025-10-29 06:00:00,CNC-003,74.2,1.04,156.7,1503.0,25.1,70.3,15286.0,4,0,0
2025-10-29 12:00:00,CNC-003,74.3,1.02,154.3,1498.0,24.9,70.2,15291.0,4,30,0
2025-10-29 18:00:00,CNC-003,71.8,1.02,157.5,1500.0,25.2,70.0,15296.0,4,30,0
2025-10-30 00:00:00,CNC-003,72.5,1.07,157.7,1501.0,23.8,75.2,15300.0,4,31,0
2025-10-30 06:00:00,CNC-003,75.5,0.92,159.6,1507.0,24.8,72.2,15306.0,4,31,0
2025-10-30 12:00:00,CNC-003,71.5,1.02,160.8,1498.0,24.1,68.9,15312.0,4,31,0
2025-10-30 18:00:00,CNC-003,71.0,0.88,159.0,1504.0,24.4,71.5,15319.0,4,1,0
2025-10-31 00:00:00,CNC-003,70.6,1.0,159.8,1494.0,25.3,70.1,15324.0,4,32,0
2025-10-31 06:00:00,CNC-003,76.2,0.94,157.8,1499.0,25.9,73.6,15329.0,4,2,0
2025-10-31 12:00:00,CNC-003,74.1,1.0,158.9,1503.0,24.8,71.4,15335.0,4,32,0
2025-10-31 18:00:00,CNC-003,71.1,1.22,157.9,1517.0,25.6,74.4,15340.0,4,32,0
2025-11-01 00:00:00,CNC-003,69.8,0.96,154.5,1509.0,24.4,68.3,15346.0,4,33,0
2025-11-01 06:00:00,CNC-003,74.7,1.0,158.3,1511.0,25.4,74.1,15350.0,4,33,0
2025-11-01 12:00:00,CNC-003,72.8,1.19,154.1,1498.0,25.5,69.9,15356.0,4,3,0
2025-11-01 18:00:00,CNC-003,68.1,1.1,157.7,1499.0,24.3,71.9,15361.0,4,33,0
2025-11-02 00:00:00,CNC-003,71.7,0.9,157.9,1507.0,24.1,74.7,15367.0,4,34,0
2025-11-02 06:00:00,CNC-003,74.5,0.88,157.2,1497.0,24.9,68.7,15373.0,4,34,0
2025-11-02 12:00:00,CNC-003,71.3,0.93,156.0,1508.0,24.3,71.8,15379.0,4,34,0
2025-11-02 18:00:00,CNC-003,72.5,0.93,158.0,1519.0,24.8,71.9,15383.0,4,34,0
2025-11-03 00:00:00,CNC-003,74.7,1.07,159.1,1504.0,25.5,69.6,15389.0,4,35,0
2025-11-03 06:00:00,CNC-003,76.1,0.98,158.7,1513.0,25.1,74.3,15394.0,4,35,0
2025-11-03 12:00:00,CNC-003,72.7,0.92,162.3,1489.0,24.8,70.1,15400.0,4,35,0
2025-11-03 18:00:00,CNC-003,69.5,1.35,156.7,1497.0,25.0,70.4,15406.0,4,35,0
2025-11-04 00:00:00,CNC-003,71.3,1.46,154.6,1499.0,26.2,75.8,15412.0,4,6,0
2025-11-04 06:00:00,CNC-003,75.7,1.6,156.1,1507.0,26.2,71.6,15418.0,4,36,0
2025-11-04 12:00:00,CNC-003,71.9,0.99,159.1,1514.0,24.3,69.9,15424.0,4,36,0
2025-11-04 18:00:00,CNC-003,72.3,1.13,158.8,1506.0,24.9,74.3,15430.0,4,36,0
2025-11-05 00:00:00,CNC-003,71.8,0.91,155.7,1500.0,24.9,71.9,15437.0,4,7,0
2025-11-05 06:00:00,CNC-003,72.4,0.91,158.2,1500.0,24.9,72.3,15442.0,4,7,0
2025-11-05 12:00:00,CNC-003,72.1,1.26,158.6,1497.0,24.7,72.2,15447.0,4,7,0
2025-11-05 18:00:00,CNC-003,71.9,0.93,156.1,1512.0,25.2,74.1,15453.0,4,37,0
2025-11-06 00:00:00,CNC-003,68.7,0.89,157.3,1505.0,23.4,68.5,15458.0,4,8,0
2025-11-06 06:00:00,CNC-003,75.4,0.9,158.5,1505.0,25.3,69.9,15464.0,4,38,0
2025-11-06 12:00:00,CNC-003,71.9,1.12,157.3,1507.0,24.4,76.0,15470.0,4,8,0
2025-11-06 18:00:00,CNC-003,69.2,1.04,156.2,1508.0,24.4,73.5,15477.0,4,8,0
2025-11-07 00:00:00,CNC-003,72.5,0.95,158.8,1503.0,25.1,72.7,15483.0,4,39,0
2025-11-07 06:00:00,CNC-003,75.3,0.89,157.2,1485.0,25.7,70.5,15489.0,4,9,0
2025-11-07 12:00:00,CNC-003,72.3,0.93,155.1,1502.0,25.6,71.7,15494.0,4,39,0
2025-11-07 18:00:00,CNC-003,72.3,0.98,158.9,1487.0,24.4,71.2,15499.0,4,9,0
2025-11-08 00:00:00,CNC-003,71.1,0.95,158.4,1495.0,25.0,72.7,15505.0,4,10,0
2025-11-08 06:00:00,CNC-003,71.7,0.95,158.3,1506.0,24.4,70.1,15510.0,4,40,0
2025-11-08 12:00:00,CNC-003,72.0,1.2,155.5,1511.0,25.6,70.7,15515.0,4,40,0
2025-11-08 18:00:00,CNC-003,72.3,0.94,155.8,1498.0,24.7,71.8,15519.0,4,10,0
2025-11-09 00:00:00,CNC-003,71.7,0.94,158.6,1502.0,25.1,72.0,15524.0,4,11,0
2025-11-09 06:00:00,CNC-003,75.8,0.94,153.6,1523.0,24.9,73.6,15528.0,4,41,0
2025-11-09 12:00:00,CNC-003,71.0,1.38,158.3,1495.0,26.5,71.6,15533.0,4,41,0
2025-11-09 18:00:00,CNC-003,73.1,0.93,157.9,1508.0,24.8,73.6,15539.0,4,41,0
2025-11-10 00:00:00,CNC-003,71.5,0.97,161.4,1509.0,25.2,71.7,15543.0,4,12,0
2025-11-10 06:00:00,CNC-003,73.6,1.29,156.9,1500.0,26.1,74.2,15547.0,4,42,0
2025-11-10 12:00:00,CNC-003,72.3,1.27,165.1,1495.0,25.8,74.8,15553.0,4,12,0
2025-11-10 18:00:00,CNC-003,69.8,0.95,155.0,1510.0,24.9,71.4,15558.0,4,42,0
2025-11-11 00:00:00,CNC-003,72.1,0.97,155.5,1501.0,24.4,71.9,15563.0,4,43,0
2025-11-11 06:00:00,CNC-003,73.8,1.04,153.3,1508.0,25.5,74.8,15569.0,4,43,0
2025-11-11 12:00:00,CNC-003,73.5,0.89,156.4,1503.0,25.1,71.7,15576.0,4,43,0
2025-11-11 18:00:00,CNC-003,72.0,1.03,157.4,1506.0,24.4,71.9,15582.0,4,43,0
2025-11-12 00:00:00,CNC-003,73.6,1.05,156.6,1479.0,25.4,72.2,15587.0,4,44,0
2025-11-12 06:00:00,CNC-003,73.7,0.89,158.5,1499.0,24.6,75.0,15593.0,4,44,0
2025-11-12 12:00:00,CNC-003,72.0,1.0,159.7,1512.0,24.5,72.4,15598.0,4,44,0
2025-11-12 18:00:00,CNC-003,66.6,1.09,159.0,1494.0,24.4,73.7,15603.0,4,44,0
2025-11-13 00:00:00,CNC-003,74.9,1.42,156.4,1506.0,25.6,69.2,15607.0,4,0,0
2025-11-13 06:00:00,CNC-003,74.1,1.02,157.1,1511.0,26.5,69.3,15612.0,4,0,0
2025-11-13 12:00:00,CNC-003,72.7,1.23,156.8,1513.0,25.4,75.3,15616.0,4,45,0
2025-11-13 18:00:00,CNC-003,69.3,1.08,160.8,1517.0,24.5,68.7,15623.0,4,0,0
2025-11-14 00:00:00,CNC-003,72.6,1.16,157.4,1486.0,25.2,73.0,15627.0,4,1,0
2025-11-14 06:00:00,CNC-003,72.5,0.91,161.1,1499.0,25.5,71.7,15633.0,4,46,0
2025-11-14 12:00:00,CNC-003,72.1,1.22,160.0,1511.0,25.2,72.2,15639.0,4,1,0
2025-11-14 18:00:00,CNC-003,69.7,0.96,154.4,1500.0,25.2,69.2,15644.0,4,1,0
2025-11-15 00:00:00,CNC-003,69.5,1.06,156.9,1507.0,25.4,70.7,15650.0,4,2,0
2025-11-15 06:00:00,CNC-003,74.0,1.35,156.6,1509.0,25.3,71.9,15655.0,4,17,0
2025-11-15 12:00:00,CNC-003,70.0,1.34,161.3,1497.0,26.1,70.6,15661.0,4,17,0
2025-11-15 18:00:00,CNC-003,68.5,0.93,157.4,1502.0,23.3,71.5,15667.0,4,17,0
2025-11-16 00:00:00,CNC-003,71.3,1.16,158.7,1493.0,24.2,74.4,15672.0,4,48,0
2025-11-16 06:00:00,CNC-003,73.5,0.88,155.6,1500.0,25.1,71.9,15676.0,4,48,0
2025-11-16 12:00:00,CNC-003,69.9,0.97,157.6,1505.0,24.7,72.5,15682.0,4,18,0
2025-11-16 18:00:00,CNC-003,70.8,1.36,159.4,1508.0,25.5,72.1,15688.0,4,48,0
2025-11-17 00:00:00,CNC-003,70.7,0.98,154.3,1498.0,24.8,70.0,15693.0,4,19,0
2025-11-17 06:00:00,CNC-003,73.8,0.9,157.0,1503.0,25.1,72.7,15699.0,4,4,0
2025-11-17 12:00:00,CNC-003,72.2,0.91,159.6,1504.0,24.9,71.0,15704.0,4,4,0
2025-11-17 18:00:00,CNC-003,69.6,1.04,160.9,1508.0,24.7,74.3,15710.0,4,19,0
2025-11-18 00:00:00,CNC-003,72.3,0.94,159.7,1499.0,24.8,71.3,15715.0,4,5,0
2025-11-18 06:00:00,CNC-003,75.1,1.05,158.9,1508.0,25.3,76.1,15721.0,4,50,0
2025-11-18 12:00:00,CNC-003,71.6,0.88,157.9,1495.0,24.2,70.5,15725.0,4,20,0
2025-11-18 18:00:00,CNC-003,69.6,1.0,156.9,1499.0,24.6,74.7,15731.0,4,50,0
2025-11-19 00:00:00,CNC-003,72.9,0.89,158.9,1489.0,25.0,74.9,15735.0,4,51,0
2025-11-19 06:00:00,CNC-003,73.6,1.83,152.8,1488.0,26.6,69.5,15739.0,4,21,0
2025-11-19 12:00:00,CNC-003,71.4,1.14,156.2,1497.0,24.5,73.7,15744.0,4,51,0
2025-11-19 18:00:00,CNC-003,68.8,0.96,157.3,1499.0,25.2,71.3,15749.0,4,6,0
2025-11-20 00:00:00,CNC-003,71.8,1.13,156.1,1499.0,25.0,70.4,15755.0,4,22,0
2025-11-20 06:00:00,CNC-003,73.9,1.19,156.4,1513.0,25.6,72.0,15760.0,4,22,0
2025-11-20 12:00:00,CNC-003,71.6,1.04,154.9,1502.0,25.4,66.9,15765.0,4,52,0
2025-11-20 18:00:00,CNC-003,70.4,1.06,157.4,1498.0,24.4,75.3,15771.0,4,7,0
2025-11-21 00:00:00,CNC-003,72.3,1.12,157.9,1506.0,25.1,72.8,15776.0,4,53,0
2025-11-21 06:00:00,CNC-003,72.2,1.11,157.6,1499.0,24.6,71.6,15780.0,4,53,0
2025-11-21 12:00:00,CNC-003,72.0,0.92,156.7,1499.0,25.3,67.8,15785.0,4,8,0
2025-11-21 18:00:00,CNC-003,72.3,0.96,155.5,1506.0,25.6,74.4,15791.0,4,23,0
2025-11-22 00:00:00,CNC-003,71.4,1.0,155.8,1490.0,25.3,71.0,15795.0,4,9,0
2025-11-22 06:00:00,CNC-003,74.6,1.05,156.8,1502.0,25.6,68.5,15799.0,4,54,0
2025-11-22 12:00:00,CNC-003,68.5,1.11,158.5,1490.0,24.1,70.4,15805.0,4,54,0
2025-11-22 18:00:00,CNC-003,71.1,1.15,156.7,1497.0,25.5,72.3,15810.0,4,9,0
2025-11-23 00:00:00,CNC-003,71.9,0.96,154.8,1494.0,25.0,70.8,15816.0,4,25,0
2025-11-23 06:00:00,CNC-003,71.9,0.88,160.9,1510.0,24.2,73.0,15822.0,4,25,0
2025-11-23 12:00:00,CNC-003,73.3,1.07,157.2,1494.0,25.4,73.2,15826.0,4,55,0
2025-11-23 18:00:00,CNC-003,68.1,0.89,155.7,1506.0,23.3,73.3,15831.0,4,55,0
2025-11-24 00:00:00,CNC-003,70.8,0.98,157.8,1512.0,24.9,74.4,15836.0,4,11,0
2025-11-24 06:00:00,CNC-003,72.0,0.91,154.5,1509.0,24.9,71.4,15841.0,4,11,0
2025-11-24 12:00:00,CNC-003,70.8,1.11,158.2,1504.0,24.2,69.8,15846.0,4,11,0
2025-11-24 18:00:00,CNC-003,70.1,1.06,156.4,1499.0,25.1,73.9,15850.0,4,11,0
2025-11-25 00:00:00,CNC-003,72.1,1.55,154.5,1502.0,25.6,73.5,15854.0,4,57,0
2025-11-25 06:00:00,CNC-003,72.8,0.95,157.7,1501.0,25.1,68.7,15861.0,4,57,0
2025-11-25 12:00:00,CNC-003,73.9,1.02,152.3,1510.0,24.6,72.4,15866.0,4,12,0
2025-11-25 18:00:00,CNC-003,68.3,0.93,155.5,1498.0,23.4,73.0,15870.0,4,57,0
2025-11-26 00:00:00,CNC-003,71.5,0.91,160.7,1509.0,23.5,73.4,15875.0,4,28,0
2025-11-26 06:00:00,CNC-003,74.6,1.01,157.3,1504.0,25.4,70.2,15881.0,4,58,0
2025-11-26 12:00:00,CNC-003,72.6,0.9,152.5,1497.0,24.2,74.2,15886.0,4,13,0
2025-11-26 18:00:00,CNC-003,69.9,0.97,157.1,1503.0,24.3,73.1,15892.0,4,28,0
2025-11-27 00:00:00,CNC-003,72.0,0.89,158.4,1504.0,24.3,71.7,15897.0,4,59,0
2025-11-27 06:00:00,CNC-003,71.1,1.03,156.7,1508.0,25.3,71.2,15903.0,4,29,0
2025-11-27 12:00:00,CNC-003,70.5,0.9,159.0,1514.0,24.1,71.4,15908.0,4,14,0
2025-11-27 18:00:00,CNC-003,69.2,0.96,157.6,1505.0,24.1,74.8,15912.0,4,29,0
2025-11-28 00:00:00,CNC-003,71.9,0.92,159.3,1531.0,24.5,70.9,15917.0,4,60,0
2025-11-28 06:00:00,CNC-003,73.4,0.96,159.9,1493.0,25.2,73.1,15922.0,4,60,0
2025-11-28 12:00:00,CNC-003,70.3,1.07,157.9,1500.0,23.9,73.2,15927.0,4,60,0
2025-11-28 18:00:00,CNC-003,69.1,0.99,156.2,1495.0,24.9,69.7,15933.0,4,60,0
2025-11-29 00:00:00,CNC-003,70.5,1.06,158.2,1517.0,24.2,72.6,15938.0,4,61,0
2025-11-29 06:00:00,CNC-003,75.0,1.42,159.0,1504.0,25.4,72.4,15943.0,4,61,0
2025-11-29 12:00:00,CNC-003,70.5,0.98,158.1,1488.0,24.7,71.6,15949.0,4,31,0
2025-11-29 18:00:00,CNC-003,68.8,1.0,157.2,1507.0,24.6,71.3,15955.0,4,16,0
2025-11-30 00:00:00,CNC-003,71.1,1.22,156.8,1500.0,25.7,73.1,15961.0,4,62,0
2025-11-30 06:00:00,CNC-003,74.5,1.36,156.2,1515.0,25.6,72.6,15966.0,4,62,0
2025-11-30 12:00:00,CNC-003,71.5,1.18,154.8,1502.0,26.0,73.5,15972.0,4,62,0
2025-11-30 18:00:00,CNC-003,69.2,0.92,156.8,1505.0,23.8,74.0,15976.0,4,32,0
2025-12-01 00:00:00,CNC-003,72.5,1.01,155.3,1501.0,24.1,71.0,15982.0,4,63,0
2025-12-01 06:00:00,CNC-003,73.9,1.01,159.7,1509.0,25.4,71.2,15986.0,4,33,0
2025-12-01 12:00:00,CNC-003,71.5,0.9,156.0,1513.0,25.0,74.0,15993.0,4,18,0
2025-12-01 18:00:00,CNC-003,66.6,0.95,158.7,1495.0,24.1,71.6,15997.0,4,18,0
2025-12-02 00:00:00,CNC-003,71.0,0.93,158.3,1492.0,25.1,74.5,16003.0,4,64,0
2025-12-02 06:00:00,CNC-003,74.3,1.04,156.0,1504.0,24.9,71.6,16007.0,4,19,0
2025-12-02 12:00:00,CNC-003,70.1,0.91,155.9,1498.0,23.8,74.9,16011.0,4,34,0
2025-12-02 18:00:00,CNC-003,68.3,1.16,157.9,1496.0,25.3,72.3,16017.0,4,64,0
2025-12-03 00:00:00,CNC-003,70.8,0.89,155.6,1500.0,25.0,76.1,16022.0,4,65,0
2025-12-03 06:00:00,CNC-003,71.7,1.05,157.6,1500.0,24.1,70.1,16027.0,4,65,0
2025-12-03 12:00:00,CNC-003,70.0,1.12,157.7,1499.0,25.2,71.6,16032.0,4,65,0
2025-12-03 18:00:00,CNC-003,69.7,1.04,159.0,1514.0,24.8,70.6,16038.0,4,65,0
2025-12-04 00:00:00,CNC-003,71.3,0.93,157.0,1498.0,24.7,71.4,16043.0,4,66,0
2025-12-04 06:00:00,CNC-003,73.5,0.89,157.6,1511.0,24.8,72.2,16047.0,4,21,0
2025-12-04 12:00:00,CNC-003,71.2,0.9,157.4,1512.0,24.8,71.4,16053.0,4,36,0
2025-12-04 18:00:00,CNC-003,69.1,1.07,158.8,1493.0,24.3,73.7,16059.0,4,21,0
2025-12-05 00:00:00,CNC-003,71.3,0.98,161.1,1507.0,24.6,70.7,16065.0,4,22,0
2025-12-05 06:00:00,CNC-003,73.0,1.19,159.9,1513.0,25.4,69.2,16071.0,4,67,0
2025-12-05 12:00:00,CNC-003,69.3,1.31,157.0,1509.0,24.9,70.5,16076.0,4,22,0
2025-12-05 18:00:00,CNC-003,70.9,0.96,155.8,1503.0,23.9,73.9,16081.0,4,22,0
2025-12-06 00:00:00,CNC-003,70.8,0.89,157.8,1496.0,24.2,69.2,16085.0,4,23,0
2025-12-06 06:00:00,CNC-003,72.1,0.88,157.1,1515.0,24.2,70.5,16090.0,4,38,0
2025-12-06 12:00:00,CNC-003,70.2,1.17,158.8,1485.0,25.3,71.8,16094.0,4,38,0
2025-12-06 18:00:00,CNC-003,67.8,1.09,156.8,1513.0,24.9,72.5,16100.0,4,23,0
2025-12-07 00:00:00,CNC-003,71.0,0.88,160.3,1504.0,23.8,76.1,16105.0,4,69,0
2025-12-07 06:00:00,CNC-003,73.6,0.93,158.8,1494.0,24.9,74.3,16111.0,4,39,0
2025-12-07 12:00:00,CNC-003,73.3,1.05,157.7,1503.0,25.4,69.9,16115.0,4,39,0
2025-12-07 18:00:00,CNC-003,67.8,0.91,156.9,1522.0,24.2,74.1,16121.0,4,69,0
2025-12-08 00:00:00,CNC-003,71.4,0.95,157.9,1516.0,24.0,69.0,16125.0,4,25,0
2025-12-08 06:00:00,CNC-003,72.5,1.09,157.5,1509.0,24.2,74.2,16131.0,4,25,0
2025-12-08 12:00:00,CNC-003,70.4,0.91,157.9,1509.0,24.3,75.4,16136.0,4,40,0
2025-12-08 18:00:00,CNC-003,68.1,1.35,157.1,1504.0,25.3,74.5,16141.0,4,40,0
2025-12-09 00:00:00,CNC-003,71.2,1.11,157.7,1500.0,24.3,67.3,16145.0,4,26,0
2025-12-09 06:00:00,CNC-003,73.2,0.9,156.1,1501.0,25.1,71.2,16151.0,4,71,0
2025-12-09 12:00:00,CNC-003,72.9,0.99,155.5,1508.0,25.2,68.4,16157.0,4,41,0
2025-12-09 18:00:00,CNC-003,67.8,1.01,159.1,1513.0,23.8,72.8,16163.0,4,26,0
2025-12-10 00:00:00,CNC-003,71.5,1.04,156.4,1496.0,24.8,73.2,16169.0,4,72,0
2025-12-10 06:00:00,CNC-003,72.1,0.96,155.2,1495.0,24.4,75.2,16175.0,4,72,0
2025-12-10 12:00:00,CNC-003,68.7,0.94,157.4,1516.0,24.9,73.3,16180.0,4,72,0
2025-12-10 18:00:00,CNC-003,70.0,0.91,160.7,1503.0,24.4,69.4,16187.0,4,72,0
2025-12-11 00:00:00,CNC-003,71.3,0.93,155.7,1496.0,24.5,67.9,16191.0,4,43,0
2025-12-11 06:00:00,CNC-003,71.1,1.02,157.0,1486.0,24.8,73.2,16195.0,4,28,0
2025-12-11 12:00:00,CNC-003,69.1,1.14,157.4,1504.0,25.4,75.9,16201.0,4,28,0
2025-12-11 18:00:00,CNC-003,68.9,0.93,157.3,1496.0,23.6,72.0,16207.0,4,28,0
2025-12-12 00:00:00,CNC-003,70.9,0.96,157.5,1504.0,24.9,69.6,16214.0,4,29,0
2025-12-12 06:00:00,CNC-003,71.5,1.21,159.4,1498.0,25.4,71.8,16219.0,4,29,0
2025-12-12 12:00:00,CNC-003,71.0,0.93,158.8,1506.0,23.9,72.2,16223.0,4,74,0
2025-12-12 18:00:00,CNC-003,69.5,0.9,159.3,1510.0,23.5,75.0,16229.0,4,44,0
2025-12-13 00:00:00,CNC-003,70.1,0.91,157.1,1503.0,24.1,72.2,16236.0,4,45,0
2025-12-13 06:00:00,CNC-003,71.6,1.04,157.3,1512.0,25.0,72.2,16240.0,4,75,0
2025-12-13 12:00:00,CNC-003,70.4,1.02,156.5,1500.0,24.8,71.7,16244.0,4,75,0
2025-12-13 18:00:00,CNC-003,68.5,1.14,160.5,1502.0,25.1,71.7,16250.0,4,75,0
2025-12-14 00:00:00,CNC-003,70.4,1.01,154.8,1512.0,24.9,72.2,16255.0,4,31,0
2025-12-14 06:00:00,CNC-003,74.1,0.96,153.6,1507.0,25.3,67.8,16260.0,4,31,0
2025-12-14 12:00:00,CNC-003,71.8,1.03,159.3,1497.0,25.1,74.2,16264.0,4,76,0
2025-12-14 18:00:00,CNC-003,69.1,0.97,156.7,1500.0,23.8,69.3,16269.0,4,31,0
2025-12-15 00:00:00,CNC-003,69.3,1.11,156.6,1502.0,25.1,72.1,16274.0,4,47,0
2025-12-15 06:00:00,CNC-003,74.0,0.89,158.0,1514.0,24.8,73.7,16278.0,4,77,0
2025-12-15 12:00:00,CNC-003,72.1,0.94,157.4,1506.0,23.9,67.0,16283.0,4,32,0
2025-12-15 18:00:00,CNC-003,68.1,0.91,158.3,1502.0,24.5,76.2,16287.0,4,32,0
2025-12-16 00:00:00,CNC-003,71.6,0.91,160.0,1506.0,24.0,71.6,16294.0,4,78,0
2025-12-16 06:00:00,CNC-003,72.3,1.12,151.3,1496.0,25.0,70.2,16299.0,4,48,0
2025-12-16 12:00:00,CNC-003,70.6,0.92,161.7,1505.0,24.0,70.1,16305.0,4,33,0
2025-12-16 18:00:00,CNC-003,68.8,1.14,158.6,1499.0,24.8,71.9,16311.0,4,33,0
2025-12-17 00:00:00,CNC-003,72.1,0.89,156.8,1499.0,24.7,72.2,16317.0,4,34,0
2025-12-17 06:00:00,CNC-003,71.8,0.95,153.5,1505.0,24.9,74.3,16322.0,4,49,0
2025-12-17 12:00:00,CNC-003,70.9,1.12,154.0,1499.0,24.2,72.6,16326.0,4,79,0
2025-12-17 18:00:00,CNC-003,67.5,1.23,159.0,1498.0,25.0,72.4,16331.0,4,79,0
2025-12-18 00:00:00,CNC-003,70.4,0.88,157.4,1501.0,23.9,67.7,16337.0,4,80,0
2025-12-18 06:00:00,CNC-003,70.9,0.91,158.2,1494.0,24.1,71.9,16343.0,4,50,0
2025-12-18 12:00:00,CNC-003,70.0,1.07,153.2,1508.0,24.2,74.6,16349.0,4,50,0
2025-12-18 18:00:00,CNC-003,66.7,0.89,156.6,1501.0,23.5,76.9,16354.0,4,35,0
2025-12-19 00:00:00,CNC-003,70.2,0.94,160.7,1504.0,25.5,72.0,16360.0,4,81,0
2025-12-19 06:00:00,CNC-003,71.5,1.64,160.1,1505.0,27.3,74.7,16364.0,4,51,0
2025-12-19 12:00:00,CNC-003,71.6,0.91,157.9,1520.0,24.9,72.6,16370.0,4,81,0
2025-12-19 18:00:00,CNC-003,67.2,0.9,153.9,1504.0,23.7,72.6,16376.0,4,81,0
2025-12-20 00:00:00,CNC-003,70.6,1.18,159.5,1506.0,25.1,72.5,16382.0,4,82,0
2025-12-20 06:00:00,CNC-003,72.8,0.99,158.9,1506.0,25.3,71.8,16386.0,4,37,0
2025-12-20 12:00:00,CNC-003,69.3,0.92,157.1,1496.0,24.3,72.3,16390.0,4,82,0
2025-12-20 18:00:00,CNC-003,68.3,1.02,159.3,1502.0,23.7,74.3,16396.0,4,82,0
2025-12-21 00:00:00,CNC-003,70.6,1.18,157.5,1508.0,25.5,73.0,16400.0,4,38,0
2025-12-21 06:00:00,CNC-003,73.5,1.01,160.1,1507.0,25.6,71.5,16404.0,4,38,0
2025-12-21 12:00:00,CNC-003,69.2,1.24,158.6,1498.0,25.0,70.0,16409.0,4,83,0
2025-12-21 18:00:00,CNC-003,66.8,0.92,158.0,1505.0,24.4,71.3,16415.0,4,38,0
2025-12-22 00:00:00,CNC-003,68.3,1.32,160.5,1505.0,24.8,68.3,16419.0,4,54,0
2025-12-22 06:00:00,CNC-003,73.5,0.9,155.9,1501.0,25.2,71.0,16424.0,4,39,0
2025-12-22 12:00:00,CNC-003,68.5,0.9,162.6,1509.0,24.1,70.7,16429.0,4,39,0
2025-12-22 18:00:00,CNC-003,66.0,0.92,156.9,1521.0,23.6,72.3,16434.0,4,39,0
2025-12-23 00:00:00,CNC-003,72.0,0.88,156.8,1498.0,24.1,70.8,16439.0,4,40,0
2025-12-23 06:00:00,CNC-003,72.9,1.23,156.9,1501.0,25.6,72.4,16444.0,4,85,0
2025-12-23 12:00:00,CNC-003,69.4,0.91,156.2,1508.0,24.0,69.4,16450.0,4,40,0
2025-12-23 18:00:00,CNC-003,70.3,0.89,154.8,1508.0,24.2,74.2,16455.0,4,55,0
2025-12-24 00:00:00,CNC-003,69.9,0.91,157.2,1515.0,24.5,70.8,16461.0,4,41,0
2025-12-24 06:00:00,CNC-003,73.3,0.97,157.1,1493.0,24.9,73.1,16466.0,4,86,0
2025-12-24 12:00:00,CNC-003,70.4,0.9,159.8,1497.0,25.1,74.4,16471.0,4,56,0
2025-12-24 18:00:00,CNC-003,66.6,0.9,157.1,1487.0,22.9,73.8,16477.0,4,41,0
2025-12-25 00:00:00,CNC-003,72.8,1.0,154.8,1509.0,26.3,71.8,16482.0,4,42,0
2025-12-25 06:00:00,CNC-003,73.1,1.03,156.0,1494.0,25.4,72.3,16488.0,4,42,0
2025-12-25 12:00:00,CNC-003,69.3,0.89,160.6,1499.0,23.5,73.8,16492.0,4,87,0
2025-12-25 18:00:00,CNC-003,68.4,1.01,159.6,1501.0,24.3,73.5,16497.0,4,57,0
2025-12-26 00:00:00,CNC-003,72.0,1.0,158.2,1498.0,23.7,71.6,16502.0,4,88,0
2025-12-26 06:00:00,CNC-003,70.5,1.05,156.1,1516.0,24.4,69.4,16507.0,4,88,0
2025-12-26 12:00:00,CNC-003,69.3,0.95,160.2,1512.0,24.2,69.9,16513.0,4,58,0
2025-12-26 18:00:00,CNC-003,69.2,1.05,158.9,1511.0,25.0,71.1,16517.0,4,58,0
2025-12-27 00:00:00,CNC-003,67.5,0.89,157.3,1491.0,23.9,71.0,16521.0,4,44,0
2025-12-27 06:00:00,CNC-003,69.7,0.95,157.6,1506.0,24.5,73.0,16527.0,4,59,0
2025-12-27 12:00:00,CNC-003,72.5,1.03,156.2,1489.0,25.0,72.8,16532.0,4,44,0
2025-12-27 18:00:00,CNC-003,68.0,0.97,158.1,1494.0,25.1,75.9,16537.0,4,59,0
2025-07-01 00:00:00,CNC-004,65.2,1.1,156.2,1488.0,23.8,72.6,10554.0,7,0,0
2025-07-01 06:00:00,CNC-004,66.7,1.11,152.8,1502.0,23.2,71.1,10559.0,7,0,0
2025-07-01 12:00:00,CNC-004,67.1,0.85,155.3,1503.0,23.9,73.5,10565.0,7,0,0
2025-07-01 18:00:00,CNC-004,65.3,0.99,155.1,1501.0,24.1,70.8,10571.0,7,0,0
2025-07-02 00:00:00,CNC-004,66.4,0.93,154.9,1501.0,23.1,69.3,10576.0,7,1,0
2025-07-02 06:00:00,CNC-004,68.4,0.87,153.5,1501.0,24.4,69.4,10580.0,7,1,0
2025-07-02 12:00:00,CNC-004,66.9,1.0,153.2,1498.0,24.1,69.2,10587.0,7,1,0
2025-07-02 18:00:00,CNC-004,66.4,1.3,154.3,1506.0,24.2,66.5,10593.0,7,1,0
2025-07-03 00:00:00,CNC-004,67.5,1.26,155.6,1483.0,23.8,72.4,10599.0,7,2,0
2025-07-03 06:00:00,CNC-004,67.8,0.87,153.1,1492.0,24.0,71.0,10603.0,7,2,0
2025-07-03 12:00:00,CNC-004,63.5,0.93,156.0,1504.0,24.2,69.8,10608.0,7,2,0
2025-07-03 18:00:00,CNC-004,63.8,0.97,154.5,1497.0,24.0,72.5,10612.0,7,2,0
2025-07-04 00:00:00,CNC-004,67.9,1.48,152.5,1491.0,25.4,70.8,10617.0,7,3,0
2025-07-04 06:00:00,CNC-004,67.8,1.01,152.5,1489.0,24.1,73.9,10624.0,7,3,0
2025-07-04 12:00:00,CNC-004,66.6,1.25,152.9,1494.0,24.0,72.5,10628.0,7,3,0
2025-07-04 18:00:00,CNC-004,64.8,0.89,156.8,1484.0,23.0,74.0,10634.0,7,3,0
2025-07-05 00:00:00,CNC-004,66.7,0.93,153.1,1495.0,23.2,73.4,10639.0,7,4,0
2025-07-05 06:00:00,CNC-004,66.2,1.13,152.5,1489.0,24.8,70.6,10643.0,7,4,0
2025-07-05 12:00:00,CNC-004,67.2,1.08,151.7,1487.0,24.0,72.0,10647.0,7,4,0
2025-07-05 18:00:00,CNC-004,64.5,1.04,156.3,1501.0,24.2,68.3,10653.0,7,4,0
2025-07-06 00:00:00,CNC-004,67.5,0.87,153.5,1494.0,23.4,71.2,10658.0,7,5,0
2025-07-06 06:00:00,CNC-004,68.3,0.9,150.0,1504.0,24.2,72.6,10663.0,7,5,0
2025-07-06 12:00:00,CNC-004,64.9,0.98,150.7,1488.0,23.2,73.0,10670.0,7,5,0
2025-07-06 18:00:00,CNC-004,64.4,0.89,149.8,1500.0,24.1,70.0,10675.0,7,5,0
2025-07-07 00:00:00,CNC-004,65.5,0.94,155.9,1492.0,23.4,73.2,10682.0,7,6,0
2025-07-07 06:00:00,CNC-004,69.0,0.99,153.8,1485.0,24.2,69.9,10686.0,7,6,0
2025-07-07 12:00:00,CNC-004,66.4,0.94,155.0,1498.0,23.7,72.0,10693.0,7,6,0
2025-07-07 18:00:00,CNC-004,65.5,0.85,152.9,1489.0,23.4,72.8,10697.0,7,6,0
2025-07-08 00:00:00,CNC-004,67.2,1.02,149.3,1492.0,23.7,70.4,10704.0,7,7,0
2025-07-08 06:00:00,CNC-004,68.8,0.96,153.7,1492.0,23.7,73.8,10709.0,7,7,0
2025-07-08 12:00:00,CNC-004,66.8,1.25,153.2,1494.0,24.3,74.4,10714.0,7,7,0
2025-07-08 18:00:00,CNC-004,65.1,1.17,152.6,1496.0,23.3,73.0,10719.0,7,7,0
2025-07-09 00:00:00,CNC-004,67.8,0.87,155.3,1490.0,24.2,69.0,10723.0,7,8,0
2025-07-09 06:00:00,CNC-004,67.3,0.91,150.3,1495.0,24.2,69.7,10728.0,7,8,0
2025-07-09 12:00:00,CNC-004,68.9,1.25,153.8,1494.0,25.1,70.7,10735.0,7,8,0
2025-07-09 18:00:00,CNC-004,65.2,1.26,155.8,1489.0,24.4,70.9,10740.0,7,8,0
2025-07-10 00:00:00,CNC-004,65.9,1.0,157.1,1476.0,24.0,71.2,10745.0,7,9,0
2025-07-10 06:00:00,CNC-004,68.7,1.26,157.6,1506.0,24.9,71.4,10750.0,7,9,0
2025-07-10 12:00:00,CNC-004,66.0,1.22,151.1,1491.0,23.3,69.0,10754.0,7,9,0
2025-07-10 18:00:00,CNC-004,63.4,0.91,148.9,1496.0,24.2,72.6,10758.0,7,9,0
2025-07-11 00:00:00,CNC-004,66.5,0.86,151.6,1484.0,23.4,71.6,10762.0,7,10,0
2025-07-11 06:00:00,CNC-004,67.6,1.09,155.9,1489.0,24.3,69.0,10768.0,7,10,0
2025-07-11 12:00:00,CNC-004,67.2,1.03,157.7,1493.0,23.4,69.3,10774.0,7,10,0
2025-07-11 18:00:00,CNC-004,64.7,0.97,152.6,1485.0,23.8,70.3,10779.0,7,10,0
2025-07-12 00:00:00,CNC-004,66.0,0.99,156.6,1496.0,23.0,76.8,10785.0,7,11,0
2025-07-12 06:00:00,CNC-004,69.1,0.86,156.3,1490.0,23.9,71.6,10790.0,7,11,0
2025-07-12 12:00:00,CNC-004,69.3,0.89,151.4,1478.0,23.1,77.0,10795.0,7,11,0
2025-07-12 18:00:00,CNC-004,62.5,0.89,149.4,1503.0,23.4,71.1,10800.0,7,11,0
2025-07-13 00:00:00,CNC-004,67.8,0.86,151.9,1500.0,24.4,75.0,10806.0,7,12,0
2025-07-13 06:00:00,CNC-004,69.3,0.93,155.6,1501.0,24.5,71.7,10810.0,7,12,0
2025-07-13 12:00:00,CNC-004,66.0,1.01,154.5,1492.0,23.4,71.1,10815.0,7,12,0
2025-07-13 18:00:00,CNC-004,64.9,1.06,154.6,1511.0,24.2,74.7,10820.0,7,12,0
2025-07-14 00:00:00,CNC-004,67.6,0.91,149.8,1502.0,24.0,72.7,10826.0,7,13,0
2025-07-14 06:00:00,CNC-004,69.6,0.85,151.0,1506.0,23.4,71.3,10832.0,7,13,0
2025-07-14 12:00:00,CNC-004,68.3,0.86,151.0,1494.0,24.4,72.7,10838.0,7,13,0
2025-07-14 18:00:00,CNC-004,65.0,1.1,151.9,1489.0,23.7,70.4,10844.0,7,13,0
2025-07-15 00:00:00,CNC-004,69.0,0.92,152.0,1482.0,24.7,70.6,10849.0,7,14,0
2025-07-15 06:00:00,CNC-004,67.9,1.23,153.6,1508.0,24.8,71.3,10854.0,7,14,0
2025-07-15 12:00:00,CNC-004,66.0,0.85,153.3,1482.0,23.5,70.4,10859.0,7,14,0
2025-07-15 18:00:00,CNC-004,65.7,1.01,152.9,1485.0,23.1,72.0,10864.0,7,14,0
2025-07-16 00:00:00,CNC-004,68.5,1.02,156.0,1483.0,25.2,72.5,10869.0,7,15,0
2025-07-16 06:00:00,CNC-004,67.3,1.01,155.6,1506.0,24.3,74.1,10874.0,7,15,0
2025-07-16 12:00:00,CNC-004,67.9,0.94,156.7,1495.0,23.8,69.7,10879.0,7,15,0
2025-07-16 18:00:00,CNC-004,64.0,1.08,152.5,1493.0,23.5,70.8,10883.0,7,15,0
2025-07-17 00:00:00,CNC-004,67.8,0.93,154.0,1494.0,23.7,69.5,10889.0,7,16,0
2025-07-17 06:00:00,CNC-004,67.5,1.01,151.9,1504.0,23.4,73.1,10894.0,7,16,0
2025-07-17 12:00:00,CNC-004,68.3,0.94,148.5,1501.0,24.9,71.6,10899.0,7,16,0
2025-07-17 18:00:00,CNC-004,65.4,0.95,153.7,1495.0,22.8,72.4,10903.0,7,16,0
2025-07-18 00:00:00,CNC-004,66.3,0.88,151.7,1490.0,23.6,73.9,10908.0,7,17,0
2025-07-18 06:00:00,CNC-004,67.7,1.5,150.9,1492.0,24.9,70.9,10914.0,7,17,0
2025-07-18 12:00:00,CNC-004,66.2,1.04,153.2,1503.0,24.2,70.3,10918.0,7,17,0
2025-07-18 18:00:00,CNC-004,65.2,0.9,157.4,1493.0,23.6,71.9,10924.0,7,17,0
2025-07-19 00:00:00,CNC-004,66.6,0.86,151.9,1485.0,23.8,73.9,10930.0,7,18,0
2025-07-19 06:00:00,CNC-004,70.6,1.14,154.5,1477.0,24.6,72.9,10937.0,7,18,0
2025-07-19 12:00:00,CNC-004,66.2,0.92,152.9,1499.0,24.0,72.2,10942.0,7,18,0
2025-07-19 18:00:00,CNC-004,66.1,1.32,152.1,1496.0,24.7,72.4,10946.0,7,18,0
2025-07-20 00:00:00,CNC-004,66.0,1.25,153.7,1493.0,24.7,69.8,10951.0,7,19,0
2025-07-20 06:00:00,CNC-004,68.7,0.97,155.7,1483.0,24.3,69.5,10956.0,7,19,0
2025-07-20 12:00:00,CNC-004,66.7,1.08,154.1,1513.0,24.0,72.3,10963.0,7,19,0
2025-07-20 18:00:00,CNC-004,65.9,0.91,154.2,1486.0,24.3,73.2,10967.0,7,19,0
2025-07-21 00:00:00,CNC-004,67.6,0.92,153.2,1486.0,23.9,70.7,10972.0,7,20,0
2025-07-21 06:00:00,CNC-004,66.8,0.89,148.7,1499.0,23.5,72.3,10977.0,7,20,0
2025-07-21 12:00:00,CNC-004,66.7,0.95,154.1,1491.0,23.4,75.0,10983.0,7,20,0
2025-07-21 18:00:00,CNC-004,67.4,0.95,157.8,1487.0,23.6,74.2,10987.0,7,20,0
2025-07-22 00:00:00,CNC-004,69.0,0.95,154.4,1500.0,24.9,70.7,10993.0,7,21,0
2025-07-22 06:00:00,CNC-004,68.7,0.87,155.6,1495.0,24.4,69.9,10998.0,7,21,0
2025-07-22 12:00:00,CNC-004,66.1,1.09,155.0,1489.0,24.8,74.6,11002.0,7,21,0
2025-07-22 18:00:00,CNC-004,65.0,1.4,153.8,1494.0,24.6,71.7,11006.0,7,21,0
2025-07-23 00:00:00,CNC-004,66.0,1.21,154.3,1488.0,24.1,68.7,11013.0,7,22,0
2025-07-23 06:00:00,CNC-004,67.7,0.89,152.9,1479.0,23.5,72.8,11017.0,7,22,0
2025-07-23 12:00:00,CNC-004,65.5,0.94,156.0,1480.0,24.0,74.3,11023.0,7,22,0
2025-07-23 18:00:00,CNC-004,65.6,1.13,153.6,1490.0,24.7,73.0,11029.0,7,22,0
2025-07-24 00:00:00,CNC-004,67.0,0.97,153.5,1506.0,24.0,70.4,11034.0,7,23,0
2025-07-24 06:00:00,CNC-004,69.9,0.86,154.0,1483.0,23.7,73.7,11039.0,7,23,0
2025-07-24 12:00:00,CNC-004,69.3,0.96,155.3,1494.0,24.1,70.0,11045.0,7,23,0
2025-07-24 18:00:00,CNC-004,64.2,0.88,150.2,1494.0,24.3,74.9,11050.0,7,23,0
2025-07-25 00:00:00,CNC-004,68.3,0.86,150.1,1494.0,22.7,70.7,11056.0,7,24,0
2025-07-25 06:00:00,CNC-004,69.5,0.97,155.6,1483.0,23.9,69.6,11061.0,7,24,0
2025-07-25 12:00:00,CNC-004,65.8,1.03,150.4,1505.0,23.8,76.8,11066.0,7,24,0
2025-07-25 18:00:00,CNC-004,64.3,0.87,155.5,1508.0,22.8,69.1,11071.0,7,24,0
2025-07-26 00:00:00,CNC-004,66.8,1.07,148.5,1497.0,24.7,71.0,11078.0,7,25,0
2025-07-26 06:00:00,CNC-004,68.8,1.05,155.9,1510.0,23.9,71.5,11082.0,7,25,0
2025-07-26 12:00:00,CNC-004,67.3,0.86,153.1,1488.0,23.4,77.7,11086.0,7,25,0
2025-07-26 18:00:00,CNC-004,65.0,1.14,153.6,1480.0,23.9,72.2,11092.0,7,25,0
2025-07-27 00:00:00,CNC-004,67.8,0.88,154.9,1492.0,23.3,74.8,11097.0,7,26,0
2025-07-27 06:00:00,CNC-004,69.0,0.94,156.4,1502.0,24.1,76.4,11102.0,7,26,0
2025-07-27 12:00:00,CNC-004,68.7,0.97,152.7,1497.0,24.6,74.6,11107.0,7,26,0
2025-07-27 18:00:00,CNC-004,63.7,1.7,150.9,1489.0,25.3,73.7,11112.0,7,26,0
2025-07-28 00:00:00,CNC-004,67.7,1.05,153.4,1487.0,24.0,73.2,11118.0,7,27,0
2025-07-28 06:00:00,CNC-004,69.9,1.08,152.3,1484.0,24.8,71.7,11122.0,7,27,0
2025-07-28 12:00:00,CNC-004,67.6,0.88,154.7,1494.0,23.6,71.4,11128.0,7,27,0
2025-07-28 18:00:00,CNC-004,64.4,1.0,152.8,1488.0,23.4,73.2,11134.0,7,27,0
2025-07-29 00:00:00,CNC-004,66.5,0.95,154.2,1506.0,24.3,74.2,11139.0,7,28,0
2025-07-29 06:00:00,CNC-004,69.3,1.31,157.1,1491.0,24.9,70.3,11144.0,7,28,0
2025-07-29 12:00:00,CNC-004,67.4,1.34,152.9,1497.0,25.0,72.3,11151.0,7,28,0
2025-07-29 18:00:00,CNC-004,67.6,0.87,152.7,1490.0,24.2,71.0,11155.0,7,28,0
2025-07-30 00:00:00,CNC-004,67.5,0.92,150.6,1487.0,24.9,73.0,11160.0,7,29,0
2025-07-30 06:00:00,CNC-004,69.1,0.85,151.0,1493.0,23.9,71.4,11165.0,7,29,0
2025-07-30 12:00:00,CNC-004,69.1,0.85,154.4,1494.0,24.7,65.5,11171.0,7,29,0
2025-07-30 18:00:00,CNC-004,66.6,0.86,154.3,1487.0,23.6,68.6,11175.0,7,29,0
2025-07-31 00:00:00,CNC-004,68.0,1.09,151.2,1508.0,24.3,72.0,11181.0,7,30,0
2025-07-31 06:00:00,CNC-004,67.7,1.04,155.3,1479.0,24.5,72.5,11185.0,7,30,0
2025-07-31 12:00:00,CNC-004,70.1,1.07,154.1,1496.0,24.8,73.6,11191.0,7,30,0
2025-07-31 18:00:00,CNC-004,64.1,0.85,155.6,1486.0,22.4,69.3,11195.0,7,30,0
2025-08-01 00:00:00,CNC-004,67.0,0.92,150.7,1494.0,23.5,73.8,11200.0,7,31,0
2025-08-01 06:00:00,CNC-004,68.2,0.85,155.1,1493.0,23.4,75.0,11206.0,7,31,0
2025-08-01 12:00:00,CNC-004,66.0,1.12,154.7,1487.0,24.2,75.7,11210.0,7,31,0
2025-08-01 18:00:00,CNC-004,66.6,1.05,153.0,1503.0,24.3,72.6,11216.0,7,31,0
2025-08-02 00:00:00,CNC-004,66.7,0.88,155.5,1502.0,24.0,72.4,11221.0,7,32,0
2025-08-02 06:00:00,CNC-004,67.9,1.05,154.6,1488.0,24.3,72.0,11226.0,7,32,0
2025-08-02 12:00:00,CNC-004,66.8,0.92,151.9,1488.0,23.8,72.8,11230.0,7,32,0
2025-08-02 18:00:00,CNC-004,65.3,1.03,149.1,1493.0,24.0,72.6,11237.0,7,32,0
2025-08-03 00:00:00,CNC-004,64.3,0.92,153.3,1498.0,23.6,71.1,11242.0,7,33,0
2025-08-03 06:00:00,CNC-004,70.1,0.93,152.8,1497.0,24.5,68.7,11248.0,7,33,0
2025-08-03 12:00:00,CNC-004,67.3,0.89,151.6,1502.0,24.3,74.1,11254.0,7,33,0
2025-08-03 18:00:00,CNC-004,66.8,1.01,155.5,1491.0,23.8,69.2,11260.0,7,33,0
2025-08-04 00:00:00,CNC-004,67.4,1.05,149.5,1485.0,23.8,76.0,11266.0,7,34,0
2025-08-04 06:00:00,CNC-004,69.2,1.04,156.3,1485.0,23.8,73.7,11271.0,7,34,0
2025-08-04 12:00:00,CNC-004,68.6,0.92,151.5,1478.0,24.7,70.5,11277.0,7,34,0
2025-08-04 18:00:00,CNC-004,67.0,0.96,153.8,1499.0,24.1,71.0,11282.0,7,34,0
2025-08-05 00:00:00,CNC-004,66.2,0.85,150.4,1506.0,23.5,72.2,11288.0,7,35,0
2025-08-05 06:00:00,CNC-004,68.4,0.91,153.2,1491.0,23.1,74.5,11294.0,7,35,0
2025-08-05 12:00:00,CNC-004,68.3,1.03,151.6,1489.0,24.0,71.6,11298.0,7,35,0
2025-08-05 18:00:00,CNC-004,64.8,1.14,151.3,1497.0,24.2,70.9,11303.0,7,35,0
2025-08-06 00:00:00,CNC-004,68.5,1.0,150.5,1498.0,25.0,70.7,11309.0,7,36,0
2025-08-06 06:00:00,CNC-004,67.7,0.87,155.4,1482.0,22.7,68.6,11315.0,7,36,0
2025-08-06 12:00:00,CNC-004,65.7,0.87,153.7,1480.0,23.1,70.8,11320.0,7,36,0
2025-08-06 18:00:00,CNC-004,65.3,0.9,151.5,1494.0,23.7,74.1,11326.0,7,36,0
2025-08-07 00:00:00,CNC-004,70.0,1.14,155.7,1493.0,24.8,69.6,11332.0,7,37,0
2025-08-07 06:00:00,CNC-004,71.6,0.9,153.9,1497.0,24.7,70.2,11338.0,7,37,0
2025-08-07 12:00:00,CNC-004,69.0,0.93,154.1,1487.0,23.7,72.6,11344.0,7,37,0
2025-08-07 18:00:00,CNC-004,66.8,1.25,149.6,1498.0,23.9,67.7,11350.0,7,37,0
2025-08-08 00:00:00,CNC-004,66.3,0.96,153.1,1482.0,23.4,75.2,11354.0,7,38,0
2025-08-08 06:00:00,CNC-004,69.7,0.88,156.5,1493.0,24.4,72.0,11359.0,7,38,0
2025-08-08 12:00:00,CNC-004,65.2,1.01,154.3,1496.0,23.8,74.4,11364.0,7,38,0
2025-08-08 18:00:00,CNC-004,66.4,0.89,154.5,1491.0,24.3,71.3,11369.0,7,38,0
2025-08-09 00:00:00,CNC-004,67.8,1.02,153.2,1486.0,24.1,74.6,11375.0,7,39,0
2025-08-09 06:00:00,CNC-004,72.0,1.15,157.1,1485.0,25.2,73.5,11379.0,7,39,0
2025-08-09 12:00:00,CNC-004,66.6,0.85,154.6,1500.0,24.2,73.8,11386.0,7,39,0
2025-08-09 18:00:00,CNC-004,65.9,0.99,153.5,1504.0,23.1,71.8,11390.0,7,39,0
2025-08-10 00:00:00,CNC-004,66.4,0.92,151.6,1488.0,23.2,71.0,11395.0,7,40,0
2025-08-10 06:00:00,CNC-004,69.7,0.89,152.1,1504.0,24.4,71.2,11401.0,7,40,0
2025-08-10 12:00:00,CNC-004,67.7,0.89,152.7,1494.0,23.6,73.0,11408.0,7,40,0
2025-08-10 18:00:00,CNC-004,66.4,1.18,154.9,1497.0,24.3,68.7,11412.0,7,40,0
2025-08-11 00:00:00,CNC-004,70.9,0.94,155.4,1504.0,24.9,71.3,11417.0,7,41,0
2025-08-11 06:00:00,CNC-004,67.6,1.27,151.4,1499.0,25.1,71.7,11422.0,7,41,0
2025-08-11 12:00:00,CNC-004,65.0,1.27,152.3,1490.0,23.7,73.8,11427.0,7,41,0
2025-08-11 18:00:00,CNC-004,65.0,1.06,151.2,1513.0,24.4,72.3,11431.0,7,41,0
2025-08-12 00:00:00,CNC-004,68.9,1.13,153.7,1499.0,24.1,73.0,11435.0,7,42,0
2025-08-12 06:00:00,CNC-004,68.1,0.99,154.1,1484.0,23.7,69.4,11440.0,7,42,0
2025-08-12 12:00:00,CNC-004,66.3,1.11,155.3,1500.0,24.2,72.0,11444.0,7,42,0
2025-08-12 18:00:00,CNC-004,66.4,0.98,154.6,1490.0,24.1,73.3,11448.0,7,42,0
2025-08-13 00:00:00,CNC-004,66.3,1.0,149.1,1496.0,23.5,72.3,11454.0,7,43,0
2025-08-13 06:00:00,CNC-004,69.5,0.87,154.4,1484.0,23.7,68.7,11459.0,7,43,0
2025-08-13 12:00:00,CNC-004,66.5,1.21,157.7,1503.0,23.8,70.9,11465.0,7,43,0
2025-08-13 18:00:00,CNC-004,65.1,0.97,155.9,1488.0,24.5,70.2,11471.0,7,43,0
2025-08-14 00:00:00,CNC-004,67.7,1.09,153.4,1497.0,24.2,72.1,11476.0,7,44,0
2025-08-14 06:00:00,CNC-004,69.1,0.93,150.7,1493.0,24.4,73.8,11481.0,7,44,0
2025-08-14 12:00:00,CNC-004,67.0,0.87,152.9,1479.0,24.4,74.2,11486.0,7,44,0
2025-08-14 18:00:00,CNC-004,67.5,0.92,153.0,1481.0,23.8,70.8,11491.0,7,44,0
2025-08-15 00:00:00,CNC-004,69.0,0.85,153.7,1492.0,23.9,68.9,11496.0,7,45,0
2025-08-15 06:00:00,CNC-004,69.9,0.92,152.9,1478.0,24.7,72.0,11501.0,7,45,0
2025-08-15 12:00:00,CNC-004,67.2,0.95,150.1,1491.0,24.4,73.6,11507.0,7,45,0
2025-08-15 18:00:00,CNC-004,65.6,1.26,147.2,1502.0,24.1,68.8,11513.0,7,45,0
2025-08-16 00:00:00,CNC-004,66.8,0.87,152.3,1502.0,23.0,70.5,11517.0,7,1,0
2025-08-16 06:00:00,CNC-004,70.0,1.08,157.1,1492.0,24.7,69.5,11522.0,7,46,0
2025-08-16 12:00:00,CNC-004,67.8,1.02,152.9,1500.0,24.9,72.8,11528.0,7,1,0
2025-08-16 18:00:00,CNC-004,66.0,0.96,152.5,1499.0,23.5,73.0,11534.0,7,46,0
2025-08-17 00:00:00,CNC-004,68.7,1.1,150.3,1485.0,24.5,73.3,11540.0,7,47,0
2025-08-17 06:00:00,CNC-004,70.3,0.85,155.2,1488.0,23.8,71.5,11546.0,7,47,0
2025-08-17 12:00:00,CNC-004,70.0,0.86,152.8,1490.0,23.5,67.8,11551.0,7,47,0
2025-08-17 18:00:00,CNC-004,68.1,1.04,152.3,1496.0,24.1,71.6,11555.0,7,2,0
2025-08-18 00:00:00,CNC-004,68.0,0.91,158.3,1495.0,23.6,73.0,11561.0,7,48,0
2025-08-18 06:00:00,CNC-004,70.0,0.97,150.8,1497.0,24.6,73.6,11567.0,7,48,0
2025-08-18 12:00:00,CNC-004,66.6,1.14,152.2,1492.0,24.5,76.6,11573.0,7,3,0
2025-08-18 18:00:00,CNC-004,65.7,1.24,154.4,1505.0,24.2,72.2,11579.0,7,48,0
2025-08-19 00:00:00,CNC-004,66.9,0.91,151.3,1502.0,23.1,73.8,11583.0,7,49,0
2025-08-19 06:00:00,CNC-004,68.2,0.88,153.9,1491.0,23.5,68.4,11588.0,7,4,0
2025-08-19 12:00:00,CNC-004,69.2,0.85,153.1,1488.0,23.6,68.0,11594.0,7,4,0
2025-08-19 18:00:00,CNC-004,64.4,0.88,150.3,1493.0,23.0,70.7,11598.0,7,49,0
2025-08-20 00:00:00,CNC-004,67.8,1.08,153.9,1488.0,23.8,69.0,11603.0,7,50,0
2025-08-20 06:00:00,CNC-004,69.1,1.11,155.2,1486.0,24.8,70.6,11608.0,7,50,0
2025-08-20 12:00:00,CNC-004,67.1,1.37,152.4,1510.0,24.5,73.4,11613.0,7,5,0
2025-08-20 18:00:00,CNC-004,66.7,0.87,155.2,1490.0,24.8,76.9,11618.0,7,5,0
2025-08-21 00:00:00,CNC-004,68.0,0.9,156.0,1482.0,23.2,72.3,11624.0,7,51,0
2025-08-21 06:00:00,CNC-004,69.0,0.95,155.1,1479.0,24.6,68.9,11629.0,7,51,0
2025-08-21 12:00:00,CNC-004,68.5,1.35,153.7,1491.0,24.8,72.3,11635.0,7,51,0
2025-08-21 18:00:00,CNC-004,66.0,0.96,153.7,1509.0,23.0,72.2,11641.0,7,51,0
2025-08-22 00:00:00,CNC-004,68.1,0.95,155.0,1474.0,24.8,74.9,11646.0,7,52,0
2025-08-22 06:00:00,CNC-004,68.9,1.33,154.9,1480.0,25.1,69.7,11652.0,7,7,0
2025-08-22 12:00:00,CNC-004,66.0,0.85,152.4,1483.0,23.9,72.4,11658.0,7,52,0
2025-08-22 18:00:00,CNC-004,67.7,1.23,150.8,1501.0,23.8,70.7,11664.0,7,52,0
2025-08-23 00:00:00,CNC-004,68.4,0.89,159.4,1499.0,24.0,72.3,11671.0,7,8,0
2025-08-23 06:00:00,CNC-004,69.9,1.06,151.5,1488.0,24.7,71.6,11675.0,7,8,0
2025-08-23 12:00:00,CNC-004,68.2,0.93,153.1,1487.0,24.2,69.9,11679.0,7,53,0
2025-08-23 18:00:00,CNC-004,67.3,0.95,151.6,1497.0,24.0,70.9,11685.0,7,53,0
2025-08-24 00:00:00,CNC-004,67.5,1.0,153.1,1485.0,23.2,70.2,11689.0,7,54,0
2025-08-24 06:00:00,CNC-004,70.4,0.97,154.0,1491.0,25.1,70.5,11695.0,7,54,0
2025-08-24 12:00:00,CNC-004,69.3,1.07,152.2,1489.0,24.5,74.8,11700.0,7,9,0
2025-08-24 18:00:00,CNC-004,66.7,1.17,153.3,1488.0,24.5,73.6,11706.0,7,54,0
2025-08-25 00:00:00,CNC-004,67.4,1.63,150.5,1501.0,25.5,73.4,11710.0,7,55,0
2025-08-25 06:00:00,CNC-004,71.0,1.22,155.0,1494.0,25.5,70.1,11714.0,7,10,0
2025-08-25 12:00:00,CNC-004,69.7,0.88,152.7,1509.0,25.1,72.7,11719.0,7,10,0
2025-08-25 18:00:00,CNC-004,64.4,1.64,150.4,1497.0,24.7,74.2,11725.0,7,10,0
2025-08-26 00:00:00,CNC-004,67.7,0.86,154.2,1492.0,24.1,71.1,11729.0,7,11,0
2025-08-26 06:00:00,CNC-004,69.5,1.01,154.6,1502.0,24.3,71.2,11735.0,7,56,0
2025-08-26 12:00:00,CNC-004,66.8,0.95,152.0,1494.0,23.8,67.1,11740.0,7,11,0
2025-08-26 18:00:00,CNC-004,65.8,0.87,156.7,1494.0,24.0,68.7,11746.0,7,11,0
2025-08-27 00:00:00,CNC-004,67.2,0.88,152.4,1500.0,24.3,70.8,11751.0,7,57,0
2025-08-27 06:00:00,CNC-004,71.0,0.89,153.0,1500.0,24.5,71.9,11756.0,7,57,0
2025-08-27 12:00:00,CNC-004,67.0,0.88,152.5,1495.0,23.1,72.1,11762.0,7,12,0
2025-08-27 18:00:00,CNC-004,64.0,0.87,151.6,1499.0,24.1,72.6,11767.0,7,57,0
2025-08-28 00:00:00,CNC-004,67.4,0.97,153.3,1484.0,24.0,69.5,11771.0,7,13,0
2025-08-28 06:00:00,CNC-004,70.0,1.02,155.4,1491.0,24.3,72.2,11776.0,7,58,0
2025-08-28 12:00:00,CNC-004,66.8,1.05,152.7,1491.0,23.3,72.5,11780.0,7,58,0
2025-08-28 18:00:00,CNC-004,65.8,0.9,154.9,1490.0,23.5,72.6,11785.0,7,13,0
2025-08-29 00:00:00,CNC-004,68.5,0.91,153.1,1487.0,24.2,73.0,11790.0,7,14,0
2025-08-29 06:00:00,CNC-004,71.6,0.9,156.7,1488.0,24.2,71.5,11797.0,7,14,0
2025-08-29 12:00:00,CNC-004,68.3,0.9,152.0,1498.0,23.6,72.9,11803.0,7,14,0
2025-08-29 18:00:00,CNC-004,66.1,1.27,152.8,1491.0,24.4,73.0,11807.0,7,59,0
2025-08-30 00:00:00,CNC-004,68.0,0.87,155.8,1506.0,24.0,72.9,11811.0,7,60,0
2025-08-30 06:00:00,CNC-004,69.7,0.95,149.2,1505.0,24.6,72.0,11816.0,7,15,0
2025-08-30 12:00:00,CNC-004,67.0,0.89,153.0,1485.0,23.9,71.5,11823.0,7,0,0
2025-08-30 18:00:00,CNC-004,68.4,1.02,148.2,1496.0,23.8,73.2,11828.0,7,60,0
2025-08-31 00:00:00,CNC-004,66.2,0.89,152.3,1486.0,23.9,71.9,11834.0,7,1,0
2025-08-31 06:00:00,CNC-004,70.8,1.07,154.8,1494.0,24.3,74.3,11839.0,7,16,0
2025-08-31 12:00:00,CNC-004,67.2,0.94,152.5,1507.0,24.1,70.1,11843.0,7,1,0
2025-08-31 18:00:00,CNC-004,67.6,1.03,154.9,1483.0,23.9,74.1,11849.0,7,61,0
2025-09-01 00:00:00,CNC-004,68.5,1.12,155.5,1484.0,25.4,71.5,11853.0,7,2,0
2025-09-01 06:00:00,CNC-004,70.3,1.07,152.1,1480.0,24.8,69.6,11857.0,7,17,0
2025-09-01 12:00:00,CNC-004,68.5,0.9,154.7,1495.0,23.2,68.6,11862.0,7,17,0
2025-09-01 18:00:00,CNC-004,65.4,0.87,155.4,1478.0,24.1,73.7,11867.0,7,2,0
2025-09-02 00:00:00,CNC-004,68.7,0.94,150.1,1503.0,23.9,71.3,11872.0,7,63,0
2025-09-02 06:00:00,CNC-004,69.6,0.97,152.8,1502.0,24.5,73.8,11876.0,7,18,0
2025-09-02 12:00:00,CNC-004,72.4,0.89,151.2,1500.0,24.5,70.2,11883.0,7,3,0
2025-09-02 18:00:00,CNC-004,67.3,0.87,154.8,1490.0,24.0,71.0,11889.0,7,3,0
2025-09-03 00:00:00,CNC-004,67.2,0.85,152.2,1505.0,24.3,69.4,11895.0,7,19,0
2025-09-03 06:00:00,CNC-004,69.1,0.86,155.3,1491.0,23.7,69.8,11900.0,7,64,0
2025-09-03 12:00:00,CNC-004,68.2,1.02,152.5,1483.0,24.7,71.8,11905.0,7,64,0
2025-09-03 18:00:00,CNC-004,66.4,1.21,152.2,1481.0,24.2,72.2,11910.0,7,19,0
2025-09-04 00:00:00,CNC-004,67.2,0.94,152.9,1486.0,24.0,70.7,11914.0,7,5,0
2025-09-04 06:00:00,CNC-004,69.4,1.1,153.4,1489.0,23.9,70.7,11920.0,7,5,0
2025-09-04 12:00:00,CNC-004,69.3,1.09,150.2,1504.0,23.6,70.6,11924.0,7,20,0
2025-09-04 18:00:00,CNC-004,67.9,1.04,153.4,1484.0,24.1,69.0,11931.0,7,20,0
2025-09-05 00:00:00,CNC-004,69.4,1.35,151.9,1491.0,24.7,72.9,11937.0,7,66,0
2025-09-05 06:00:00,CNC-004,72.0,0.93,154.3,1496.0,24.4,72.9,11942.0,7,66,0
2025-09-05 12:00:00,CNC-004,67.6,1.37,150.4,1500.0,24.4,72.0,11947.0,7,6,0
2025-09-05 18:00:00,CNC-004,67.0,1.2,154.9,1486.0,24.0,73.5,11952.0,7,6,0
2025-09-06 00:00:00,CNC-004,67.3,0.96,150.1,1493.0,24.2,73.3,11956.0,7,67,0
2025-09-06 06:00:00,CNC-004,71.9,1.04,152.6,1494.0,23.8,72.5,11960.0,7,67,0
2025-09-06 12:00:00,CNC-004,71.3,1.48,155.0,1498.0,25.6,72.3,11965.0,7,22,0
2025-09-06 18:00:00,CNC-004,65.4,0.85,152.2,1493.0,23.3,70.9,11969.0,7,67,0
2025-09-07 00:00:00,CNC-004,68.3,0.99,153.1,1495.0,25.4,69.6,11974.0,7,8,0
2025-09-07 06:00:00,CNC-004,69.6,0.89,153.2,1495.0,24.1,71.6,11980.0,7,68,0
2025-09-07 12:00:00,CNC-004,68.3,0.91,150.8,1501.0,24.3,72.7,11985.0,7,8,0
2025-09-07 18:00:00,CNC-004,66.7,0.98,153.0,1491.0,24.1,67.7,11989.0,7,8,0
2025-09-08 00:00:00,CNC-004,69.7,1.12,157.0,1490.0,24.4,71.8,11994.0,7,9,0
2025-09-08 06:00:00,CNC-004,72.4,1.02,155.2,1486.0,25.3,66.0,12000.0,7,9,0
2025-09-08 12:00:00,CNC-004,70.5,0.89,155.4,1488.0,24.8,71.0,12005.0,7,9,0
2025-09-08 18:00:00,CNC-004,66.0,1.02,148.6,1488.0,23.6,71.5,12009.0,7,24,0
2025-09-09 00:00:00,CNC-004,68.6,0.97,155.5,1488.0,25.4,71.7,12014.0,7,10,0
2025-09-09 06:00:00,CNC-004,71.0,0.99,155.8,1487.0,25.0,73.5,12020.0,7,70,0
2025-09-09 12:00:00,CNC-004,67.8,0.94,155.6,1497.0,23.7,71.2,12025.0,7,10,0
2025-09-09 18:00:00,CNC-004,67.2,0.91,148.9,1482.0,24.2,76.0,12031.0,7,10,0
2025-09-10 00:00:00,CNC-004,68.1,0.91,151.0,1490.0,24.7,69.6,12037.0,7,71,0
2025-09-10 06:00:00,CNC-004,68.9,0.87,155.2,1493.0,24.4,71.6,12041.0,7,26,0
2025-09-10 12:00:00,CNC-004,69.4,1.18,154.1,1502.0,24.8,71.0,12045.0,7,26,0
2025-09-10 18:00:00,CNC-004,67.9,1.22,150.7,1485.0,24.7,72.3,12051.0,7,11,0
2025-09-11 00:00:00,CNC-004,68.3,0.85,153.1,1488.0,23.5,70.8,12057.0,7,72,0
2025-09-11 06:00:00,CNC-004,70.1,0.87,152.5,1501.0,24.3,71.2,12062.0,7,12,0
2025-09-11 12:00:00,CNC-004,68.3,0.95,153.2,1487.0,23.9,69.3,12066.0,7,72,0
2025-09-11 18:00:00,CNC-004,68.8,0.96,154.5,1500.0,24.4,71.8,12071.0,7,72,0
2025-09-12 00:00:00,CNC-004,68.7,1.07,154.8,1488.0,24.7,73.4,12077.0,7,73,0
2025-09-12 06:00:00,CNC-004,71.2,1.26,154.3,1499.0,25.3,73.3,12083.0,7,28,0
2025-09-12 12:00:00,CNC-004,69.5,1.11,155.2,1492.0,23.9,71.3,12089.0,7,13,0
2025-09-12 18:00:00,CNC-004,67.2,1.13,152.2,1513.0,24.0,73.9,12094.0,7,73,0
2025-09-13 00:00:00,CNC-004,68.8,1.04,152.6,1498.0,23.9,67.6,12100.0,7,29,0
2025-09-13 06:00:00,CNC-004,71.2,0.98,153.1,1497.0,25.0,70.9,12105.0,7,14,0
2025-09-13 12:00:00,CNC-004,69.7,0.99,151.9,1490.0,25.1,70.7,12109.0,7,74,0
2025-09-13 18:00:00,CNC-004,67.6,0.87,153.5,1504.0,23.9,73.7,12115.0,7,74,0
2025-09-14 00:00:00,CNC-004,69.3,0.88,153.4,1492.0,24.5,72.8,12120.0,7,75,0
2025-09-14 06:00:00,CNC-004,71.4,1.09,151.8,1494.0,25.0,72.4,12126.0,7,30,0
2025-09-14 12:00:00,CNC-004,69.6,1.26,156.7,1504.0,24.7,67.9,12131.0,7,75,0
2025-09-14 18:00:00,CNC-004,66.8,1.5,155.8,1495.0,25.8,74.3,12137.0,7,15,0
2025-09-15 00:00:00,CNC-004,66.2,1.01,151.7,1492.0,23.1,72.0,12142.0,7,31,0
2025-09-15 06:00:00,CNC-004,69.8,0.95,154.1,1478.0,24.0,74.4,12147.0,7,31,0
2025-09-15 12:00:00,CNC-004,70.8,1.06,154.7,1493.0,25.5,72.2,12152.0,7,16,0
2025-09-15 18:00:00,CNC-004,65.4,0.91,152.3,1498.0,23.1,74.1,12157.0,7,31,0
2025-09-16 00:00:00,CNC-004,69.1,1.21,154.2,1491.0,24.8,72.4,12161.0,7,32,0
2025-09-16 06:00:00,CNC-004,72.0,0.93,152.2,1485.0,24.8,72.8,12167.0,7,77,0
2025-09-16 12:00:00,CNC-004,68.5,1.12,154.0,1491.0,24.9,72.6,12171.0,7,32,0
2025-09-16 18:00:00,CNC-004,66.4,0.92,154.1,1495.0,23.1,74.3,12176.0,7,32,0
2025-09-17 00:00:00,CNC-004,68.7,1.08,152.1,1509.0,24.3,70.0,12181.0,7,33,0
2025-09-17 06:00:00,CNC-004,70.5,1.0,154.2,1480.0,24.0,73.7,12187.0,7,78,0
2025-09-17 12:00:00,CNC-004,65.7,0.93,152.7,1496.0,24.2,68.7,12194.0,7,78,0
2025-09-17 18:00:00,CNC-004,67.1,0.9,153.6,1492.0,23.7,71.6,12199.0,7,18,0
2025-09-18 00:00:00,CNC-004,70.4,0.86,153.0,1482.0,24.7,76.3,12205.0,7,19,0
2025-09-18 06:00:00,CNC-004,69.9,0.85,157.1,1508.0,23.9,69.1,12211.0,7,19,0
2025-09-18 12:00:00,CNC-004,69.6,0.89,152.1,1503.0,23.6,73.2,12216.0,7,19,0
2025-09-18 18:00:00,CNC-004,65.9,0.95,152.4,1500.0,23.3,73.2,12222.0,7,79,0
2025-09-19 00:00:00,CNC-004,66.8,0.92,158.0,1498.0,24.0,73.1,12227.0,7,20,0
2025-09-19 06:00:00,CNC-004,70.1,1.22,151.1,1484.0,24.8,74.0,12232.0,7,35,0
2025-09-19 12:00:00,CNC-004,67.1,1.2,152.4,1485.0,24.4,69.0,12238.0,7,35,0
2025-09-19 18:00:00,CNC-004,67.7,1.13,151.6,1507.0,24.4,74.6,12243.0,7,35,0
2025-09-20 00:00:00,CNC-004,68.6,1.08,154.4,1482.0,24.2,73.5,12249.0,7,36,0
2025-09-20 06:00:00,CNC-004,71.2,1.14,153.4,1479.0,24.5,68.4,12254.0,7,21,0
2025-09-20 12:00:00,CNC-004,69.3,0.92,155.1,1491.0,23.7,76.6,12259.0,7,36,0
2025-09-20 18:00:00,CNC-004,67.0,0.91,155.8,1507.0,23.6,69.3,12264.0,7,81,0
2025-09-21 00:00:00,CNC-004,67.8,1.11,153.4,1493.0,24.0,74.3,12271.0,7,82,0
2025-09-21 06:00:00,CNC-004,70.8,0.88,158.1,1495.0,23.7,71.0,12277.0,7,37,0
2025-09-21 12:00:00,CNC-004,67.3,1.3,152.0,1494.0,25.0,72.4,12283.0,7,37,0
2025-09-21 18:00:00,CNC-004,65.4,0.9,154.7,1488.0,23.7,73.0,12288.0,7,82,0
2025-09-22 00:00:00,CNC-004,66.6,0.92,156.7,1502.0,23.8,71.4,12294.0,7,38,0
2025-09-22 06:00:00,CNC-004,70.1,1.01,156.3,1488.0,24.5,70.0,12298.0,7,23,0
2025-09-22 12:00:00,CNC-004,68.5,0.91,154.6,1485.0,24.5,70.0,12304.0,7,23,0
2025-09-22 18:00:00,CNC-004,65.6,0.88,150.4,1497.0,22.9,72.9,12308.0,7,23,0
2025-09-23 00:00:00,CNC-004,67.8,0.95,153.6,1491.0,24.3,72.0,12312.0,7,84,0
2025-09-23 06:00:00,CNC-004,71.3,1.21,156.7,1493.0,26.0,73.5,12317.0,7,84,0
2025-09-23 12:00:00,CNC-004,66.5,0.86,152.6,1490.0,23.8,71.6,12323.0,7,39,0
2025-09-23 18:00:00,CNC-004,68.6,1.21,154.2,1490.0,24.8,75.5,12328.0,7,84,0
2025-09-24 00:00:00,CNC-004,68.4,1.12,152.3,1478.0,24.1,74.0,12333.0,7,40,0
2025-09-24 06:00:00,CNC-004,70.2,1.07,154.1,1481.0,24.6,70.7,12338.0,7,25,0
2025-09-24 12:00:00,CNC-004,65.3,0.93,152.4,1490.0,22.8,72.2,12343.0,7,25,0
2025-09-24 18:00:00,CNC-004,65.5,1.47,151.3,1499.0,24.3,70.8,12349.0,7,85,0
2025-09-25 00:00:00,CNC-004,68.6,1.19,154.6,1511.0,25.2,72.8,12355.0,7,26,0
2025-09-25 06:00:00,CNC-004,70.5,0.87,152.2,1499.0,24.1,68.4,12361.0,7,41,0
2025-09-25 12:00:00,CNC-004,68.9,0.87,149.4,1485.0,24.9,70.5,12367.0,7,41,0
2025-09-25 18:00:00,CNC-004,64.9,0.94,154.0,1488.0,24.0,70.7,12373.0,7,86,0
2025-09-26 00:00:00,CNC-004,68.6,1.04,156.2,1493.0,24.8,72.5,12377.0,7,27,0
2025-09-26 06:00:00,CNC-004,70.0,0.97,150.4,1492.0,25.0,73.3,12382.0,7,87,0
2025-09-26 12:00:00,CNC-004,67.5,0.9,156.3,1491.0,23.4,73.5,12388.0,7,27,0
2025-09-26 18:00:00,CNC-004,67.9,1.11,154.9,1488.0,24.9,72.6,12393.0,7,42,0
2025-09-27 00:00:00,CNC-004,66.5,1.0,155.8,1501.0,23.8,68.4,12398.0,7,28,0
2025-09-27 06:00:00,CNC-004,71.3,0.9,151.7,1504.0,24.8,74.2,12403.0,7,28,0
2025-09-27 12:00:00,CNC-004,68.4,1.22,155.4,1494.0,24.7,72.7,12409.0,7,43,0
2025-09-27 18:00:00,CNC-004,66.1,1.03,152.0,1478.0,24.0,70.5,12414.0,7,43,0
2025-09-28 00:00:00,CNC-004,69.3,0.87,155.2,1482.0,24.8,68.7,12418.0,7,29,0
2025-09-28 06:00:00,CNC-004,70.8,1.12,151.4,1485.0,25.6,71.3,12424.0,7,89,0
2025-09-28 12:00:00,CNC-004,68.4,0.87,155.4,1501.0,22.8,74.7,12430.0,7,89,0
2025-09-28 18:00:00,CNC-004,65.8,0.91,155.0,1505.0,24.6,69.1,12434.0,7,44,0
2025-09-29 00:00:00,CNC-004,68.0,0.86,154.3,1486.0,23.4,72.0,12439.0,7,0,0
2025-09-29 06:00:00,CNC-004,67.1,0.91,152.5,1491.0,23.7,69.5,12443.0,7,0,0
2025-09-29 12:00:00,CNC-004,67.8,0.9,153.7,1497.0,23.7,70.2,12448.0,7,0,0
2025-09-29 18:00:00,CNC-004,66.5,0.89,152.8,1493.0,24.1,72.5,12454.0,7,0,0
2025-09-30 00:00:00,CNC-004,66.5,0.86,151.9,1489.0,23.9,70.2,12458.0,7,1,0
2025-09-30 06:00:00,CNC-004,71.4,1.35,149.8,1484.0,25.6,71.7,12464.0,7,1,0
2025-09-30 12:00:00,CNC-004,67.6,1.11,153.4,1481.0,23.9,70.7,12470.0,7,1,0
2025-09-30 18:00:00,CNC-004,64.9,0.93,152.5,1489.0,23.1,75.7,12474.0,7,31,0
2025-10-01 00:00:00,CNC-004,69.5,0.89,156.0,1495.0,24.0,72.2,12480.0,7,2,0
2025-10-01 06:00:00,CNC-004,70.9,0.91,153.7,1483.0,24.0,72.4,12486.0,7,2,0
2025-10-01 12:00:00,CNC-004,68.2,0.86,151.8,1488.0,24.7,76.5,12491.0,7,2,0
2025-10-01 18:00:00,CNC-004,65.9,0.99,155.1,1483.0,23.9,73.8,12497.0,7,2,0
2025-10-02 00:00:00,CNC-004,68.6,0.9,155.5,1500.0,24.1,70.9,12502.0,7,3,0
2025-10-02 06:00:00,CNC-004,71.5,0.88,154.2,1486.0,24.2,73.9,12507.0,7,3,0
2025-10-02 12:00:00,CNC-004,68.1,0.87,157.0,1488.0,24.7,70.1,12512.0,7,3,0
2025-10-02 18:00:00,CNC-004,66.8,1.04,157.1,1503.0,23.5,74.8,12517.0,7,33,0
2025-10-03 00:00:00,CNC-004,64.5,0.95,153.0,1492.0,22.9,71.1,12523.0,7,34,0
2025-10-03 06:00:00,CNC-004,70.3,1.08,151.8,1498.0,25.1,69.8,12528.0,7,34,0
2025-10-03 12:00:00,CNC-004,70.8,0.96,155.3,1492.0,25.1,67.9,12533.0,7,4,0
2025-10-03 18:00:00,CNC-004,66.2,0.88,155.4,1486.0,24.0,72.0,12539.0,7,4,0
2025-10-04 00:00:00,CNC-004,67.2,0.95,154.9,1499.0,24.5,68.1,12543.0,7,5,0
2025-10-04 06:00:00,CNC-004,71.5,1.07,155.8,1495.0,24.7,74.8,12548.0,7,5,0
2025-10-04 12:00:00,CNC-004,67.7,1.02,154.1,1487.0,23.8,72.3,12553.0,7,5,0
2025-10-04 18:00:00,CNC-004,68.1,0.94,153.7,1486.0,24.8,67.8,12560.0,7,5,0
2025-10-05 00:00:00,CNC-004,68.4,0.92,152.7,1489.0,23.8,73.6,12564.0,7,6,0
2025-10-05 06:00:00,CNC-004,70.5,0.88,155.8,1496.0,25.2,72.6,12569.0,7,6,0
2025-10-05 12:00:00,CNC-004,68.4,0.87,152.6,1486.0,25.1,73.6,12574.0,7,6,0
2025-10-05 18:00:00,CNC-004,63.3,0.92,157.6,1494.0,23.9,69.9,12579.0,7,6,0
2025-10-06 00:00:00,CNC-004,68.9,0.93,155.1,1490.0,23.9,71.0,12583.0,7,37,0
2025-10-06 06:00:00,CNC-004,72.6,1.28,153.9,1486.0,25.2,70.8,12589.0,7,7,0
2025-10-06 12:00:00,CNC-004,69.3,0.91,153.1,1502.0,23.5,69.9,12595.0,7,37,0
2025-10-06 18:00:00,CNC-004,67.3,0.87,151.1,1488.0,23.6,71.8,12600.0,7,7,0
2025-10-07 00:00:00,CNC-004,66.2,1.01,153.4,1504.0,24.4,73.4,12605.0,7,8,0
2025-10-07 06:00:00,CNC-004,73.0,1.02,153.3,1491.0,25.6,71.2,12610.0,7,8,0
2025-10-07 12:00:00,CNC-004,67.7,0.85,152.7,1481.0,23.5,73.4,12615.0,7,8,0
2025-10-07 18:00:00,CNC-004,68.8,1.26,157.0,1478.0,25.0,69.6,12620.0,7,8,0
2025-10-08 00:00:00,CNC-004,70.0,0.86,153.6,1495.0,24.4,72.2,12626.0,7,9,0
2025-10-08 06:00:00,CNC-004,70.2,1.04,154.2,1488.0,24.8,74.7,12631.0,7,9,0
2025-10-08 12:00:00,CNC-004,68.6,0.99,155.3,1503.0,23.7,71.8,12636.0,7,9,0
2025-10-08 18:00:00,CNC-004,68.7,0.92,152.3,1508.0,23.8,70.3,12641.0,7,39,0
2025-10-09 00:00:00,CNC-004,68.7,1.06,156.8,1495.0,23.6,71.6,12646.0,7,10,0
2025-10-09 06:00:00,CNC-004,71.0,0.9,154.1,1499.0,25.0,72.6,12650.0,7,10,0
2025-10-09 12:00:00,CNC-004,69.3,0.89,152.0,1514.0,24.6,69.7,12655.0,7,10,0
2025-10-09 18:00:00,CNC-004,65.6,1.83,151.6,1481.0,25.7,71.6,12660.0,7,10,0
2025-10-10 00:00:00,CNC-004,68.8,1.01,155.7,1494.0,24.6,69.2,12666.0,7,11,0
2025-10-10 06:00:00,CNC-004,72.4,1.23,155.8,1474.0,25.3,70.2,12671.0,7,11,0
2025-10-10 12:00:00,CNC-004,69.2,0.87,153.4,1483.0,23.6,72.7,12675.0,7,11,0
2025-10-10 18:00:00,CNC-004,65.0,0.92,153.6,1491.0,23.6,73.1,12680.0,7,11,0
2025-10-11 00:00:00,CNC-004,69.0,1.19,153.8,1506.0,24.6,73.1,12686.0,7,12,0
2025-10-11 06:00:00,CNC-004,69.6,0.86,155.2,1489.0,23.7,71.8,12692.0,7,12,0
2025-10-11 12:00:00,CNC-004,67.2,0.89,157.7,1506.0,23.5,71.0,12698.0,7,12,0
2025-10-11 18:00:00,CNC-004,67.3,0.86,149.3,1488.0,23.9,71.4,12704.0,7,42,0
2025-10-12 00:00:00,CNC-004,67.7,1.38,153.2,1495.0,24.5,70.6,12710.0,7,13,0
2025-10-12 06:00:00,CNC-004,70.7,1.0,149.6,1484.0,24.3,73.6,12714.0,7,43,0
2025-10-12 12:00:00,CNC-004,67.9,0.94,154.3,1487.0,23.6,70.6,12719.0,7,13,0
2025-10-12 18:00:00,CNC-004,66.2,1.11,153.3,1487.0,24.2,70.6,12725.0,7,13,0
2025-10-13 00:00:00,CNC-004,66.3,0.93,155.0,1501.0,23.2,72.7,12729.0,7,14,0
2025-10-13 06:00:00,CNC-004,69.4,1.24,155.1,1489.0,25.0,67.8,12734.0,7,44,0
2025-10-13 12:00:00,CNC-004,68.9,0.92,152.4,1505.0,23.8,71.2,12740.0,7,14,0
2025-10-13 18:00:00,CNC-004,64.9,0.89,152.1,1498.0,23.0,70.4,12745.0,7,14,0
2025-10-14 00:00:00,CNC-004,70.4,0.91,152.2,1495.0,23.6,70.4,12749.0,7,15,0
2025-10-14 06:00:00,CNC-004,69.6,1.05,153.2,1498.0,25.4,71.7,12755.0,7,15,0
2025-10-14 12:00:00,CNC-004,68.1,1.5,152.5,1504.0,25.2,69.7,12761.0,7,15,0
2025-10-14 18:00:00,CNC-004,65.7,0.91,156.3,1480.0,23.8,71.2,12767.0,7,15,0
2025-10-15 00:00:00,CNC-004,69.9,0.88,152.8,1485.0,24.5,72.2,12773.0,7,46,0
2025-10-15 06:00:00,CNC-004,71.4,0.91,154.2,1485.0,24.1,69.0,12777.0,7,16,0
2025-10-15 12:00:00,CNC-004,67.7,0.9,153.9,1483.0,24.5,75.9,12783.0,7,16,0
2025-10-15 18:00:00,CNC-004,66.3,1.04,155.9,1498.0,23.9,72.5,12788.0,7,46,0
2025-10-16 00:00:00,CNC-004,67.2,0.96,155.8,1479.0,23.9,71.9,12793.0,7,47,0
2025-10-16 06:00:00,CNC-004,70.3,1.21,153.6,1494.0,23.9,70.4,12797.0,7,47,0
2025-10-16 12:00:00,CNC-004,69.7,1.03,150.9,1490.0,24.5,69.2,12803.0,7,17,0
2025-10-16 18:00:00,CNC-004,65.4,0.92,155.1,1492.0,23.9,68.3,12809.0,7,17,0
2025-10-17 00:00:00,CNC-004,67.1,0.89,155.2,1497.0,24.9,70.8,12814.0,7,18,0
2025-10-17 06:00:00,CNC-004,69.3,0.88,152.2,1496.0,24.1,71.5,12820.0,7,18,0
2025-10-17 12:00:00,CNC-004,68.0,0.93,156.7,1485.0,24.1,75.8,12825.0,7,18,0
2025-10-17 18:00:00,CNC-004,66.0,0.86,155.9,1493.0,23.7,71.1,12831.0,7,18,0
2025-10-18 00:00:00,CNC-004,69.6,1.16,150.3,1493.0,25.1,74.9,12837.0,7,19,0
2025-10-18 06:00:00,CNC-004,70.4,1.7,153.1,1484.0,26.6,69.2,12841.0,7,19,0
2025-10-18 12:00:00,CNC-004,70.4,1.3,152.7,1491.0,26.4,74.2,12846.0,7,19,0
2025-10-18 18:00:00,CNC-004,66.2,1.56,153.7,1491.0,25.1,71.6,12851.0,7,19,0
2025-10-19 00:00:00,CNC-004,72.6,1.45,151.2,1488.0,25.8,70.1,12857.0,7,50,0
2025-10-19 06:00:00,CNC-004,70.9,1.8,152.0,1471.0,25.9,71.1,12861.0,7,20,0
2025-10-19 12:00:00,CNC-004,71.6,1.48,151.1,1498.0,25.7,72.8,12868.0,7,50,0
2025-10-19 18:00:00,CNC-004,66.0,1.15,151.3,1495.0,24.8,73.8,12872.0,7,20,0
2025-10-20 00:00:00,CNC-004,69.9,1.57,147.3,1493.0,26.4,74.2,12877.0,7,21,0
2025-10-20 06:00:00,CNC-004,74.7,1.55,148.0,1481.0,27.3,73.4,12883.0,7,21,0
2025-10-20 12:00:00,CNC-004,70.7,1.57,153.0,1471.0,27.1,70.8,12888.0,7,51,0
2025-10-20 18:00:00,CNC-004,67.9,1.62,150.0,1474.0,27.2,72.4,12894.0,7,51,0
2025-10-21 00:00:00,CNC-004,73.4,1.59,151.4,1486.0,27.2,74.0,12900.0,7,22,0
2025-10-21 06:00:00,CNC-004,75.1,2.04,150.0,1481.0,27.4,79.9,12904.0,7,52,0
2025-10-21 12:00:00,CNC-004,72.4,1.72,150.5,1482.0,27.5,72.5,12909.0,7,22,0
2025-10-21 18:00:00,CNC-004,69.0,1.72,152.9,1486.0,26.0,75.5,12914.0,7,22,0
2025-10-22 00:00:00,CNC-004,72.0,1.75,149.2,1479.0,28.3,74.6,12919.0,7,53,0
2025-10-22 06:00:00,CNC-004,74.3,2.21,153.5,1459.0,29.2,77.2,12924.0,7,53,0
2025-10-22 12:00:00,CNC-004,73.8,1.86,157.4,1471.0,26.7,71.4,12929.0,7,23,0
2025-10-22 18:00:00,CNC-004,70.6,1.92,151.6,1487.0,27.0,75.4,12934.0,7,53,0
2025-10-23 00:00:00,CNC-004,74.7,1.81,148.9,1473.0,27.5,77.8,12941.0,7,24,0
2025-10-23 06:00:00,CNC-004,75.4,2.22,151.8,1475.0,28.9,75.3,12946.0,7,24,0
2025-10-23 12:00:00,CNC-004,73.4,2.54,145.8,1474.0,28.9,75.2,12950.0,7,24,0
2025-10-23 18:00:00,CNC-004,70.0,2.51,146.4,1472.0,29.5,76.4,12955.0,7,24,0
2025-10-24 00:00:00,CNC-004,72.0,1.98,145.6,1481.0,28.8,72.3,12961.0,7,55,1
2025-10-24 06:00:00,CNC-004,77.8,2.26,148.6,1467.0,30.2,79.2,12967.0,7,55,1
2025-10-24 12:00:00,CNC-004,75.1,2.69,147.5,1460.0,30.5,79.0,12972.0,7,25,1
2025-10-24 18:00:00,CNC-004,74.2,2.78,144.7,1465.0,30.6,75.8,12979.0,7,55,1
2025-10-25 00:00:00,CNC-004,76.0,2.81,147.1,1487.0,30.9,77.8,12983.0,7,26,1
2025-10-25 06:00:00,CNC-004,77.5,1.86,143.7,1482.0,27.8,75.3,12989.0,7,26,1
2025-10-25 12:00:00,CNC-004,78.4,3.09,146.1,1453.0,31.1,74.2,12994.0,7,26,1
2025-10-25 18:00:00,CNC-004,75.0,2.67,149.1,1445.0,30.3,76.3,13000.0,7,26,1
2025-10-26 00:00:00,CNC-004,76.3,2.17,150.9,1460.0,29.9,78.6,13006.0,7,57,1
2025-10-26 06:00:00,CNC-004,75.8,2.68,146.1,1461.0,31.1,80.0,13011.0,7,27,1
2025-10-26 12:00:00,CNC-004,81.8,2.71,145.8,1470.0,32.0,73.1,13016.0,7,27,1
2025-10-26 18:00:00,CNC-004,79.0,3.24,147.3,1450.0,31.1,76.1,13021.0,7,57,1
2025-10-27 00:00:00,CNC-004,79.3,2.9,143.1,1489.0,30.3,79.2,13027.0,7,28,1
2025-10-27 06:00:00,CNC-004,77.6,3.47,149.6,1481.0,33.0,80.2,13032.0,7,28,1
2025-10-27 12:00:00,CNC-004,78.6,2.98,146.5,1462.0,30.7,77.6,13036.0,7,28,1
2025-10-27 18:00:00,CNC-004,75.8,2.75,146.2,1452.0,30.5,76.6,13040.0,7,28,1
2025-10-28 00:00:00,CNC-004,81.5,4.14,144.4,1450.0,34.2,80.7,13045.0,7,29,1
2025-10-28 06:00:00,CNC-004,80.1,3.67,144.3,1479.0,32.7,73.6,13049.0,7,29,1
2025-10-28 12:00:00,CNC-004,80.2,3.85,146.6,1478.0,34.5,77.5,13055.0,7,29,1
2025-10-28 18:00:00,CNC-004,79.3,2.37,144.3,1440.0,31.5,74.8,13061.0,7,29,1
2025-10-29 00:00:00,CNC-004,81.3,3.97,144.0,1447.0,33.6,73.8,13066.0,7,30,1
2025-10-29 06:00:00,CNC-004,81.5,3.66,147.3,1446.0,33.2,82.4,13072.0,7,30,1
2025-10-29 12:00:00,CNC-004,77.5,3.98,145.0,1460.0,33.4,73.9,13076.0,7,30,1
2025-10-29 18:00:00,CNC-004,78.9,3.31,138.4,1471.0,31.9,81.6,13082.0,7,30,1
2025-10-30 00:00:00,CNC-004,80.1,3.46,148.6,1442.0,34.2,77.9,13088.0,7,31,1
2025-10-30 06:00:00,CNC-004,79.4,2.43,145.8,1440.0,31.8,82.1,13093.0,7,1,1
2025-10-30 12:00:00,CNC-004,76.7,4.74,141.4,1439.0,35.3,85.6,13097.0,7,31,1
2025-10-30 18:00:00,CNC-004,76.1,2.88,148.5,1426.0,33.5,78.8,13102.0,7,1,1
2025-10-31 00:00:00,CNC-004,66.6,0.97,152.4,1501.0,24.7,71.6,13108.0,7,2,0
2025-10-31 06:00:00,CNC-004,68.5,0.99,155.1,1483.0,24.2,71.1,13114.0,7,32,0
2025-10-31 12:00:00,CNC-004,66.7,0.88,155.0,1484.0,24.4,73.3,13118.0,7,2,0
2025-10-31 18:00:00,CNC-004,65.6,0.86,149.4,1490.0,23.9,75.6,13124.0,7,32,0
2025-11-01 00:00:00,CNC-004,68.8,1.35,149.1,1491.0,23.5,70.7,13130.0,7,3,0
2025-11-01 06:00:00,CNC-004,69.6,1.2,153.6,1500.0,24.6,70.4,13136.0,7,3,0
2025-11-01 12:00:00,CNC-004,68.4,1.18,153.3,1490.0,24.3,72.3,13142.0,7,3,0
2025-11-01 18:00:00,CNC-004,67.5,1.05,151.8,1501.0,24.3,71.8,13147.0,7,33,0
2025-11-02 00:00:00,CNC-004,68.7,0.88,152.6,1499.0,23.6,73.7,13152.0,7,4,0
2025-11-02 06:00:00,CNC-004,68.0,0.87,154.9,1499.0,23.1,71.7,13158.0,7,34,0
2025-11-02 12:00:00,CNC-004,67.7,0.98,153.5,1505.0,23.7,72.1,13164.0,7,34,0
2025-11-02 18:00:00,CNC-004,64.9,0.89,149.6,1492.0,23.5,74.1,13169.0,7,34,0
2025-11-03 00:00:00,CNC-004,67.3,0.86,149.3,1499.0,23.7,70.1,13175.0,7,35,0
2025-11-03 06:00:00,CNC-004,71.3,0.94,150.9,1478.0,24.7,69.3,13179.0,7,35,0
2025-11-03 12:00:00,CNC-004,67.0,1.1,154.0,1510.0,24.3,73.1,13185.0,7,35,0
2025-11-03 18:00:00,CNC-004,65.4,1.09,150.2,1503.0,23.4,69.6,13190.0,7,35,0
2025-11-04 00:00:00,CNC-004,65.2,1.1,151.5,1500.0,23.9,67.7,13195.0,7,6,0
2025-11-04 06:00:00,CNC-004,68.5,0.95,151.6,1502.0,24.1,71.4,13201.0,7,36,0
2025-11-04 12:00:00,CNC-004,66.9,0.87,150.7,1494.0,23.1,72.0,13205.0,7,6,0
2025-11-04 18:00:00,CNC-004,67.0,0.9,154.9,1487.0,23.3,71.2,13211.0,7,6,0
2025-11-05 00:00:00,CNC-004,66.8,1.13,156.9,1486.0,24.2,72.4,13217.0,7,37,0
2025-11-05 06:00:00,CNC-004,68.4,1.08,156.1,1496.0,25.7,75.6,13221.0,7,37,0
2025-11-05 12:00:00,CNC-004,68.0,0.88,154.7,1487.0,23.3,68.0,13227.0,7,37,0
2025-11-05 18:00:00,CNC-004,65.1,0.96,150.4,1490.0,24.6,72.6,13232.0,7,37,0
2025-11-06 00:00:00,CNC-004,66.7,1.17,153.2,1495.0,24.5,71.3,13236.0,7,38,0
2025-11-06 06:00:00,CNC-004,68.5,0.92,153.5,1500.0,24.4,66.6,13242.0,7,38,0
2025-11-06 12:00:00,CNC-004,67.0,0.87,151.5,1503.0,22.7,70.4,13247.0,7,8,0
2025-11-06 18:00:00,CNC-004,63.6,0.89,155.2,1511.0,24.0,72.6,13252.0,7,38,0
2025-11-07 00:00:00,CNC-004,66.5,0.9,152.4,1500.0,23.9,71.2,13257.0,7,39,0
2025-11-07 06:00:00,CNC-004,67.3,0.94,155.2,1487.0,24.0,70.1,13262.0,7,39,0
2025-11-07 12:00:00,CNC-004,65.7,0.95,153.7,1498.0,23.2,70.1,13267.0,7,39,0
2025-11-07 18:00:00,CNC-004,65.7,0.88,153.3,1481.0,22.8,70.1,13272.0,7,9,0
2025-11-08 00:00:00,CNC-004,67.3,0.86,156.1,1497.0,23.9,69.9,13277.0,7,40,0
2025-11-08 06:00:00,CNC-004,68.8,1.06,153.7,1485.0,24.3,67.9,13283.0,7,10,0
2025-11-08 12:00:00,CNC-004,66.9,0.87,151.1,1496.0,23.5,69.9,13288.0,7,40,0
2025-11-08 18:00:00,CNC-004,64.9,0.87,153.4,1489.0,22.8,71.6,13294.0,7,10,0
2025-11-09 00:00:00,CNC-004,65.2,0.87,152.3,1477.0,23.1,72.1,13298.0,7,41,0
2025-11-09 06:00:00,CNC-004,69.3,0.93,157.8,1502.0,24.0,73.0,13303.0,7,11,0
2025-11-09 12:00:00,CNC-004,68.1,0.9,155.8,1496.0,23.9,73.3,13309.0,7,11,0
2025-11-09 18:00:00,CNC-004,66.8,0.86,154.1,1494.0,23.3,73.4,13315.0,7,11,0
2025-11-10 00:00:00,CNC-004,65.8,1.08,152.8,1484.0,24.6,71.9,13319.0,7,42,0
2025-11-10 06:00:00,CNC-004,67.4,0.9,153.6,1511.0,24.1,72.0,13325.0,7,42,0
2025-11-10 12:00:00,CNC-004,64.3,1.11,152.2,1479.0,23.7,71.3,13329.0,7,12,0
2025-11-10 18:00:00,CNC-004,65.7,1.17,155.0,1496.0,24.4,69.7,13335.0,7,42,0
2025-11-11 00:00:00,CNC-004,66.5,1.05,154.3,1485.0,24.5,76.3,13341.0,7,43,0
2025-11-11 06:00:00,CNC-004,67.9,1.53,153.6,1487.0,25.8,69.6,13348.0,7,43,0
2025-11-11 12:00:00,CNC-004,66.7,1.05,149.3,1477.0,24.6,71.9,13354.0,7,13,0
2025-11-11 18:00:00,CNC-004,64.3,0.85,152.0,1491.0,22.5,71.9,13358.0,7,13,0
2025-11-12 00:00:00,CNC-004,67.2,0.95,153.9,1484.0,23.7,72.7,13363.0,7,44,0
2025-11-12 06:00:00,CNC-004,66.0,1.06,154.7,1509.0,23.7,71.5,13369.0,7,44,0
2025-11-12 12:00:00,CNC-004,67.8,0.88,153.7,1492.0,22.5,70.0,13374.0,7,14,0
2025-11-12 18:00:00,CNC-004,66.8,1.48,150.2,1488.0,25.8,72.6,13379.0,7,44,0
2025-11-13 00:00:00,CNC-004,67.3,1.11,153.4,1482.0,24.6,69.0,13385.0,7,45,0
2025-11-13 06:00:00,CNC-004,67.6,0.96,153.7,1491.0,24.2,72.2,13389.0,7,45,0
2025-11-13 12:00:00,CNC-004,66.3,0.99,153.7,1474.0,23.2,71.0,13394.0,7,15,0
2025-11-13 18:00:00,CNC-004,63.0,1.15,152.3,1485.0,23.3,74.5,13400.0,7,15,0
2025-11-14 00:00:00,CNC-004,69.5,0.95,150.7,1502.0,24.2,70.0,13404.0,7,16,0
2025-11-14 06:00:00,CNC-004,69.3,0.87,156.3,1493.0,24.1,72.9,13409.0,7,16,0
2025-11-14 12:00:00,CNC-004,64.9,0.95,154.5,1496.0,24.3,72.0,13414.0,7,1,0
2025-11-14 18:00:00,CNC-004,66.0,0.94,156.2,1479.0,23.4,70.9,13419.0,7,16,0
2025-11-15 00:00:00,CNC-004,66.4,0.86,152.7,1501.0,23.5,71.0,13424.0,7,2,0
2025-11-15 06:00:00,CNC-004,68.1,0.89,154.2,1506.0,23.8,73.9,13429.0,7,17,0
2025-11-15 12:00:00,CNC-004,69.3,0.85,155.1,1477.0,25.1,72.5,13436.0,7,47,0
2025-11-15 18:00:00,CNC-004,67.2,0.86,154.7,1484.0,24.9,72.1,13440.0,7,47,0
2025-11-16 00:00:00,CNC-004,64.9,0.91,152.0,1488.0,24.2,73.9,13446.0,7,3,0
2025-11-16 06:00:00,CNC-004,70.4,0.93,150.7,1490.0,24.9,73.3,13452.0,7,18,0
2025-11-16 12:00:00,CNC-004,67.3,0.89,151.3,1495.0,24.0,75.1,13458.0,7,18,0
2025-11-16 18:00:00,CNC-004,63.9,1.25,153.8,1502.0,24.2,73.4,13463.0,7,3,0
2025-11-17 00:00:00,CNC-004,68.1,0.88,155.9,1472.0,23.8,74.6,13469.0,7,49,0
2025-11-17 06:00:00,CNC-004,68.3,0.97,153.0,1488.0,24.3,72.2,13475.0,7,19,0
2025-11-17 12:00:00,CNC-004,67.9,0.98,153.4,1503.0,24.4,72.6,13480.0,7,19,0
2025-11-17 18:00:00,CNC-004,64.6,1.27,148.8,1490.0,24.3,72.1,13485.0,7,4,0
2025-11-18 00:00:00,CNC-004,67.9,0.94,151.1,1484.0,24.6,68.0,13489.0,7,5,0
2025-11-18 06:00:00,CNC-004,69.7,0.9,155.3,1481.0,24.1,71.2,13495.0,7,20,0
2025-11-18 12:00:00,CNC-004,69.1,0.91,153.6,1491.0,23.6,74.9,13500.0,7,50,0
2025-11-18 18:00:00,CNC-004,63.7,1.03,155.3,1501.0,23.5,74.2,13504.0,7,50,0
2025-11-19 00:00:00,CNC-004,66.0,0.91,153.4,1485.0,23.8,69.9,13510.0,7,21,0
2025-11-19 06:00:00,CNC-004,69.0,0.88,159.9,1503.0,23.8,69.4,13516.0,7,51,0
2025-11-19 12:00:00,CNC-004,67.0,1.43,153.8,1493.0,24.9,69.1,13521.0,7,21,0
2025-11-19 18:00:00,CNC-004,66.6,1.04,154.9,1489.0,23.9,74.0,13526.0,7,51,0
2025-11-20 00:00:00,CNC-004,69.5,1.13,150.2,1506.0,24.3,72.1,13532.0,7,52,0
2025-11-20 06:00:00,CNC-004,69.9,0.97,155.4,1480.0,24.6,76.0,13536.0,7,52,0
2025-11-20 12:00:00,CNC-004,67.4,0.95,150.4,1500.0,23.4,74.2,13541.0,7,7,0
2025-11-20 18:00:00,CNC-004,66.6,0.97,153.7,1495.0,24.0,72.3,13547.0,7,22,0
2025-11-21 00:00:00,CNC-004,67.3,0.89,151.4,1493.0,24.6,70.6,13553.0,7,8,0
2025-11-21 06:00:00,CNC-004,69.7,1.17,151.4,1485.0,24.2,67.4,13559.0,7,8,0
2025-11-21 12:00:00,CNC-004,67.0,1.17,154.6,1495.0,25.8,70.9,13564.0,7,23,0
2025-11-21 18:00:00,CNC-004,66.4,0.98,152.5,1497.0,23.9,69.2,13570.0,7,53,0
2025-11-22 00:00:00,CNC-004,66.3,1.13,150.0,1496.0,24.3,72.0,13574.0,7,9,0
2025-11-22 06:00:00,CNC-004,69.0,0.88,156.3,1490.0,24.6,72.3,13580.0,7,54,0
2025-11-22 12:00:00,CNC-004,64.0,0.93,152.2,1503.0,24.0,68.6,13585.0,7,24,0
2025-11-22 18:00:00,CNC-004,64.4,0.87,153.2,1483.0,23.8,75.6,13590.0,7,9,0
2025-11-23 00:00:00,CNC-004,63.6,0.87,154.0,1481.0,22.4,71.1,13596.0,7,25,0
2025-11-23 06:00:00,CNC-004,69.2,0.89,152.4,1486.0,23.9,71.1,13601.0,7,10,0
2025-11-23 12:00:00,CNC-004,66.9,0.86,151.3,1493.0,24.0,70.9,13607.0,7,25,0
2025-11-23 18:00:00,CNC-004,63.8,0.9,154.3,1495.0,23.4,70.9,13612.0,7,55,0
2025-11-24 00:00:00,CNC-004,65.9,0.92,154.7,1476.0,24.5,72.2,13617.0,7,56,0
2025-11-24 06:00:00,CNC-004,66.2,0.97,155.3,1509.0,23.8,71.8,13621.0,7,11,0
2025-11-24 12:00:00,CNC-004,68.8,1.04,154.3,1489.0,24.9,69.5,13626.0,7,11,0
2025-11-24 18:00:00,CNC-004,65.9,1.25,152.7,1495.0,23.8,71.9,13632.0,7,56,0
2025-11-25 00:00:00,CNC-004,63.7,1.44,150.0,1506.0,24.8,70.7,13637.0,7,12,0
2025-11-25 06:00:00,CNC-004,68.9,0.99,156.4,1497.0,24.1,72.7,13641.0,7,57,0
2025-11-25 12:00:00,CNC-004,64.7,0.94,153.1,1494.0,23.7,73.0,13647.0,7,57,0
2025-11-25 18:00:00,CNC-004,66.3,0.86,151.2,1503.0,23.3,71.7,13653.0,7,57,0
2025-11-26 00:00:00,CNC-004,68.2,1.18,154.1,1493.0,24.5,74.7,13659.0,7,58,0
2025-11-26 06:00:00,CNC-004,67.7,0.98,153.3,1486.0,23.7,71.8,13665.0,7,28,0
2025-11-26 12:00:00,CNC-004,65.5,0.95,153.3,1495.0,23.9,70.4,13671.0,7,58,0
2025-11-26 18:00:00,CNC-004,65.0,1.0,155.4,1486.0,24.3,71.4,13675.0,7,58,0
2025-11-27 00:00:00,CNC-004,67.1,0.95,151.1,1492.0,23.4,69.3,13681.0,7,14,0
2025-11-27 06:00:00,CNC-004,70.0,0.88,154.1,1497.0,24.4,70.8,13686.0,7,14,0
2025-11-27 12:00:00,CNC-004,64.2,1.07,148.6,1494.0,23.1,70.9,13692.0,7,14,0
2025-11-27 18:00:00,CNC-004,63.7,0.98,156.4,1503.0,24.0,72.0,13697.0,7,59,0
2025-11-28 00:00:00,CNC-004,64.5,1.33,156.1,1492.0,23.9,72.8,13702.0,7,60,0
2025-11-28 06:00:00,CNC-004,67.9,1.04,153.2,1495.0,24.0,73.2,13706.0,7,15,0
2025-11-28 12:00:00,CNC-004,66.0,1.24,152.8,1498.0,24.0,72.3,13712.0,7,30,0
2025-11-28 18:00:00,CNC-004,64.4,0.89,153.6,1496.0,24.1,71.8,13717.0,7,30,0
2025-11-29 00:00:00,CNC-004,65.4,0.89,150.4,1490.0,23.7,68.0,13722.0,7,31,0
2025-11-29 06:00:00,CNC-004,69.5,0.88,155.1,1499.0,24.4,72.7,13728.0,7,61,0
2025-11-29 12:00:00,CNC-004,66.5,1.15,154.0,1480.0,24.2,73.2,13734.0,7,61,0
2025-11-29 18:00:00,CNC-004,64.3,0.98,152.5,1491.0,24.2,71.8,13740.0,7,16,0
2025-11-30 00:00:00,CNC-004,67.2,0.88,152.2,1495.0,23.9,71.4,13744.0,7,32,0
2025-11-30 06:00:00,CNC-004,69.5,1.07,156.2,1490.0,24.9,73.8,13750.0,7,17,0
2025-11-30 12:00:00,CNC-004,68.0,1.3,155.1,1487.0,24.7,73.3,13756.0,7,62,0
2025-11-30 18:00:00,CNC-004,65.3,0.86,155.7,1489.0,22.9,73.7,13760.0,7,62,0
2025-12-01 00:00:00,CNC-004,67.2,0.92,152.4,1504.0,24.4,71.7,13766.0,7,18,0
2025-12-01 06:00:00,CNC-004,67.7,0.85,153.5,1494.0,24.3,69.8,13770.0,7,63,0
2025-12-01 12:00:00,CNC-004,66.2,0.86,155.8,1492.0,23.8,71.1,13775.0,7,63,0
2025-12-01 18:00:00,CNC-004,65.2,0.97,155.3,1498.0,23.2,72.8,13780.0,7,63,0
2025-12-02 00:00:00,CNC-004,65.9,0.97,149.7,1494.0,23.6,73.1,13785.0,7,34,0
2025-12-02 06:00:00,CNC-004,68.4,1.0,153.8,1495.0,24.2,71.5,13790.0,7,64,0
2025-12-02 12:00:00,CNC-004,65.6,1.68,151.9,1477.0,25.2,73.1,13796.0,7,34,0
2025-12-02 18:00:00,CNC-004,64.5,0.99,153.6,1495.0,23.9,74.9,13801.0,7,19,0
2025-12-03 00:00:00,CNC-004,68.4,1.06,155.7,1498.0,25.0,72.7,13807.0,7,65,0
2025-12-03 06:00:00,CNC-004,68.0,1.08,153.8,1500.0,23.9,72.8,13812.0,7,65,0
2025-12-03 12:00:00,CNC-004,68.2,1.23,150.9,1506.0,23.8,70.6,13816.0,7,35,0
2025-12-03 18:00:00,CNC-004,64.1,0.98,154.0,1487.0,24.3,72.7,13822.0,7,65,0
2025-12-04 00:00:00,CNC-004,67.3,0.98,150.2,1485.0,24.5,68.1,13828.0,7,36,0
2025-12-04 06:00:00,CNC-004,67.7,0.87,154.6,1485.0,23.2,74.1,13834.0,7,66,0
2025-12-04 12:00:00,CNC-004,67.2,1.47,153.1,1491.0,25.7,73.7,13838.0,7,36,0
2025-12-04 18:00:00,CNC-004,63.9,0.92,152.1,1491.0,24.1,75.2,13843.0,7,66,0
2025-12-05 00:00:00,CNC-004,66.3,1.21,152.2,1506.0,24.0,73.0,13849.0,7,37,0
2025-12-05 06:00:00,CNC-004,67.1,0.9,150.3,1497.0,24.1,70.9,13855.0,7,22,0
2025-12-05 12:00:00,CNC-004,65.4,0.99,151.6,1497.0,23.5,75.2,13861.0,7,22,0
2025-12-05 18:00:00,CNC-004,62.8,1.15,156.5,1485.0,23.8,73.3,13866.0,7,37,0
2025-12-06 00:00:00,CNC-004,65.9,0.88,153.1,1476.0,23.5,69.2,13871.0,7,23,0
2025-12-06 06:00:00,CNC-004,68.7,0.85,155.4,1487.0,23.7,71.8,13876.0,7,23,0
2025-12-06 12:00:00,CNC-004,67.2,1.08,154.9,1500.0,25.2,71.2,13883.0,7,68,0
2025-12-06 18:00:00,CNC-004,66.5,1.03,152.8,1496.0,24.5,75.3,13888.0,7,23,0
2025-12-07 00:00:00,CNC-004,66.8,1.06,155.2,1477.0,24.2,73.6,13893.0,7,69,0
2025-12-07 06:00:00,CNC-004,66.2,1.04,158.3,1494.0,23.8,69.9,13899.0,7,69,0
2025-12-07 12:00:00,CNC-004,65.2,1.52,151.7,1501.0,25.2,70.2,13903.0,7,69,0
2025-12-07 18:00:00,CNC-004,64.0,0.91,154.2,1476.0,23.0,72.5,13909.0,7,39,0
2025-12-08 00:00:00,CNC-004,65.7,0.87,153.3,1508.0,23.1,72.0,13914.0,7,40,0
2025-12-08 06:00:00,CNC-004,69.0,1.01,154.4,1487.0,24.5,73.2,13920.0,7,70,0
2025-12-08 12:00:00,CNC-004,65.4,0.89,153.9,1482.0,23.1,76.2,13926.0,7,70,0
2025-12-08 18:00:00,CNC-004,64.2,0.96,155.7,1491.0,24.1,70.9,13932.0,7,70,0
2025-12-09 00:00:00,CNC-004,64.6,1.2,150.9,1510.0,24.2,72.6,13938.0,7,26,0
2025-12-09 06:00:00,CNC-004,67.8,1.15,153.0,1497.0,23.8,69.3,13943.0,7,26,0
2025-12-09 12:00:00,CNC-004,64.6,0.87,152.7,1496.0,22.5,72.1,13949.0,7,41,0
2025-12-09 18:00:00,CNC-004,63.1,0.89,154.6,1490.0,23.7,70.2,13954.0,7,26,0
2025-12-10 00:00:00,CNC-004,65.7,0.98,150.1,1493.0,23.0,71.6,13958.0,7,27,0
2025-12-10 06:00:00,CNC-004,67.9,1.59,153.3,1489.0,25.0,69.0,13964.0,7,42,0
2025-12-10 12:00:00,CNC-004,68.2,1.16,154.5,1504.0,24.0,70.9,13968.0,7,72,0
2025-12-10 18:00:00,CNC-004,62.8,1.14,150.7,1479.0,23.1,73.9,13974.0,7,72,0
2025-12-11 00:00:00,CNC-004,65.6,0.86,151.6,1507.0,24.0,69.3,13980.0,7,73,0
2025-12-11 06:00:00,CNC-004,68.9,0.95,155.3,1494.0,23.4,71.6,13985.0,7,43,0
2025-12-11 12:00:00,CNC-004,65.7,0.96,153.4,1498.0,24.1,73.7,13990.0,7,73,0
2025-12-11 18:00:00,CNC-004,64.2,0.99,152.3,1512.0,24.2,73.5,13995.0,7,28,0
2025-12-12 00:00:00,CNC-004,66.5,1.01,151.8,1487.0,23.4,65.4,14001.0,7,74,0
2025-12-12 06:00:00,CNC-004,68.4,0.95,151.0,1479.0,25.0,70.2,14006.0,7,74,0
2025-12-12 12:00:00,CNC-004,67.6,1.17,153.2,1495.0,24.1,72.7,14012.0,7,29,0
2025-12-12 18:00:00,CNC-004,65.3,1.02,155.1,1488.0,23.9,72.3,14018.0,7,29,0
2025-12-13 00:00:00,CNC-004,66.2,0.87,151.3,1488.0,24.2,74.6,14023.0,7,30,0
2025-12-13 06:00:00,CNC-004,68.7,1.1,153.3,1494.0,24.3,69.2,14028.0,7,30,0
2025-12-13 12:00:00,CNC-004,64.5,0.97,152.5,1487.0,23.7,73.1,14035.0,7,45,0
2025-12-13 18:00:00,CNC-004,65.8,0.88,152.6,1494.0,23.4,67.5,14040.0,7,30,0
2025-12-14 00:00:00,CNC-004,64.3,1.07,157.5,1488.0,23.5,74.2,14045.0,7,76,0
2025-12-14 06:00:00,CNC-004,65.4,1.15,155.3,1504.0,24.0,74.7,14050.0,7,31,0
2025-12-14 12:00:00,CNC-004,66.2,1.2,154.4,1504.0,25.3,69.8,14056.0,7,31,0
2025-12-14 18:00:00,CNC-004,62.8,1.32,154.9,1502.0,23.3,69.9,14062.0,7,76,0
2025-12-15 00:00:00,CNC-004,63.9,1.2,155.2,1501.0,23.9,73.6,14066.0,7,32,0
2025-12-15 06:00:00,CNC-004,67.3,0.85,151.3,1478.0,23.4,76.1,14070.0,7,47,0
2025-12-15 12:00:00,CNC-004,63.5,0.85,151.7,1495.0,23.7,75.1,14075.0,7,47,0
2025-12-15 18:00:00,CNC-004,62.7,1.06,152.4,1492.0,23.4,70.7,14081.0,7,77,0
2025-12-16 00:00:00,CNC-004,64.8,0.88,156.0,1488.0,23.3,69.2,14085.0,7,48,0
2025-12-16 06:00:00,CNC-004,68.1,0.86,152.9,1496.0,23.9,72.7,14091.0,7,48,0
2025-12-16 12:00:00,CNC-004,64.4,0.88,152.1,1487.0,23.2,73.3,14096.0,7,33,0
2025-12-16 18:00:00,CNC-004,62.5,0.89,154.9,1495.0,23.2,74.1,14100.0,7,48,0
2025-12-17 00:00:00,CNC-004,65.8,0.93,151.6,1500.0,23.8,71.8,14107.0,7,49,0
2025-12-17 06:00:00,CNC-004,67.0,0.9,152.4,1485.0,24.1,72.3,14113.0,7,34,0
2025-12-17 12:00:00,CNC-004,65.1,0.89,152.8,1488.0,23.5,71.1,14119.0,7,79,0
2025-12-17 18:00:00,CNC-004,63.9,0.94,157.0,1498.0,23.7,68.4,14125.0,7,34,0
2025-12-18 00:00:00,CNC-004,65.6,0.94,153.8,1493.0,24.2,69.1,14130.0,7,35,0
2025-12-18 06:00:00,CNC-004,66.4,1.0,153.2,1486.0,23.5,68.8,14135.0,7,35,0
2025-12-18 12:00:00,CNC-004,66.1,1.01,155.3,1498.0,24.2,71.9,14140.0,7,35,0
2025-12-18 18:00:00,CNC-004,64.7,0.96,154.7,1492.0,23.2,71.6,14146.0,7,80,0
2025-12-19 00:00:00,CNC-004,65.1,0.87,149.8,1501.0,23.5,72.6,14152.0,7,36,0
2025-12-19 06:00:00,CNC-004,68.0,1.05,154.1,1498.0,25.4,71.6,14158.0,7,36,0
2025-12-19 12:00:00,CNC-004,66.6,0.92,154.4,1502.0,23.9,68.5,14165.0,7,36,0
2025-12-19 18:00:00,CNC-004,62.2,1.11,153.8,1501.0,22.6,74.7,14169.0,7,51,0
2025-12-20 00:00:00,CNC-004,66.1,0.88,154.1,1496.0,23.6,74.3,14174.0,7,52,0
2025-12-20 06:00:00,CNC-004,68.4,1.24,152.0,1489.0,24.6,69.8,14180.0,7,52,0
2025-12-20 12:00:00,CNC-004,67.1,0.87,155.0,1493.0,23.8,70.7,14186.0,7,37,0
2025-12-20 18:00:00,CNC-004,63.1,0.96,154.0,1497.0,23.6,68.3,14190.0,7,37,0
2025-12-21 00:00:00,CNC-004,63.9,0.88,153.5,1476.0,24.3,69.3,14195.0,7,83,0
2025-12-21 06:00:00,CNC-004,66.4,1.18,152.3,1496.0,24.7,71.6,14201.0,7,83,0
2025-12-21 12:00:00,CNC-004,65.1,0.85,155.0,1496.0,24.2,72.2,14207.0,7,38,0
2025-12-21 18:00:00,CNC-004,63.1,0.85,151.9,1489.0,22.0,72.1,14212.0,7,53,0
2025-12-22 00:00:00,CNC-004,62.9,0.85,151.9,1502.0,22.8,69.8,14217.0,7,84,0
2025-12-22 06:00:00,CNC-004,67.8,1.04,152.0,1492.0,23.9,74.0,14222.0,7,39,0
2025-12-22 12:00:00,CNC-004,65.6,0.86,152.7,1494.0,23.2,79.8,14226.0,7,84,0
2025-12-22 18:00:00,CNC-004,61.5,0.85,153.2,1482.0,23.2,70.9,14231.0,7,39,0
2025-12-23 00:00:00,CNC-004,64.6,1.04,151.2,1499.0,24.1,71.9,14235.0,7,40,0
2025-12-23 06:00:00,CNC-004,65.7,0.85,156.0,1479.0,23.4,75.1,14241.0,7,85,0
2025-12-23 12:00:00,CNC-004,63.4,1.05,152.0,1496.0,23.8,69.4,14247.0,7,55,0
2025-12-23 18:00:00,CNC-004,62.4,0.92,150.5,1487.0,23.0,69.6,14251.0,7,85,0
2025-12-24 00:00:00,CNC-004,65.1,0.94,153.2,1501.0,23.7,71.4,14257.0,7,86,0
2025-12-24 06:00:00,CNC-004,66.9,0.94,156.1,1494.0,23.8,75.7,14263.0,7,86,0
2025-12-24 12:00:00,CNC-004,65.7,1.31,155.7,1490.0,24.6,72.6,14268.0,7,86,0
2025-12-24 18:00:00,CNC-004,62.4,0.99,152.7,1497.0,22.6,71.8,14274.0,7,56,0
2025-12-25 00:00:00,CNC-004,65.5,1.28,155.4,1481.0,24.4,75.0,14278.0,7,57,0
2025-12-25 06:00:00,CNC-004,65.9,0.87,154.6,1497.0,23.6,72.6,14283.0,7,57,0
2025-12-25 12:00:00,CNC-004,63.5,0.89,154.0,1494.0,23.3,71.2,14287.0,7,87,0
2025-12-25 18:00:00,CNC-004,62.9,0.88,152.8,1491.0,23.9,73.2,14292.0,7,87,0
2025-12-26 00:00:00,CNC-004,66.1,1.12,150.2,1489.0,23.9,72.7,14297.0,7,58,0
2025-12-26 06:00:00,CNC-004,66.8,0.91,152.8,1492.0,22.8,67.7,14303.0,7,43,0
2025-12-26 12:00:00,CNC-004,64.1,1.0,152.6,1502.0,24.3,70.9,14309.0,7,58,0
2025-12-26 18:00:00,CNC-004,63.9,1.04,151.5,1492.0,24.0,72.0,14314.0,7,58,0
2025-12-27 00:00:00,CNC-004,64.5,0.86,152.4,1493.0,24.3,71.1,14319.0,7,89,0
2025-12-27 06:00:00,CNC-004,68.7,0.94,154.3,1492.0,23.6,73.2,14323.0,7,44,0
2025-12-27 12:00:00,CNC-004,65.5,0.86,151.1,1499.0,23.5,75.0,14329.0,7,89,0
2025-12-27 18:00:00,CNC-004,63.4,0.99,151.8,1503.0,23.7,70.1,14334.0,7,44,0
2025-07-01 00:00:00,CNC-005,61.3,1.77,149.9,1511.0,24.7,74.3,11356.0,8,0,0
2025-07-01 06:00:00,CNC-005,65.8,1.45,147.2,1525.0,24.3,73.9,11362.0,8,0,0
2025-07-01 12:00:00,CNC-005,61.9,1.17,145.8,1531.0,23.9,72.2,11368.0,8,0,0
2025-07-01 18:00:00,CNC-005,60.7,1.57,148.9,1527.0,24.1,69.8,11374.0,8,0,0
2025-07-02 00:00:00,CNC-005,64.4,1.23,145.5,1518.0,23.7,72.9,11379.0,8,1,0
2025-07-02 06:00:00,CNC-005,67.9,1.35,149.5,1508.0,23.8,74.0,11383.0,8,1,0
2025-07-02 12:00:00,CNC-005,61.6,1.15,148.6,1525.0,23.5,66.9,11387.0,8,1,0
2025-07-02 18:00:00,CNC-005,60.2,1.28,147.9,1524.0,23.0,73.8,11392.0,8,1,0
2025-07-03 00:00:00,CNC-005,64.5,1.23,152.2,1540.0,24.4,70.6,11397.0,8,2,0
2025-07-03 06:00:00,CNC-005,65.9,1.24,150.7,1516.0,24.2,72.7,11404.0,8,2,0
2025-07-03 12:00:00,CNC-005,64.4,1.15,148.9,1514.0,24.9,70.6,11409.0,8,2,0
2025-07-03 18:00:00,CNC-005,60.9,1.28,152.4,1517.0,23.5,72.4,11413.0,8,2,0
2025-07-04 00:00:00,CNC-005,64.3,1.2,150.6,1513.0,23.3,69.8,11418.0,8,3,0
2025-07-04 06:00:00,CNC-005,65.0,1.39,147.7,1518.0,23.3,69.7,11422.0,8,3,0
2025-07-04 12:00:00,CNC-005,62.7,1.26,147.3,1524.0,24.1,73.2,11427.0,8,3,0
2025-07-04 18:00:00,CNC-005,62.7,1.4,150.5,1512.0,23.2,68.3,11432.0,8,3,0
2025-07-05 00:00:00,CNC-005,64.0,1.29,150.1,1511.0,24.3,67.6,11438.0,8,4,0
2025-07-05 06:00:00,CNC-005,65.6,1.15,150.3,1523.0,24.4,71.3,11444.0,8,4,0
2025-07-05 12:00:00,CNC-005,63.0,1.34,144.3,1521.0,24.3,72.8,11449.0,8,4,0
2025-07-05 18:00:00,CNC-005,63.4,1.18,145.3,1526.0,23.4,71.9,11455.0,8,4,0
2025-07-06 00:00:00,CNC-005,63.5,1.54,151.1,1527.0,24.7,72.9,11459.0,8,5,0
2025-07-06 06:00:00,CNC-005,65.5,1.16,150.1,1507.0,23.8,72.0,11465.0,8,5,0
2025-07-06 12:00:00,CNC-005,63.0,1.17,147.9,1519.0,23.8,77.2,11470.0,8,5,0
2025-07-06 18:00:00,CNC-005,63.1,1.27,147.8,1514.0,23.3,73.3,11474.0,8,5,0
2025-07-07 00:00:00,CNC-005,66.0,1.24,147.2,1518.0,25.4,72.5,11478.0,8,6,0
2025-07-07 06:00:00,CNC-005,66.1,1.58,147.2,1508.0,25.5,70.3,11483.0,8,6,0
2025-07-07 12:00:00,CNC-005,64.1,1.14,147.1,1510.0,23.8,73.3,11488.0,8,6,0
2025-07-07 18:00:00,CNC-005,62.8,1.37,150.1,1515.0,24.7,72.6,11493.0,8,6,0
2025-07-08 00:00:00,CNC-005,64.9,1.2,149.4,1519.0,23.9,72.0,11498.0,8,7,0
2025-07-08 06:00:00,CNC-005,68.2,1.25,147.3,1523.0,24.2,74.4,11504.0,8,7,0
2025-07-08 12:00:00,CNC-005,61.9,1.32,146.5,1518.0,24.5,70.2,11509.0,8,7,0
2025-07-08 18:00:00,CNC-005,62.0,1.4,149.1,1515.0,23.6,71.7,11514.0,8,7,0
2025-07-09 00:00:00,CNC-005,63.8,1.42,146.6,1522.0,24.9,71.6,11519.0,8,8,0
2025-07-09 06:00:00,CNC-005,65.8,1.2,146.1,1520.0,24.4,73.2,11524.0,8,8,0
2025-07-09 12:00:00,CNC-005,63.7,1.35,149.8,1525.0,23.9,71.6,11529.0,8,8,0
2025-07-09 18:00:00,CNC-005,62.2,1.96,147.2,1517.0,26.3,71.1,11533.0,8,8,0
2025-07-10 00:00:00,CNC-005,64.6,1.3,145.1,1525.0,24.3,72.7,11539.0,8,9,0
2025-07-10 06:00:00,CNC-005,65.3,1.17,147.5,1529.0,24.0,70.8,11544.0,8,9,0
2025-07-10 12:00:00,CNC-005,66.3,1.15,148.1,1513.0,24.0,73.5,11551.0,8,9,0
2025-07-10 18:00:00,CNC-005,63.3,1.23,146.5,1536.0,24.4,74.5,11556.0,8,9,0
2025-07-11 00:00:00,CNC-005,61.4,1.47,150.2,1522.0,22.5,66.8,11561.0,8,10,0
2025-07-11 06:00:00,CNC-005,64.8,1.17,145.8,1518.0,23.7,70.4,11567.0,8,10,0
2025-07-11 12:00:00,CNC-005,63.7,1.14,148.6,1522.0,23.6,72.1,11572.0,8,10,0
2025-07-11 18:00:00,CNC-005,61.2,1.15,146.4,1520.0,23.3,70.9,11578.0,8,10,0
2025-07-12 00:00:00,CNC-005,63.9,1.16,147.2,1518.0,23.9,73.6,11583.0,8,11,0
2025-07-12 06:00:00,CNC-005,65.4,1.23,147.7,1512.0,25.2,70.4,11588.0,8,11,0
2025-07-12 12:00:00,CNC-005,65.3,1.16,147.1,1499.0,23.9,71.8,11594.0,8,11,0
2025-07-12 18:00:00,CNC-005,62.9,1.52,149.8,1517.0,24.1,75.3,11599.0,8,11,0
2025-07-13 00:00:00,CNC-005,64.2,1.3,147.0,1529.0,24.0,68.1,11603.0,8,12,0
2025-07-13 06:00:00,CNC-005,65.1,1.25,148.1,1505.0,24.8,68.4,11608.0,8,12,0
2025-07-13 12:00:00,CNC-005,65.4,1.14,147.7,1523.0,24.2,72.1,11613.0,8,12,0
2025-07-13 18:00:00,CNC-005,61.2,1.28,149.1,1523.0,23.7,73.5,11619.0,8,12,0
2025-07-14 00:00:00,CNC-005,65.4,1.22,152.1,1519.0,23.9,71.4,11625.0,8,13,0
2025-07-14 06:00:00,CNC-005,67.6,1.14,146.8,1511.0,24.5,70.6,11631.0,8,13,0
2025-07-14 12:00:00,CNC-005,65.9,1.22,145.0,1516.0,24.5,72.6,11637.0,8,13,0
2025-07-14 18:00:00,CNC-005,61.4,1.54,145.9,1511.0,25.3,71.5,11642.0,8,13,0
2025-07-15 00:00:00,CNC-005,64.5,1.64,145.0,1513.0,24.8,71.3,11649.0,8,14,0
2025-07-15 06:00:00,CNC-005,66.3,1.31,150.3,1525.0,24.0,71.6,11655.0,8,14,0
2025-07-15 12:00:00,CNC-005,66.3,1.25,146.7,1510.0,24.4,73.3,11659.0,8,14,0
2025-07-15 18:00:00,CNC-005,63.5,1.22,146.6,1514.0,23.9,75.1,11664.0,8,14,0
2025-07-16 00:00:00,CNC-005,64.6,1.46,147.1,1525.0,24.4,71.9,11669.0,8,15,0
2025-07-16 06:00:00,CNC-005,67.7,1.15,149.0,1510.0,24.2,73.1,11674.0,8,15,0
2025-07-16 12:00:00,CNC-005,64.1,1.23,146.9,1500.0,24.6,68.0,11679.0,8,15,0
2025-07-16 18:00:00,CNC-005,63.6,1.34,145.2,1533.0,24.4,75.2,11683.0,8,15,0
2025-07-17 00:00:00,CNC-005,65.7,1.3,147.8,1523.0,24.2,74.4,11689.0,8,16,0
2025-07-17 06:00:00,CNC-005,66.9,1.19,147.4,1537.0,24.2,70.1,11695.0,8,16,0
2025-07-17 12:00:00,CNC-005,64.6,1.17,147.6,1522.0,24.6,73.3,11701.0,8,16,0
2025-07-17 18:00:00,CNC-005,63.9,1.3,150.2,1514.0,24.2,73.7,11706.0,8,16,0
2025-07-18 00:00:00,CNC-005,65.6,1.17,149.4,1525.0,24.6,70.7,11712.0,8,17,0
2025-07-18 06:00:00,CNC-005,68.1,1.25,150.7,1519.0,25.0,71.6,11718.0,8,17,0
2025-07-18 12:00:00,CNC-005,64.7,1.5,148.5,1513.0,24.7,70.1,11723.0,8,17,0
2025-07-18 18:00:00,CNC-005,64.4,1.18,144.8,1509.0,23.6,74.0,11730.0,8,17,0
2025-07-19 00:00:00,CNC-005,65.3,1.16,146.3,1516.0,23.9,72.7,11736.0,8,18,0
2025-07-19 06:00:00,CNC-005,66.6,1.18,148.4,1513.0,23.6,71.8,11742.0,8,18,0
2025-07-19 12:00:00,CNC-005,64.6,1.14,150.1,1514.0,23.9,67.6,11748.0,8,18,0
2025-07-19 18:00:00,CNC-005,63.7,1.3,148.0,1526.0,24.0,71.8,11752.0,8,18,0
2025-07-20 00:00:00,CNC-005,65.8,1.18,146.6,1516.0,24.4,70.8,11758.0,8,19,0
2025-07-20 06:00:00,CNC-005,65.6,1.5,147.7,1513.0,24.2,71.8,11762.0,8,19,0
2025-07-20 12:00:00,CNC-005,64.4,1.19,143.8,1515.0,23.8,72.4,11769.0,8,19,0
2025-07-20 18:00:00,CNC-005,62.1,1.25,151.1,1518.0,24.1,72.7,11774.0,8,19,0
2025-07-21 00:00:00,CNC-005,65.4,1.29,148.3,1507.0,24.5,70.6,11780.0,8,20,0
2025-07-21 06:00:00,CNC-005,66.1,1.19,146.1,1536.0,24.4,68.6,11784.0,8,20,0
2025-07-21 12:00:00,CNC-005,64.1,1.19,147.5,1533.0,24.2,72.7,11790.0,8,20,0
2025-07-21 18:00:00,CNC-005,63.2,1.21,148.0,1516.0,24.2,72.6,11795.0,8,20,0
2025-07-22 00:00:00,CNC-005,63.6,1.19,147.8,1519.0,24.0,69.4,11801.0,8,21,0
2025-07-22 06:00:00,CNC-005,68.3,1.37,150.4,1524.0,25.0,74.1,11807.0,8,21,0
2025-07-22 12:00:00,CNC-005,62.4,1.28,147.6,1521.0,23.9,74.2,11813.0,8,21,0
2025-07-22 18:00:00,CNC-005,64.2,1.22,146.9,1520.0,23.8,74.6,11819.0,8,21,0
2025-07-23 00:00:00,CNC-005,67.6,1.19,147.8,1520.0,24.4,70.9,11823.0,8,22,0
2025-07-23 06:00:00,CNC-005,64.6,1.24,146.1,1511.0,24.4,74.3,11828.0,8,22,0
2025-07-23 12:00:00,CNC-005,62.0,1.35,147.3,1521.0,24.1,70.7,11834.0,8,22,0
2025-07-23 18:00:00,CNC-005,61.4,1.17,147.0,1515.0,23.7,71.6,11838.0,8,22,0
2025-07-24 00:00:00,CNC-005,65.4,1.15,151.0,1523.0,24.4,72.5,11844.0,8,23,0
2025-07-24 06:00:00,CNC-005,69.2,1.3,146.3,1537.0,25.1,69.0,11851.0,8,23,0
2025-07-24 12:00:00,CNC-005,64.7,1.26,144.6,1519.0,23.2,72.9,11856.0,8,23,0
2025-07-24 18:00:00,CNC-005,63.6,1.42,144.4,1524.0,26.1,71.0,11861.0,8,23,0
2025-07-25 00:00:00,CNC-005,66.0,1.19,146.9,1518.0,24.8,71.4,11866.0,8,24,0
2025-07-25 06:00:00,CNC-005,67.8,1.36,147.7,1528.0,24.9,76.9,11871.0,8,24,0
2025-07-25 12:00:00,CNC-005,65.5,1.14,149.5,1514.0,24.2,72.1,11876.0,8,24,0
2025-07-25 18:00:00,CNC-005,64.2,1.75,147.4,1512.0,25.3,69.4,11880.0,8,24,0
2025-07-26 00:00:00,CNC-005,63.1,1.32,147.2,1524.0,24.9,73.3,11884.0,8,25,0
2025-07-26 06:00:00,CNC-005,68.0,1.49,149.8,1529.0,24.6,71.6,11889.0,8,25,0
2025-07-26 12:00:00,CNC-005,65.5,1.14,147.3,1517.0,24.2,73.0,11895.0,8,25,0
2025-07-26 18:00:00,CNC-005,65.3,1.31,147.7,1519.0,24.3,71.0,11900.0,8,25,0
2025-07-27 00:00:00,CNC-005,66.1,1.41,147.8,1502.0,25.5,73.1,11907.0,8,26,0
2025-07-27 06:00:00,CNC-005,65.9,1.18,142.3,1518.0,24.0,71.3,11911.0,8,26,0
2025-07-27 12:00:00,CNC-005,65.2,1.26,148.5,1526.0,24.1,71.0,11915.0,8,26,0
2025-07-27 18:00:00,CNC-005,61.8,1.15,150.5,1530.0,23.0,72.1,11920.0,8,26,0
2025-07-28 00:00:00,CNC-005,65.6,1.39,148.1,1512.0,25.5,73.9,11925.0,8,27,0
2025-07-28 06:00:00,CNC-005,67.5,1.25,150.8,1523.0,24.7,72.3,11931.0,8,27,0
2025-07-28 12:00:00,CNC-005,64.4,1.28,149.2,1512.0,24.5,71.9,11935.0,8,27,0
2025-07-28 18:00:00,CNC-005,61.9,1.29,147.6,1519.0,23.8,71.9,11941.0,8,27,0
2025-07-29 00:00:00,CNC-005,63.5,1.33,151.8,1523.0,23.3,71.8,11947.0,8,28,0
2025-07-29 06:00:00,CNC-005,66.0,1.28,149.2,1519.0,24.3,70.5,11953.0,8,28,0
2025-07-29 12:00:00,CNC-005,63.5,1.48,149.5,1530.0,24.5,72.6,11957.0,8,28,0
2025-07-29 18:00:00,CNC-005,63.8,1.43,150.1,1522.0,23.8,68.0,11964.0,8,28,0
2025-07-30 00:00:00,CNC-005,69.7,1.18,147.1,1517.0,25.2,70.5,11970.0,8,29,0
2025-07-30 06:00:00,CNC-005,67.9,1.18,147.5,1515.0,24.8,72.4,11976.0,8,29,0
2025-07-30 12:00:00,CNC-005,64.0,1.58,147.7,1520.0,25.1,68.2,11982.0,8,29,0
2025-07-30 18:00:00,CNC-005,61.8,1.49,149.9,1532.0,24.3,69.9,11987.0,8,29,0
2025-07-31 00:00:00,CNC-005,65.9,1.3,151.1,1532.0,25.3,70.0,11992.0,8,30,0
2025-07-31 06:00:00,CNC-005,67.2,1.24,144.5,1531.0,24.1,71.0,11996.0,8,30,0
2025-07-31 12:00:00,CNC-005,64.5,1.33,145.3,1516.0,24.7,73.1,12002.0,8,30,0
2025-07-31 18:00:00,CNC-005,60.6,1.61,148.5,1524.0,24.5,73.9,12007.0,8,30,0
2025-08-01 00:00:00,CNC-005,65.0,1.57,149.0,1520.0,24.9,67.0,12013.0,8,31,0
2025-08-01 06:00:00,CNC-005,67.0,1.41,147.8,1520.0,24.8,70.7,12018.0,8,31,0
2025-08-01 12:00:00,CNC-005,67.1,1.17,147.9,1528.0,24.0,70.6,12024.0,8,31,0
2025-08-01 18:00:00,CNC-005,63.0,1.32,147.0,1525.0,24.0,71.3,12030.0,8,31,0
2025-08-02 00:00:00,CNC-005,67.7,1.15,150.8,1529.0,23.3,73.3,12036.0,8,32,0
2025-08-02 06:00:00,CNC-005,66.4,1.17,145.5,1501.0,25.3,69.5,12041.0,8,32,0
2025-08-02 12:00:00,CNC-005,65.6,1.55,149.0,1530.0,25.1,73.5,12047.0,8,32,0
2025-08-02 18:00:00,CNC-005,65.2,1.5,147.4,1527.0,25.0,70.5,12053.0,8,32,0
2025-08-03 00:00:00,CNC-005,63.6,1.17,151.0,1516.0,24.1,73.1,12059.0,8,33,0
2025-08-03 06:00:00,CNC-005,67.2,1.21,148.9,1522.0,25.2,70.8,12065.0,8,33,0
2025-08-03 12:00:00,CNC-005,63.9,1.41,145.6,1515.0,24.6,71.3,12069.0,8,33,0
2025-08-03 18:00:00,CNC-005,62.7,1.25,149.3,1537.0,23.9,71.3,12076.0,8,33,0
2025-08-04 00:00:00,CNC-005,66.0,1.15,146.8,1503.0,23.9,76.1,12081.0,8,34,0
2025-08-04 06:00:00,CNC-005,67.7,1.17,146.6,1512.0,24.9,70.1,12085.0,8,34,0
2025-08-04 12:00:00,CNC-005,64.5,1.16,147.7,1524.0,22.8,71.3,12091.0,8,34,0
2025-08-04 18:00:00,CNC-005,65.4,1.19,148.8,1518.0,24.5,72.2,12097.0,8,34,0
2025-08-05 00:00:00,CNC-005,64.4,1.51,150.4,1530.0,24.1,70.5,12102.0,8,35,0
2025-08-05 06:00:00,CNC-005,66.8,1.14,150.2,1515.0,24.4,69.5,12106.0,8,35,0
2025-08-05 12:00:00,CNC-005,65.0,1.18,149.7,1515.0,24.9,70.4,12111.0,8,35,0
2025-08-05 18:00:00,CNC-005,63.1,1.31,145.4,1516.0,24.0,69.8,12116.0,8,35,0
2025-08-06 00:00:00,CNC-005,64.4,1.34,147.6,1507.0,24.0,71.8,12122.0,8,36,0
2025-08-06 06:00:00,CNC-005,67.1,1.25,148.6,1513.0,24.5,73.0,12126.0,8,36,0
2025-08-06 12:00:00,CNC-005,65.7,1.48,146.3,1525.0,24.6,72.3,12133.0,8,36,0
2025-08-06 18:00:00,CNC-005,64.2,1.33,151.5,1523.0,24.7,72.3,12137.0,8,36,0
2025-08-07 00:00:00,CNC-005,68.1,1.14,147.2,1521.0,24.1,73.5,12143.0,8,37,0
2025-08-07 06:00:00,CNC-005,66.9,1.45,150.9,1505.0,25.1,71.3,12148.0,8,37,0
2025-08-07 12:00:00,CNC-005,64.7,1.2,147.8,1511.0,23.4,72.0,12153.0,8,37,0
2025-08-07 18:00:00,CNC-005,64.8,1.25,144.4,1528.0,23.8,69.7,12158.0,8,37,0
2025-08-08 00:00:00,CNC-005,67.0,1.16,146.3,1516.0,23.7,70.5,12163.0,8,38,0
2025-08-08 06:00:00,CNC-005,67.8,1.33,148.1,1508.0,25.3,70.1,12169.0,8,38,0
2025-08-08 12:00:00,CNC-005,64.9,1.21,149.6,1506.0,25.4,70.9,12174.0,8,38,0
2025-08-08 18:00:00,CNC-005,60.6,1.14,147.8,1533.0,23.7,72.9,12179.0,8,38,0
2025-08-09 00:00:00,CNC-005,64.6,1.56,147.5,1521.0,25.1,72.8,12185.0,8,39,0
2025-08-09 06:00:00,CNC-005,65.5,1.23,147.1,1515.0,24.2,68.7,12191.0,8,39,0
2025-08-09 12:00:00,CNC-005,66.6,1.63,147.0,1512.0,25.1,71.8,12197.0,8,39,0
2025-08-09 18:00:00,CNC-005,64.2,1.22,147.9,1522.0,24.0,74.6,12202.0,8,39,0
2025-08-10 00:00:00,CNC-005,67.0,1.21,146.5,1508.0,24.7,69.5,12209.0,8,40,0
2025-08-10 06:00:00,CNC-005,68.4,1.16,144.0,1529.0,23.9,74.1,12214.0,8,40,0
2025-08-10 12:00:00,CNC-005,65.3,1.26,147.5,1530.0,24.3,71.6,12219.0,8,40,0
2025-08-10 18:00:00,CNC-005,62.3,1.16,147.9,1520.0,23.1,72.9,12225.0,8,40,0
2025-08-11 00:00:00,CNC-005,66.3,1.2,145.4,1542.0,24.1,72.5,12230.0,8,41,0
2025-08-11 06:00:00,CNC-005,67.3,1.46,147.9,1508.0,24.7,68.4,12237.0,8,41,0
2025-08-11 12:00:00,CNC-005,67.5,1.21,148.1,1518.0,25.6,71.4,12242.0,8,41,0
2025-08-11 18:00:00,CNC-005,63.6,1.36,144.9,1536.0,25.0,67.8,12247.0,8,41,0
2025-08-12 00:00:00,CNC-005,67.0,1.16,145.8,1502.0,24.6,70.6,12252.0,8,42,0
2025-08-12 06:00:00,CNC-005,66.5,1.29,149.7,1526.0,24.2,73.2,12258.0,8,42,0
2025-08-12 12:00:00,CNC-005,64.5,1.44,147.7,1516.0,24.2,72.4,12263.0,8,42,0
2025-08-12 18:00:00,CNC-005,63.3,1.21,150.5,1523.0,24.3,71.2,12269.0,8,42,0
2025-08-13 00:00:00,CNC-005,64.7,1.18,147.8,1528.0,24.1,75.9,12273.0,8,43,0
2025-08-13 06:00:00,CNC-005,69.1,1.14,148.8,1515.0,24.7,73.0,12278.0,8,43,0
2025-08-13 12:00:00,CNC-005,66.6,1.18,147.1,1514.0,24.3,68.4,12283.0,8,43,0
2025-08-13 18:00:00,CNC-005,66.0,1.75,143.9,1530.0,24.5,73.3,12287.0,8,43,0
2025-08-14 00:00:00,CNC-005,64.8,1.14,149.2,1524.0,22.4,69.6,12293.0,8,44,0
2025-08-14 06:00:00,CNC-005,68.5,1.16,148.7,1519.0,25.2,71.9,12298.0,8,44,0
2025-08-14 12:00:00,CNC-005,64.4,1.14,146.0,1509.0,23.2,71.9,12304.0,8,44,0
2025-08-14 18:00:00,CNC-005,63.1,1.15,149.8,1529.0,24.0,71.8,12310.0,8,44,0
2025-08-15 00:00:00,CNC-005,66.0,1.14,145.8,1514.0,23.9,73.4,12315.0,8,45,0
2025-08-15 06:00:00,CNC-005,67.7,1.33,148.0,1523.0,24.2,71.4,12320.0,8,0,0
2025-08-15 12:00:00,CNC-005,64.6,1.19,149.3,1531.0,24.3,70.8,12325.0,8,45,0
2025-08-15 18:00:00,CNC-005,65.2,1.16,151.6,1510.0,24.2,68.9,12330.0,8,0,0
2025-08-16 00:00:00,CNC-005,66.2,1.24,148.8,1519.0,24.4,73.9,12334.0,8,46,0
2025-08-16 06:00:00,CNC-005,67.6,1.14,147.7,1515.0,25.5,73.1,12340.0,8,1,0
2025-08-16 12:00:00,CNC-005,66.5,1.31,149.9,1529.0,24.8,72.5,12344.0,8,46,0
2025-08-16 18:00:00,CNC-005,65.8,1.57,147.1,1516.0,24.4,70.5,12349.0,8,46,0
2025-08-17 00:00:00,CNC-005,63.8,1.45,148.3,1523.0,24.5,74.5,12355.0,8,47,0
2025-08-17 06:00:00,CNC-005,67.6,1.4,146.8,1509.0,25.2,72.9,12361.0,8,2,0
2025-08-17 12:00:00,CNC-005,65.8,1.14,150.7,1523.0,24.2,70.4,12367.0,8,2,0
2025-08-17 18:00:00,CNC-005,63.3,1.14,146.4,1516.0,23.3,72.1,12373.0,8,47,0
2025-08-18 00:00:00,CNC-005,66.9,1.22,148.1,1529.0,24.1,74.3,12378.0,8,3,0
2025-08-18 06:00:00,CNC-005,67.2,1.41,147.5,1516.0,25.1,72.8,12384.0,8,48,0
2025-08-18 12:00:00,CNC-005,66.2,1.18,150.6,1522.0,23.9,72.2,12390.0,8,48,0
2025-08-18 18:00:00,CNC-005,64.8,1.37,147.6,1513.0,24.8,72.6,12395.0,8,48,0
2025-08-19 00:00:00,CNC-005,66.1,1.26,146.7,1520.0,23.6,72.1,12400.0,8,49,0
2025-08-19 06:00:00,CNC-005,66.5,1.25,149.9,1542.0,24.5,73.2,12404.0,8,4,0
2025-08-19 12:00:00,CNC-005,64.4,1.27,151.8,1524.0,24.5,72.6,12409.0,8,4,0
2025-08-19 18:00:00,CNC-005,64.5,1.25,149.4,1520.0,23.8,73.8,12415.0,8,49,0
2025-08-20 00:00:00,CNC-005,65.8,1.68,147.6,1529.0,26.7,70.5,12419.0,8,5,0
2025-08-20 06:00:00,CNC-005,67.4,1.17,150.7,1513.0,24.1,72.6,12424.0,8,50,0
2025-08-20 12:00:00,CNC-005,67.0,1.24,147.8,1507.0,25.1,68.2,12428.0,8,5,0
2025-08-20 18:00:00,CNC-005,63.3,1.17,147.5,1522.0,24.4,71.8,12433.0,8,50,0
2025-08-21 00:00:00,CNC-005,65.2,1.22,151.7,1511.0,24.0,70.1,12440.0,8,51,0
2025-08-21 06:00:00,CNC-005,69.0,1.42,148.2,1504.0,25.3,71.5,12445.0,8,51,0
2025-08-21 12:00:00,CNC-005,65.8,1.16,148.7,1532.0,24.6,72.3,12451.0,8,51,0
2025-08-21 18:00:00,CNC-005,63.0,1.2,147.1,1503.0,23.9,70.5,12455.0,8,6,0
2025-08-22 00:00:00,CNC-005,67.5,1.54,146.2,1522.0,25.3,74.3,12460.0,8,52,0
2025-08-22 06:00:00,CNC-005,65.5,1.5,146.3,1526.0,24.1,74.0,12465.0,8,52,0
2025-08-22 12:00:00,CNC-005,66.8,1.37,147.9,1532.0,24.6,71.4,12471.0,8,7,0
2025-08-22 18:00:00,CNC-005,64.7,1.37,149.7,1525.0,24.4,67.5,12475.0,8,52,0
2025-08-23 00:00:00,CNC-005,64.9,1.3,147.5,1513.0,24.7,73.3,12481.0,8,8,0
2025-08-23 06:00:00,CNC-005,68.7,1.43,144.3,1534.0,25.6,71.2,12486.0,8,8,0
2025-08-23 12:00:00,CNC-005,65.8,1.3,146.8,1526.0,24.5,71.3,12491.0,8,53,0
2025-08-23 18:00:00,CNC-005,65.4,1.15,150.2,1523.0,23.9,67.8,12496.0,8,8,0
2025-08-24 00:00:00,CNC-005,65.4,1.14,149.3,1503.0,23.9,69.0,12500.0,8,54,0
2025-08-24 06:00:00,CNC-005,68.9,1.4,146.5,1521.0,25.0,73.6,12506.0,8,54,0
2025-08-24 12:00:00,CNC-005,65.7,1.16,149.7,1511.0,24.8,69.0,12510.0,8,54,0
2025-08-24 18:00:00,CNC-005,65.3,1.54,151.5,1513.0,25.0,73.6,12515.0,8,9,0
2025-08-25 00:00:00,CNC-005,65.3,1.38,149.2,1515.0,24.5,72.3,12521.0,8,55,0
2025-08-25 06:00:00,CNC-005,65.9,1.15,148.3,1527.0,24.6,73.6,12527.0,8,55,0
2025-08-25 12:00:00,CNC-005,66.1,1.16,144.1,1517.0,24.0,73.8,12532.0,8,55,0
2025-08-25 18:00:00,CNC-005,64.7,1.52,147.1,1525.0,25.1,69.6,12538.0,8,55,0
2025-08-26 00:00:00,CNC-005,65.1,1.24,149.5,1527.0,24.1,69.1,12543.0,8,11,0
2025-08-26 06:00:00,CNC-005,67.2,1.42,146.6,1517.0,25.0,69.9,12547.0,8,56,0
2025-08-26 12:00:00,CNC-005,67.9,1.18,147.2,1508.0,24.1,72.9,12553.0,8,56,0
2025-08-26 18:00:00,CNC-005,64.7,1.18,149.5,1520.0,23.4,70.9,12560.0,8,56,0
2025-08-27 00:00:00,CNC-005,67.7,1.25,148.7,1520.0,24.1,70.6,12565.0,8,57,0
2025-08-27 06:00:00,CNC-005,65.9,1.26,151.7,1518.0,24.6,70.0,12571.0,8,57,0
2025-08-27 12:00:00,CNC-005,66.5,1.41,148.1,1513.0,24.5,71.1,12577.0,8,57,0
2025-08-27 18:00:00,CNC-005,61.6,1.24,151.2,1519.0,23.9,75.9,12582.0,8,12,0
2025-08-28 00:00:00,CNC-005,65.5,1.16,147.1,1523.0,24.6,76.4,12587.0,8,58,0
2025-08-28 06:00:00,CNC-005,68.6,1.2,144.7,1514.0,24.1,73.2,12591.0,8,58,0
2025-08-28 12:00:00,CNC-005,66.9,1.18,150.4,1521.0,25.0,68.7,12595.0,8,13,0
2025-08-28 18:00:00,CNC-005,63.2,1.54,147.8,1517.0,25.3,74.4,12601.0,8,58,0
2025-08-29 00:00:00,CNC-005,66.7,1.31,150.8,1527.0,24.3,71.9,12606.0,8,14,0
2025-08-29 06:00:00,CNC-005,66.9,1.16,149.1,1499.0,24.0,71.6,12612.0,8,14,0
2025-08-29 12:00:00,CNC-005,65.6,1.21,147.7,1524.0,23.7,69.4,12618.0,8,59,0
2025-08-29 18:00:00,CNC-005,63.9,1.5,146.3,1508.0,24.3,73.4,12623.0,8,14,0
2025-08-30 00:00:00,CNC-005,67.1,1.15,152.7,1513.0,24.5,73.3,12628.0,8,15,0
2025-08-30 06:00:00,CNC-005,66.6,1.25,149.0,1518.0,24.4,71.8,12634.0,8,60,0
2025-08-30 12:00:00,CNC-005,68.1,1.25,149.9,1507.0,24.4,70.7,12640.0,8,0,0
2025-08-30 18:00:00,CNC-005,65.9,1.18,152.8,1513.0,24.2,74.6,12644.0,8,0,0
2025-08-31 00:00:00,CNC-005,65.8,1.24,148.5,1522.0,25.4,70.3,12650.0,8,16,0
2025-08-31 06:00:00,CNC-005,68.6,1.21,149.4,1515.0,24.5,71.2,12656.0,8,61,0
2025-08-31 12:00:00,CNC-005,66.3,1.17,147.0,1517.0,24.5,73.0,12661.0,8,16,0
2025-08-31 18:00:00,CNC-005,63.3,1.33,146.2,1521.0,24.4,71.6,12667.0,8,61,0
2025-09-01 00:00:00,CNC-005,66.2,1.29,145.0,1530.0,25.4,72.9,12673.0,8,62,0
2025-09-01 06:00:00,CNC-005,67.3,1.15,144.4,1517.0,24.2,73.0,12677.0,8,17,0
2025-09-01 12:00:00,CNC-005,66.1,1.18,151.9,1516.0,24.1,73.9,12682.0,8,2,0
2025-09-01 18:00:00,CNC-005,64.9,1.39,147.4,1511.0,24.8,69.1,12687.0,8,2,0
2025-09-02 00:00:00,CNC-005,65.4,1.24,149.2,1525.0,24.8,71.8,12692.0,8,18,0
2025-09-02 06:00:00,CNC-005,67.8,1.27,149.6,1525.0,24.4,74.0,12697.0,8,63,0
2025-09-02 12:00:00,CNC-005,66.7,1.24,148.4,1522.0,25.5,73.7,12701.0,8,3,0
2025-09-02 18:00:00,CNC-005,64.5,1.31,148.2,1523.0,23.8,71.7,12706.0,8,63,0
2025-09-03 00:00:00,CNC-005,64.0,1.33,151.3,1520.0,23.8,68.8,12712.0,8,19,0
2025-09-03 06:00:00,CNC-005,68.9,1.14,151.4,1530.0,24.1,71.3,12717.0,8,19,0
2025-09-03 12:00:00,CNC-005,65.3,1.2,146.9,1515.0,23.6,76.0,12722.0,8,64,0
2025-09-03 18:00:00,CNC-005,65.4,1.19,153.1,1524.0,24.7,73.0,12726.0,8,64,0
2025-09-04 00:00:00,CNC-005,66.9,1.44,147.3,1523.0,25.0,72.8,12732.0,8,65,0
2025-09-04 06:00:00,CNC-005,68.1,1.14,146.4,1518.0,24.1,72.6,12738.0,8,5,0
2025-09-04 12:00:00,CNC-005,68.2,1.3,151.5,1516.0,24.8,73.2,12743.0,8,65,0
2025-09-04 18:00:00,CNC-005,63.4,1.2,148.8,1517.0,24.1,73.0,12749.0,8,5,0
2025-09-05 00:00:00,CNC-005,66.0,1.32,152.5,1520.0,25.0,73.3,12755.0,8,66,0
2025-09-05 06:00:00,CNC-005,66.0,1.28,149.8,1529.0,25.1,70.5,12761.0,8,21,0
2025-09-05 12:00:00,CNC-005,64.7,1.15,147.6,1528.0,24.3,71.1,12766.0,8,6,0
2025-09-05 18:00:00,CNC-005,63.9,1.19,149.7,1529.0,24.6,72.1,12771.0,8,66,0
2025-09-06 00:00:00,CNC-005,65.2,1.37,150.3,1528.0,24.9,68.8,12777.0,8,22,0
2025-09-06 06:00:00,CNC-005,67.4,1.2,144.9,1527.0,24.0,73.9,12782.0,8,7,0
2025-09-06 12:00:00,CNC-005,66.6,1.23,147.4,1519.0,23.9,73.7,12786.0,8,7,0
2025-09-06 18:00:00,CNC-005,63.6,1.15,145.6,1514.0,23.1,73.2,12791.0,8,22,0
2025-09-07 00:00:00,CNC-005,66.8,1.69,148.0,1526.0,25.0,73.8,12797.0,8,8,0
2025-09-07 06:00:00,CNC-005,70.0,1.3,150.6,1522.0,25.2,69.0,12802.0,8,8,0
2025-09-07 12:00:00,CNC-005,64.8,1.23,146.5,1525.0,23.7,74.8,12809.0,8,23,0
2025-09-07 18:00:00,CNC-005,65.5,1.2,147.9,1506.0,24.4,71.0,12813.0,8,68,0
2025-09-08 00:00:00,CNC-005,66.5,1.3,148.3,1528.0,24.0,70.3,12818.0,8,9,0
2025-09-08 06:00:00,CNC-005,67.2,1.39,148.9,1508.0,24.1,67.2,12824.0,8,9,0
2025-09-08 12:00:00,CNC-005,67.2,1.25,148.6,1531.0,24.0,71.0,12830.0,8,24,0
2025-09-08 18:00:00,CNC-005,66.9,1.34,149.5,1511.0,24.3,68.2,12835.0,8,24,0
2025-09-09 00:00:00,CNC-005,66.1,1.18,151.1,1494.0,24.0,70.1,12840.0,8,10,0
2025-09-09 06:00:00,CNC-005,70.1,1.18,150.1,1503.0,24.4,71.1,12844.0,8,10,0
2025-09-09 12:00:00,CNC-005,65.8,1.61,148.6,1522.0,25.4,72.7,12850.0,8,25,0
2025-09-09 18:00:00,CNC-005,63.4,1.22,147.6,1520.0,22.9,73.0,12855.0,8,10,0
2025-09-10 00:00:00,CNC-005,65.5,1.16,145.9,1518.0,24.6,74.6,12859.0,8,11,0
2025-09-10 06:00:00,CNC-005,69.1,1.39,147.8,1532.0,24.7,68.5,12864.0,8,71,0
2025-09-10 12:00:00,CNC-005,67.3,1.16,147.4,1521.0,24.6,71.7,12870.0,8,11,0
2025-09-10 18:00:00,CNC-005,64.5,1.2,149.2,1521.0,23.5,73.1,12876.0,8,26,0
2025-09-11 00:00:00,CNC-005,67.9,1.24,148.8,1532.0,24.8,74.7,12881.0,8,12,0
2025-09-11 06:00:00,CNC-005,68.0,1.2,146.6,1530.0,25.1,69.3,12887.0,8,12,0
2025-09-11 12:00:00,CNC-005,64.9,1.26,149.9,1526.0,24.0,73.2,12892.0,8,27,0
2025-09-11 18:00:00,CNC-005,63.0,1.29,150.2,1514.0,24.5,70.5,12897.0,8,72,0
2025-09-12 00:00:00,CNC-005,66.5,1.14,146.1,1522.0,24.1,71.4,12903.0,8,13,0
2025-09-12 06:00:00,CNC-005,69.1,1.24,146.3,1526.0,24.6,73.7,12909.0,8,13,0
2025-09-12 12:00:00,CNC-005,66.3,1.17,148.5,1514.0,23.9,69.2,12915.0,8,13,0
2025-09-12 18:00:00,CNC-005,63.5,1.21,145.7,1533.0,23.9,71.5,12920.0,8,13,0
2025-09-13 00:00:00,CNC-005,67.2,1.25,153.5,1512.0,24.5,71.4,12925.0,8,29,0
2025-09-13 06:00:00,CNC-005,69.3,1.18,144.6,1524.0,25.8,77.5,12929.0,8,74,0
2025-09-13 12:00:00,CNC-005,67.4,1.21,146.8,1527.0,24.3,71.3,12935.0,8,29,0
2025-09-13 18:00:00,CNC-005,63.7,1.19,150.7,1515.0,24.0,69.0,12939.0,8,29,0
2025-09-14 00:00:00,CNC-005,66.9,1.33,149.5,1525.0,24.8,73.4,12944.0,8,75,0
2025-09-14 06:00:00,CNC-005,67.6,1.32,146.4,1528.0,25.0,74.1,12948.0,8,15,0
2025-09-14 12:00:00,CNC-005,67.9,1.19,146.7,1507.0,25.1,75.7,12953.0,8,75,0
2025-09-14 18:00:00,CNC-005,62.7,1.15,151.6,1530.0,24.0,73.2,12959.0,8,75,0
2025-09-15 00:00:00,CNC-005,65.1,1.31,150.9,1512.0,24.2,71.0,12964.0,8,76,0
2025-09-15 06:00:00,CNC-005,69.1,1.57,149.8,1522.0,25.1,68.2,12971.0,8,31,0
2025-09-15 12:00:00,CNC-005,67.1,1.16,148.8,1516.0,24.2,71.2,12977.0,8,76,0
2025-09-15 18:00:00,CNC-005,63.2,1.19,147.3,1514.0,22.8,72.4,12982.0,8,76,0
2025-09-16 00:00:00,CNC-005,66.6,1.23,146.9,1518.0,25.1,72.2,12986.0,8,17,0
2025-09-16 06:00:00,CNC-005,68.6,1.17,146.6,1522.0,24.4,72.8,12992.0,8,17,0
2025-09-16 12:00:00,CNC-005,64.9,1.51,147.2,1522.0,24.6,70.2,12996.0,8,77,0
2025-09-16 18:00:00,CNC-005,65.7,1.14,146.2,1508.0,23.6,72.2,13001.0,8,32,0
2025-09-17 00:00:00,CNC-005,65.7,1.22,147.1,1508.0,24.2,71.7,13006.0,8,18,0
2025-09-17 06:00:00,CNC-005,67.7,1.29,146.2,1514.0,24.5,70.8,13011.0,8,78,0
2025-09-17 12:00:00,CNC-005,65.6,1.17,146.7,1517.0,25.1,72.5,13015.0,8,33,0
2025-09-17 18:00:00,CNC-005,63.1,1.5,147.8,1521.0,24.9,67.8,13021.0,8,78,0
2025-09-18 00:00:00,CNC-005,65.9,1.29,145.1,1529.0,23.9,72.3,13028.0,8,19,0
2025-09-18 06:00:00,CNC-005,67.5,1.28,148.1,1520.0,25.0,75.6,13033.0,8,79,0
2025-09-18 12:00:00,CNC-005,67.6,1.18,149.4,1539.0,24.0,71.5,13038.0,8,34,0
2025-09-18 18:00:00,CNC-005,63.3,1.17,149.2,1521.0,24.1,69.2,13043.0,8,19,0
2025-09-19 00:00:00,CNC-005,66.4,1.34,150.5,1512.0,25.0,72.5,13048.0,8,20,0
2025-09-19 06:00:00,CNC-005,67.9,1.16,148.3,1528.0,23.6,72.8,13053.0,8,35,0
2025-09-19 12:00:00,CNC-005,65.7,1.22,148.8,1522.0,24.2,69.8,13058.0,8,35,0
2025-09-19 18:00:00,CNC-005,65.6,1.16,145.0,1540.0,24.9,69.5,13063.0,8,20,0
2025-09-20 00:00:00,CNC-005,65.4,1.14,145.7,1518.0,23.9,70.3,13069.0,8,81,0
2025-09-20 06:00:00,CNC-005,69.3,1.19,145.8,1518.0,24.1,73.6,13075.0,8,36,0
2025-09-20 12:00:00,CNC-005,67.4,1.27,149.9,1521.0,24.2,71.8,13080.0,8,36,0
2025-09-20 18:00:00,CNC-005,62.1,1.18,148.5,1513.0,23.8,73.8,13086.0,8,81,0
2025-09-21 00:00:00,CNC-005,66.1,1.22,144.6,1530.0,24.2,72.9,13092.0,8,82,0
2025-09-21 06:00:00,CNC-005,66.1,1.2,149.5,1517.0,24.4,71.3,13098.0,8,22,0
2025-09-21 12:00:00,CNC-005,64.8,1.2,146.5,1521.0,22.5,69.9,13102.0,8,82,0
2025-09-21 18:00:00,CNC-005,65.5,1.26,149.8,1528.0,24.6,72.2,13107.0,8,82,0
2025-09-22 00:00:00,CNC-005,67.1,1.21,154.1,1522.0,25.2,71.8,13112.0,8,23,0
2025-09-22 06:00:00,CNC-005,67.5,1.36,146.5,1511.0,25.2,72.1,13116.0,8,38,0
2025-09-22 12:00:00,CNC-005,63.7,1.18,148.9,1519.0,23.8,68.9,13121.0,8,38,0
2025-09-22 18:00:00,CNC-005,62.4,1.32,148.2,1514.0,23.9,72.1,13127.0,8,83,0
2025-09-23 00:00:00,CNC-005,67.6,1.24,146.2,1520.0,23.8,74.5,13131.0,8,84,0
2025-09-23 06:00:00,CNC-005,66.2,1.28,148.8,1531.0,24.6,73.5,13136.0,8,24,0
2025-09-23 12:00:00,CNC-005,64.8,1.14,144.1,1522.0,24.8,69.6,13141.0,8,84,0
2025-09-23 18:00:00,CNC-005,65.1,1.24,149.2,1527.0,23.5,69.2,13146.0,8,84,0
2025-09-24 00:00:00,CNC-005,65.3,1.2,147.3,1527.0,23.1,72.5,13151.0,8,25,0
2025-09-24 06:00:00,CNC-005,69.4,1.15,148.0,1500.0,24.5,73.6,13158.0,8,85,0
2025-09-24 12:00:00,CNC-005,67.7,1.17,148.7,1520.0,25.0,76.0,13164.0,8,40,0
2025-09-24 18:00:00,CNC-005,65.5,1.47,149.3,1517.0,24.9,74.5,13168.0,8,40,0
2025-09-25 00:00:00,CNC-005,66.7,1.18,150.1,1508.0,25.4,72.2,13173.0,8,41,0
2025-09-25 06:00:00,CNC-005,65.5,1.18,149.6,1532.0,24.0,73.2,13179.0,8,86,0
2025-09-25 12:00:00,CNC-005,65.5,1.21,151.4,1510.0,23.9,70.4,13185.0,8,86,0
2025-09-25 18:00:00,CNC-005,65.2,1.17,147.5,1528.0,24.5,70.1,13190.0,8,26,0
2025-09-26 00:00:00,CNC-005,65.6,1.29,146.6,1518.0,23.6,72.0,13196.0,8,27,0
2025-09-26 06:00:00,CNC-005,69.7,1.57,150.1,1527.0,25.5,71.3,13201.0,8,42,0
2025-09-26 12:00:00,CNC-005,64.9,1.18,148.0,1530.0,24.9,71.4,13206.0,8,42,0
2025-09-26 18:00:00,CNC-005,65.3,1.51,143.8,1520.0,24.0,70.3,13211.0,8,27,0
2025-09-27 00:00:00,CNC-005,65.6,1.23,149.1,1512.0,23.9,70.9,13217.0,8,88,0
2025-09-27 06:00:00,CNC-005,69.4,1.4,146.8,1507.0,24.2,74.6,13223.0,8,88,0
2025-09-27 12:00:00,CNC-005,67.5,1.19,144.8,1515.0,24.6,69.4,13228.0,8,28,0
2025-09-27 18:00:00,CNC-005,64.4,1.21,149.7,1529.0,24.0,69.7,13234.0,8,28,0
2025-09-28 00:00:00,CNC-005,66.2,1.44,149.5,1519.0,25.5,73.8,13239.0,8,89,0
2025-09-28 06:00:00,CNC-005,68.0,1.14,147.7,1527.0,24.4,68.3,13245.0,8,29,0
2025-09-28 12:00:00,CNC-005,66.2,1.38,150.1,1519.0,25.3,74.3,13250.0,8,44,0
2025-09-28 18:00:00,CNC-005,63.6,1.16,151.6,1518.0,24.3,74.7,13255.0,8,89,0
2025-09-29 00:00:00,CNC-005,66.8,1.15,149.4,1516.0,24.2,74.6,13260.0,8,0,0
2025-09-29 06:00:00,CNC-005,66.8,1.34,149.0,1508.0,24.1,71.0,13265.0,8,0,0
2025-09-29 12:00:00,CNC-005,65.6,1.31,147.4,1520.0,24.7,72.4,13270.0,8,30,0
2025-09-29 18:00:00,CNC-005,64.0,1.3,148.5,1514.0,23.6,71.6,13275.0,8,30,0
2025-09-30 00:00:00,CNC-005,64.9,1.18,146.2,1513.0,25.7,74.7,13280.0,8,1,0
2025-09-30 06:00:00,CNC-005,70.1,1.24,146.7,1518.0,26.0,72.1,13285.0,8,31,0
2025-09-30 12:00:00,CNC-005,66.6,2.12,148.2,1526.0,25.0,68.0,13289.0,8,1,0
2025-09-30 18:00:00,CNC-005,64.5,1.21,145.6,1518.0,23.1,74.5,13295.0,8,1,0
2025-10-01 00:00:00,CNC-005,65.9,1.19,147.3,1531.0,22.9,74.0,13300.0,8,2,0
2025-10-01 06:00:00,CNC-005,68.4,1.66,146.7,1506.0,25.5,75.3,13306.0,8,2,0
2025-10-01 12:00:00,CNC-005,66.5,1.26,147.7,1508.0,25.1,72.2,13311.0,8,32,0
2025-10-01 18:00:00,CNC-005,63.4,1.25,147.8,1513.0,24.1,70.5,13317.0,8,2,0
2025-10-02 00:00:00,CNC-005,66.0,1.32,148.1,1527.0,23.9,73.1,13321.0,8,3,0
2025-10-02 06:00:00,CNC-005,67.5,1.22,147.0,1522.0,24.4,71.9,13327.0,8,3,0
2025-10-02 12:00:00,CNC-005,66.8,1.52,151.6,1530.0,24.8,72.6,13332.0,8,3,0
2025-10-02 18:00:00,CNC-005,63.3,1.16,148.1,1542.0,24.8,75.4,13337.0,8,3,0
2025-10-03 00:00:00,CNC-005,65.8,1.54,145.4,1529.0,25.2,71.0,13341.0,8,4,0
2025-10-03 06:00:00,CNC-005,68.5,1.47,148.1,1535.0,25.1,71.8,13347.0,8,34,0
2025-10-03 12:00:00,CNC-005,67.1,1.17,146.6,1521.0,24.3,69.6,13353.0,8,34,0
2025-10-03 18:00:00,CNC-005,62.9,1.14,143.2,1509.0,23.1,71.8,13358.0,8,4,0
2025-10-04 00:00:00,CNC-005,65.9,1.2,151.3,1506.0,25.0,71.0,13362.0,8,35,0
2025-10-04 06:00:00,CNC-005,69.1,1.32,151.3,1529.0,24.6,72.4,13368.0,8,5,0
2025-10-04 12:00:00,CNC-005,66.3,1.17,149.7,1523.0,24.8,76.3,13373.0,8,35,0
2025-10-04 18:00:00,CNC-005,65.0,1.21,148.0,1520.0,24.6,72.8,13378.0,8,35,0
2025-10-05 00:00:00,CNC-005,66.4,1.25,148.4,1523.0,24.7,71.3,13382.0,8,36,0
2025-10-05 06:00:00,CNC-005,69.5,1.44,147.3,1521.0,25.3,70.4,13386.0,8,6,0
2025-10-05 12:00:00,CNC-005,64.7,1.18,149.7,1505.0,23.8,71.3,13391.0,8,36,0
2025-10-05 18:00:00,CNC-005,64.9,1.18,148.7,1534.0,24.5,72.8,13396.0,8,6,0
2025-10-06 00:00:00,CNC-005,67.3,1.15,149.5,1513.0,23.6,70.1,13401.0,8,7,0
2025-10-06 06:00:00,CNC-005,69.5,1.2,151.6,1511.0,24.8,67.8,13407.0,8,37,0
2025-10-06 12:00:00,CNC-005,66.7,1.14,147.0,1517.0,23.9,68.0,13411.0,8,7,0
2025-10-06 18:00:00,CNC-005,64.0,1.59,147.6,1511.0,25.1,67.4,13418.0,8,37,0
2025-10-07 00:00:00,CNC-005,69.7,1.21,149.0,1515.0,25.5,71.4,13424.0,8,8,0
2025-10-07 06:00:00,CNC-005,71.5,1.25,144.9,1517.0,26.0,69.9,13429.0,8,8,0
2025-10-07 12:00:00,CNC-005,66.0,1.25,146.8,1525.0,23.6,74.9,13435.0,8,8,0
2025-10-07 18:00:00,CNC-005,63.3,1.16,147.3,1513.0,24.7,72.5,13440.0,8,8,0
2025-10-08 00:00:00,CNC-005,64.7,1.3,150.3,1525.0,24.4,73.5,13445.0,8,9,0
2025-10-08 06:00:00,CNC-005,68.7,1.32,145.7,1525.0,24.9,74.0,13450.0,8,39,0
2025-10-08 12:00:00,CNC-005,68.4,1.14,150.7,1519.0,23.6,70.3,13456.0,8,9,0
2025-10-08 18:00:00,CNC-005,63.4,1.27,146.1,1514.0,24.6,73.0,13462.0,8,39,0
2025-10-09 00:00:00,CNC-005,65.6,1.23,148.9,1512.0,23.7,74.8,13467.0,8,10,0
2025-10-09 06:00:00,CNC-005,66.3,1.22,150.3,1530.0,24.3,71.2,13472.0,8,40,0
2025-10-09 12:00:00,CNC-005,63.4,1.25,148.5,1525.0,24.3,70.0,13476.0,8,10,0
2025-10-09 18:00:00,CNC-005,63.6,1.18,146.3,1519.0,22.6,70.4,13481.0,8,40,0
2025-10-10 00:00:00,CNC-005,67.9,1.81,150.2,1516.0,26.0,70.8,13487.0,8,11,0
2025-10-10 06:00:00,CNC-005,66.2,1.41,147.0,1520.0,25.3,70.8,13493.0,8,41,0
2025-10-10 12:00:00,CNC-005,64.3,1.17,152.1,1514.0,24.0,72.7,13498.0,8,41,0
2025-10-10 18:00:00,CNC-005,63.9,1.28,146.5,1518.0,24.5,70.6,13504.0,8,11,0
2025-10-11 00:00:00,CNC-005,65.4,1.18,145.0,1507.0,24.1,70.2,13509.0,8,12,0
2025-10-11 06:00:00,CNC-005,68.1,1.22,146.5,1521.0,24.9,74.5,13514.0,8,42,0
2025-10-11 12:00:00,CNC-005,64.3,1.55,148.4,1519.0,26.0,71.9,13519.0,8,12,0
2025-10-11 18:00:00,CNC-005,64.3,1.2,150.4,1527.0,25.5,71.3,13524.0,8,12,0
2025-10-12 00:00:00,CNC-005,67.7,1.4,146.3,1506.0,24.9,69.8,13530.0,8,13,0
2025-10-12 06:00:00,CNC-005,67.1,1.29,149.7,1537.0,23.1,68.9,13536.0,8,13,0
2025-10-12 12:00:00,CNC-005,67.0,1.57,148.2,1521.0,25.2,74.1,13542.0,8,43,0
2025-10-12 18:00:00,CNC-005,64.3,1.17,148.1,1506.0,25.0,70.9,13548.0,8,43,0
2025-10-13 00:00:00,CNC-005,67.0,1.29,147.5,1503.0,24.5,72.1,13553.0,8,14,0
2025-10-13 06:00:00,CNC-005,68.2,1.37,149.4,1511.0,24.8,73.1,13557.0,8,14,0
2025-10-13 12:00:00,CNC-005,68.3,1.5,148.6,1527.0,25.9,72.4,13562.0,8,14,0
2025-10-13 18:00:00,CNC-005,65.8,1.31,145.2,1521.0,25.2,74.6,13567.0,8,14,0
2025-10-14 00:00:00,CNC-005,68.6,1.77,146.9,1510.0,26.4,74.6,13572.0,8,15,0
2025-10-14 06:00:00,CNC-005,69.4,1.71,145.0,1504.0,26.7,74.0,13577.0,8,15,0
2025-10-14 12:00:00,CNC-005,67.2,1.75,148.3,1511.0,26.3,72.8,13582.0,8,45,0
2025-10-14 18:00:00,CNC-005,66.0,1.92,147.5,1509.0,25.8,76.2,13586.0,8,15,0
2025-10-15 00:00:00,CNC-005,68.8,2.27,145.2,1512.0,28.0,72.2,13592.0,8,16,0
2025-10-15 06:00:00,CNC-005,71.5,2.02,148.0,1522.0,27.3,75.9,13598.0,8,16,0
2025-10-15 12:00:00,CNC-005,64.7,1.78,147.0,1515.0,26.7,74.7,13603.0,8,16,0
2025-10-15 18:00:00,CNC-005,66.8,2.04,148.2,1516.0,26.1,75.3,13609.0,8,46,0
2025-10-16 00:00:00,CNC-005,68.7,2.1,144.2,1509.0,28.2,73.2,13614.0,8,17,0
2025-10-16 06:00:00,CNC-005,72.1,1.73,147.2,1502.0,26.9,74.4,13621.0,8,17,0
2025-10-16 12:00:00,CNC-005,66.6,1.63,145.2,1509.0,27.0,75.0,13626.0,8,47,0
2025-10-16 18:00:00,CNC-005,66.4,2.02,143.4,1505.0,26.0,75.6,13631.0,8,17,0
2025-10-17 00:00:00,CNC-005,70.2,2.25,144.7,1522.0,28.1,72.7,13637.0,8,48,0
2025-10-17 06:00:00,CNC-005,74.0,2.48,144.6,1504.0,29.3,76.4,13642.0,8,48,0
2025-10-17 12:00:00,CNC-005,71.1,2.72,146.6,1510.0,29.1,73.7,13647.0,8,18,0
2025-10-17 18:00:00,CNC-005,67.2,1.84,140.7,1499.0,27.0,74.2,13653.0,8,48,0
2025-10-18 00:00:00,CNC-005,67.3,2.13,140.8,1486.0,26.7,77.7,13657.0,8,19,0
2025-10-18 06:00:00,CNC-005,73.2,2.17,145.4,1498.0,26.8,78.8,13663.0,8,49,0
2025-10-18 12:00:00,CNC-005,70.0,2.53,140.1,1504.0,27.9,78.4,13667.0,8,49,0
2025-10-18 18:00:00,CNC-005,66.4,2.58,144.6,1507.0,28.9,77.0,13672.0,8,19,0
2025-10-19 00:00:00,CNC-005,73.8,1.94,144.0,1499.0,28.2,74.9,13677.0,8,50,1
2025-10-19 06:00:00,CNC-005,74.0,2.73,140.5,1517.0,30.1,75.1,13681.0,8,20,1
2025-10-19 12:00:00,CNC-005,70.8,2.42,144.9,1506.0,28.6,76.4,13687.0,8,20,1
2025-10-19 18:00:00,CNC-005,72.3,2.85,143.5,1485.0,29.4,78.9,13692.0,8,50,1
2025-10-20 00:00:00,CNC-005,70.2,2.62,143.1,1501.0,30.3,73.8,13697.0,8,21,1
2025-10-20 06:00:00,CNC-005,75.9,3.27,147.5,1508.0,31.6,77.1,13701.0,8,51,1
2025-10-20 12:00:00,CNC-005,71.5,3.13,142.8,1500.0,29.8,77.2,13707.0,8,21,1
2025-10-20 18:00:00,CNC-005,67.1,2.98,144.2,1483.0,31.1,76.5,13711.0,8,21,1
2025-10-21 00:00:00,CNC-005,74.8,2.89,140.5,1494.0,29.3,76.3,13717.0,8,52,1
2025-10-21 06:00:00,CNC-005,79.7,3.08,145.0,1501.0,32.6,80.6,13722.0,8,22,1
2025-10-21 12:00:00,CNC-005,74.8,2.34,139.3,1514.0,30.3,80.6,13727.0,8,22,1
2025-10-21 18:00:00,CNC-005,74.2,4.04,139.9,1499.0,33.1,78.3,13731.0,8,22,1
2025-10-22 00:00:00,CNC-005,73.0,3.61,141.5,1491.0,32.0,83.8,13737.0,8,53,1
2025-10-22 06:00:00,CNC-005,77.1,2.99,140.6,1503.0,30.8,82.1,13742.0,8,23,1
2025-10-22 12:00:00,CNC-005,77.9,3.61,143.9,1511.0,32.6,80.7,13748.0,8,53,1
2025-10-22 18:00:00,CNC-005,76.6,3.78,144.2,1481.0,31.6,78.1,13754.0,8,23,1
2025-10-23 00:00:00,CNC-005,72.7,4.03,140.4,1508.0,34.1,83.4,13759.0,8,24,1
2025-10-23 06:00:00,CNC-005,75.5,2.47,143.8,1487.0,31.0,84.1,13764.0,8,24,1
2025-10-23 12:00:00,CNC-005,77.0,3.34,141.9,1481.0,32.2,82.4,13769.0,8,54,1
2025-10-23 18:00:00,CNC-005,75.8,2.97,140.4,1488.0,32.3,78.6,13773.0,8,24,1
2025-10-24 00:00:00,CNC-005,81.6,3.67,135.1,1477.0,34.2,79.5,13778.0,8,55,1
2025-10-24 06:00:00,CNC-005,77.3,2.7,140.8,1495.0,30.0,76.9,13783.0,8,25,1
2025-10-24 12:00:00,CNC-005,73.9,4.2,143.9,1474.0,31.6,85.5,13789.0,8,25,1
2025-10-24 18:00:00,CNC-005,73.6,3.81,141.0,1472.0,32.8,76.4,13794.0,8,25,1
2025-10-25 00:00:00,CNC-005,76.4,2.97,139.3,1483.0,31.3,83.7,13800.0,8,26,1
2025-10-25 06:00:00,CNC-005,82.7,3.95,136.4,1486.0,35.4,85.1,13805.0,8,26,1
2025-10-25 12:00:00,CNC-005,77.3,3.02,134.8,1488.0,32.2,78.0,13811.0,8,26,1
2025-10-25 18:00:00,CNC-005,79.1,4.55,140.0,1494.0,35.2,81.6,13816.0,8,26,1
2025-10-26 00:00:00,CNC-005,64.8,1.33,148.4,1528.0,25.0,74.6,13822.0,8,27,0
2025-10-26 06:00:00,CNC-005,66.3,1.59,145.7,1504.0,25.6,69.1,13827.0,8,27,0
2025-10-26 12:00:00,CNC-005,64.9,1.22,146.0,1533.0,23.9,70.1,13834.0,8,27,0
2025-10-26 18:00:00,CNC-005,63.7,1.22,148.2,1507.0,23.9,69.6,13839.0,8,27,0
2025-10-27 00:00:00,CNC-005,63.6,1.27,146.8,1521.0,24.1,70.8,13846.0,8,28,0
2025-10-27 06:00:00,CNC-005,70.0,1.57,148.9,1508.0,25.6,74.6,13850.0,8,28,0
2025-10-27 12:00:00,CNC-005,64.5,1.15,145.1,1507.0,24.0,72.4,13856.0,8,28,0
2025-10-27 18:00:00,CNC-005,63.4,1.25,148.5,1509.0,23.4,71.0,13863.0,8,58,0
2025-10-28 00:00:00,CNC-005,65.4,1.25,148.1,1514.0,24.9,72.2,13869.0,8,29,0
2025-10-28 06:00:00,CNC-005,66.9,1.27,148.3,1515.0,24.1,74.2,13875.0,8,29,0
2025-10-28 12:00:00,CNC-005,65.6,1.32,148.3,1516.0,23.7,73.3,13881.0,8,29,0
2025-10-28 18:00:00,CNC-005,61.9,1.35,142.1,1516.0,24.0,71.1,13887.0,8,59,0
2025-10-29 00:00:00,CNC-005,66.7,1.17,149.1,1501.0,23.8,71.8,13892.0,8,0,0
2025-10-29 06:00:00,CNC-005,68.6,1.2,148.7,1512.0,24.1,73.1,13898.0,8,30,0
2025-10-29 12:00:00,CNC-005,65.4,1.27,148.7,1518.0,24.5,70.5,13902.0,8,30,0
2025-10-29 18:00:00,CNC-005,61.8,1.2,143.1,1529.0,24.0,71.0,13906.0,8,30,0
2025-10-30 00:00:00,CNC-005,64.7,1.21,147.8,1520.0,24.6,69.9,13912.0,8,1,0
2025-10-30 06:00:00,CNC-005,68.3,1.24,149.0,1502.0,24.8,73.6,13918.0,8,31,0
2025-10-30 12:00:00,CNC-005,65.1,1.58,143.4,1516.0,24.1,70.9,13925.0,8,31,0
2025-10-30 18:00:00,CNC-005,63.6,1.31,147.2,1513.0,23.5,73.5,13930.0,8,31,0
2025-10-31 00:00:00,CNC-005,64.1,1.15,148.8,1522.0,24.6,71.5,13934.0,8,2,0
2025-10-31 06:00:00,CNC-005,67.3,1.3,146.2,1517.0,24.3,69.8,13939.0,8,32,0
2025-10-31 12:00:00,CNC-005,67.9,1.31,148.8,1522.0,24.3,70.6,13944.0,8,32,0
2025-10-31 18:00:00,CNC-005,64.1,1.21,150.5,1512.0,24.4,69.4,13950.0,8,2,0
2025-11-01 00:00:00,CNC-005,63.4,1.26,149.4,1517.0,24.2,76.8,13954.0,8,33,0
2025-11-01 06:00:00,CNC-005,68.6,1.21,147.6,1519.0,24.5,73.5,13959.0,8,33,0
2025-11-01 12:00:00,CNC-005,65.6,1.16,151.2,1518.0,23.4,70.8,13964.0,8,33,0
2025-11-01 18:00:00,CNC-005,63.0,1.23,148.8,1519.0,23.6,70.2,13969.0,8,33,0
2025-11-02 00:00:00,CNC-005,65.6,1.14,148.2,1514.0,24.8,70.9,13975.0,8,34,0
2025-11-02 06:00:00,CNC-005,67.8,1.5,146.9,1511.0,25.5,72.2,13981.0,8,34,0
2025-11-02 12:00:00,CNC-005,66.8,1.43,144.8,1515.0,24.7,71.5,13985.0,8,4,0
2025-11-02 18:00:00,CNC-005,62.7,1.22,148.2,1514.0,24.3,71.7,13990.0,8,34,0
2025-11-03 00:00:00,CNC-005,64.3,1.34,149.5,1511.0,23.8,75.0,13996.0,8,35,0
2025-11-03 06:00:00,CNC-005,63.8,1.46,149.8,1524.0,24.1,74.3,14001.0,8,35,0
2025-11-03 12:00:00,CNC-005,64.6,1.28,149.2,1525.0,25.1,69.7,14007.0,8,5,0
2025-11-03 18:00:00,CNC-005,63.6,1.34,147.4,1513.0,24.2,69.9,14013.0,8,5,0
2025-11-04 00:00:00,CNC-005,66.1,1.18,148.6,1522.0,24.2,73.1,14019.0,8,36,0
2025-11-04 06:00:00,CNC-005,69.6,1.19,149.0,1524.0,24.9,74.0,14025.0,8,36,0
2025-11-04 12:00:00,CNC-005,65.6,1.41,144.3,1520.0,25.1,71.3,14031.0,8,6,0
2025-11-04 18:00:00,CNC-005,63.5,1.16,151.6,1503.0,23.8,75.2,14037.0,8,6,0
2025-11-05 00:00:00,CNC-005,66.3,1.46,148.5,1526.0,25.0,72.2,14041.0,8,37,0
2025-11-05 06:00:00,CNC-005,67.3,1.32,149.2,1521.0,24.7,72.8,14045.0,8,37,0
2025-11-05 12:00:00,CNC-005,65.6,1.21,148.4,1516.0,24.1,70.6,14051.0,8,7,0
2025-11-05 18:00:00,CNC-005,63.3,1.32,148.6,1514.0,23.6,69.6,14057.0,8,7,0
2025-11-06 00:00:00,CNC-005,64.7,1.35,146.7,1530.0,25.0,72.2,14062.0,8,38,0
2025-11-06 06:00:00,CNC-005,66.2,1.32,145.0,1516.0,24.5,73.0,14068.0,8,8,0
2025-11-06 12:00:00,CNC-005,66.6,1.53,146.8,1524.0,25.5,73.7,14075.0,8,38,0
2025-11-06 18:00:00,CNC-005,62.2,1.16,147.7,1522.0,23.0,74.6,14080.0,8,38,0
2025-11-07 00:00:00,CNC-005,64.8,1.29,147.4,1522.0,24.2,72.5,14084.0,8,9,0
2025-11-07 06:00:00,CNC-005,68.0,1.34,147.7,1529.0,24.9,73.0,14089.0,8,9,0
2025-11-07 12:00:00,CNC-005,67.6,1.44,148.5,1529.0,25.0,71.8,14094.0,8,39,0
2025-11-07 18:00:00,CNC-005,62.9,1.27,150.5,1519.0,24.1,73.5,14100.0,8,39,0
2025-11-08 00:00:00,CNC-005,64.8,1.29,150.7,1514.0,22.9,68.2,14106.0,8,40,0
2025-11-08 06:00:00,CNC-005,66.4,1.3,146.6,1542.0,24.6,73.9,14111.0,8,40,0
2025-11-08 12:00:00,CNC-005,63.7,1.56,147.0,1512.0,24.1,76.3,14116.0,8,10,0
2025-11-08 18:00:00,CNC-005,63.5,1.34,150.7,1514.0,24.9,71.2,14121.0,8,40,0
2025-11-09 00:00:00,CNC-005,66.6,1.15,145.7,1510.0,24.9,73.5,14127.0,8,11,0
2025-11-09 06:00:00,CNC-005,67.9,1.49,150.2,1524.0,24.7,70.6,14133.0,8,41,0
2025-11-09 12:00:00,CNC-005,66.0,1.31,148.0,1512.0,24.3,70.4,14137.0,8,11,0
2025-11-09 18:00:00,CNC-005,62.5,1.41,147.4,1524.0,23.5,68.1,14143.0,8,11,0
2025-11-10 00:00:00,CNC-005,64.3,1.33,148.8,1508.0,25.2,71.0,14150.0,8,42,0
2025-11-10 06:00:00,CNC-005,67.3,1.19,146.0,1516.0,24.0,74.1,14156.0,8,42,0
2025-11-10 12:00:00,CNC-005,65.4,1.2,145.2,1516.0,23.7,67.2,14160.0,8,42,0
2025-11-10 18:00:00,CNC-005,62.5,1.28,146.3,1502.0,23.9,70.2,14165.0,8,12,0
2025-11-11 00:00:00,CNC-005,67.8,1.43,145.0,1498.0,25.6,72.4,14170.0,8,43,0
2025-11-11 06:00:00,CNC-005,67.8,1.35,146.9,1538.0,24.9,74.8,14175.0,8,43,0
2025-11-11 12:00:00,CNC-005,65.6,1.31,145.5,1532.0,25.2,74.0,14180.0,8,43,0
2025-11-11 18:00:00,CNC-005,66.3,1.67,144.6,1512.0,25.5,74.9,14185.0,8,43,0
2025-11-12 00:00:00,CNC-005,65.9,1.65,145.3,1503.0,25.4,73.1,14190.0,8,44,0
2025-11-12 06:00:00,CNC-005,69.5,1.63,148.5,1533.0,26.1,71.8,14194.0,8,14,0
2025-11-12 12:00:00,CNC-005,66.0,1.61,149.0,1508.0,25.3,73.5,14198.0,8,44,0
2025-11-12 18:00:00,CNC-005,64.6,1.93,144.3,1519.0,25.8,72.8,14204.0,8,14,0
2025-11-13 00:00:00,CNC-005,66.6,1.85,147.6,1526.0,26.4,75.1,14211.0,8,15,0
2025-11-13 06:00:00,CNC-005,73.3,1.98,143.7,1518.0,26.5,72.5,14217.0,8,15,0
2025-11-13 12:00:00,CNC-005,66.2,1.85,146.6,1499.0,26.3,75.9,14223.0,8,45,0
2025-11-13 18:00:00,CNC-005,64.6,2.12,148.2,1519.0,27.2,70.9,14229.0,8,45,0
2025-11-14 00:00:00,CNC-005,68.5,2.42,146.1,1504.0,26.9,75.0,14235.0,8,46,0
2025-11-14 06:00:00,CNC-005,70.1,2.12,143.6,1507.0,27.5,72.6,14240.0,8,1,0
2025-11-14 12:00:00,CNC-005,67.9,2.23,146.8,1508.0,27.0,72.6,14246.0,8,46,0
2025-11-14 18:00:00,CNC-005,65.6,1.91,146.1,1499.0,24.7,75.2,14252.0,8,16,0
2025-11-15 00:00:00,CNC-005,69.6,1.76,145.7,1505.0,26.8,75.1,14257.0,8,2,0
2025-11-15 06:00:00,CNC-005,72.0,2.33,142.9,1505.0,28.4,76.9,14261.0,8,2,0
2025-11-15 12:00:00,CNC-005,66.9,2.18,146.7,1494.0,27.8,76.6,14266.0,8,2,0
2025-11-15 18:00:00,CNC-005,68.8,2.0,147.5,1512.0,27.3,76.6,14272.0,8,2,0
2025-11-16 00:00:00,CNC-005,69.6,2.65,138.3,1490.0,28.9,74.9,14278.0,8,3,0
2025-11-16 06:00:00,CNC-005,71.4,2.17,144.4,1492.0,28.1,72.3,14283.0,8,3,0
2025-11-16 12:00:00,CNC-005,70.3,2.73,146.9,1502.0,28.9,79.6,14289.0,8,48,0
2025-11-16 18:00:00,CNC-005,68.8,2.35,149.2,1507.0,27.3,78.4,14293.0,8,3,0
2025-11-17 00:00:00,CNC-005,70.6,2.8,146.5,1498.0,30.3,79.1,14299.0,8,49,1
2025-11-17 06:00:00,CNC-005,73.6,2.63,143.1,1512.0,28.9,76.6,14305.0,8,49,1
2025-11-17 12:00:00,CNC-005,68.5,2.08,141.2,1505.0,28.5,77.4,14311.0,8,19,1
2025-11-17 18:00:00,CNC-005,67.3,2.38,146.1,1500.0,28.6,77.3,14317.0,8,49,1
2025-11-18 00:00:00,CNC-005,69.4,2.45,144.2,1492.0,29.2,77.8,14322.0,8,20,1
2025-11-18 06:00:00,CNC-005,74.9,3.49,145.5,1505.0,31.8,81.0,14327.0,8,50,1
2025-11-18 12:00:00,CNC-005,70.9,2.92,140.7,1505.0,30.4,83.4,14333.0,8,50,1
2025-11-18 18:00:00,CNC-005,70.2,3.17,143.5,1494.0,31.3,75.7,14337.0,8,50,1
2025-11-19 00:00:00,CNC-005,75.0,2.76,145.8,1490.0,29.3,74.4,14342.0,8,6,1
2025-11-19 06:00:00,CNC-005,73.7,3.28,141.7,1479.0,32.0,76.2,14347.0,8,51,1
2025-11-19 12:00:00,CNC-005,76.9,3.16,135.2,1485.0,30.5,79.5,14353.0,8,51,1
2025-11-19 18:00:00,CNC-005,70.1,2.66,144.7,1470.0,30.1,75.0,14359.0,8,51,1
2025-11-20 00:00:00,CNC-005,73.8,2.68,142.5,1492.0,31.1,79.0,14365.0,8,7,1
2025-11-20 06:00:00,CNC-005,78.8,2.67,137.8,1509.0,31.6,80.9,14371.0,8,52,1
2025-11-20 12:00:00,CNC-005,76.8,3.25,146.0,1480.0,31.7,80.9,14376.0,8,22,1
2025-11-20 18:00:00,CNC-005,67.7,3.14,139.7,1508.0,29.3,77.0,14380.0,8,52,1
2025-11-21 00:00:00,CNC-005,74.9,2.83,140.9,1475.0,30.4,82.2,14386.0,8,23,1
2025-11-21 06:00:00,CNC-005,80.9,3.13,137.0,1475.0,31.3,76.1,14390.0,8,8,1
2025-11-21 12:00:00,CNC-005,74.4,3.38,142.2,1483.0,32.9,79.3,14395.0,8,53,1
2025-11-21 18:00:00,CNC-005,71.0,3.6,143.8,1506.0,32.4,79.9,14399.0,8,53,1
2025-11-22 00:00:00,CNC-005,73.9,3.88,138.0,1488.0,32.9,77.2,14405.0,8,9,1
2025-11-22 06:00:00,CNC-005,82.2,4.16,135.8,1474.0,34.5,80.9,14412.0,8,9,1
2025-11-22 12:00:00,CNC-005,74.5,3.72,138.1,1494.0,30.5,78.9,14416.0,8,54,1
2025-11-22 18:00:00,CNC-005,76.1,3.76,141.0,1506.0,35.0,85.1,14422.0,8,54,1
2025-11-23 00:00:00,CNC-005,74.1,4.7,136.5,1504.0,35.6,83.4,14426.0,8,25,1
2025-11-23 06:00:00,CNC-005,81.4,2.89,140.2,1477.0,31.5,85.5,14431.0,8,10,1
2025-11-23 12:00:00,CNC-005,79.0,3.41,136.0,1472.0,32.8,82.7,14437.0,8,25,1
2025-11-23 18:00:00,CNC-005,74.1,3.5,143.7,1494.0,33.3,83.7,14443.0,8,55,1
2025-11-24 00:00:00,CNC-005,64.1,1.41,151.1,1523.0,25.1,75.7,14447.0,8,11,0
2025-11-24 06:00:00,CNC-005,65.4,1.2,144.8,1528.0,25.1,72.9,14454.0,8,11,0
2025-11-24 12:00:00,CNC-005,66.0,1.18,147.5,1520.0,24.1,76.8,14459.0,8,56,0
2025-11-24 18:00:00,CNC-005,61.1,1.17,147.2,1517.0,22.7,68.9,14464.0,8,56,0
2025-11-25 00:00:00,CNC-005,66.8,1.19,150.7,1517.0,24.8,71.5,14469.0,8,27,0
2025-11-25 06:00:00,CNC-005,67.5,1.14,152.2,1508.0,24.4,72.7,14474.0,8,27,0
2025-11-25 12:00:00,CNC-005,64.2,1.19,147.2,1515.0,23.2,71.8,14479.0,8,57,0
2025-11-25 18:00:00,CNC-005,61.6,1.18,146.1,1523.0,24.0,73.6,14484.0,8,12,0
2025-11-26 00:00:00,CNC-005,64.6,1.4,150.6,1515.0,24.8,72.5,14490.0,8,58,0
2025-11-26 06:00:00,CNC-005,68.0,1.31,145.1,1510.0,24.6,71.1,14496.0,8,13,0
2025-11-26 12:00:00,CNC-005,64.6,1.23,144.6,1517.0,23.8,72.4,14500.0,8,13,0
2025-11-26 18:00:00,CNC-005,62.7,1.14,152.3,1523.0,23.2,70.4,14505.0,8,13,0
2025-11-27 00:00:00,CNC-005,63.0,1.36,147.4,1508.0,23.9,68.3,14511.0,8,29,0
2025-11-27 06:00:00,CNC-005,64.5,1.2,149.5,1517.0,24.5,71.8,14516.0,8,59,0
2025-11-27 12:00:00,CNC-005,64.3,1.16,149.7,1527.0,23.4,73.7,14522.0,8,14,0
2025-11-27 18:00:00,CNC-005,61.0,1.33,150.1,1535.0,23.8,75.9,14526.0,8,29,0
2025-11-28 00:00:00,CNC-005,63.4,1.2,146.7,1501.0,23.7,71.2,14532.0,8,15,0
2025-11-28 06:00:00,CNC-005,62.7,1.2,149.1,1531.0,23.8,68.7,14538.0,8,60,0
2025-11-28 12:00:00,CNC-005,64.1,1.21,150.0,1525.0,24.4,76.3,14543.0,8,30,0
2025-11-28 18:00:00,CNC-005,61.3,1.14,147.4,1516.0,23.2,70.9,14549.0,8,30,0
2025-11-29 00:00:00,CNC-005,63.1,1.28,148.4,1528.0,24.3,70.5,14554.0,8,61,0
2025-11-29 06:00:00,CNC-005,67.2,1.26,147.9,1515.0,24.7,71.0,14558.0,8,16,0
2025-11-29 12:00:00,CNC-005,62.3,1.22,146.2,1521.0,23.3,72.6,14562.0,8,16,0
2025-11-29 18:00:00,CNC-005,58.1,1.15,146.9,1519.0,23.8,70.6,14567.0,8,16,0
2025-11-30 00:00:00,CNC-005,64.2,1.31,147.3,1518.0,24.0,70.8,14572.0,8,32,0
2025-11-30 06:00:00,CNC-005,65.0,1.15,149.1,1526.0,23.9,74.4,14578.0,8,62,0
2025-11-30 12:00:00,CNC-005,64.7,1.22,147.0,1508.0,24.2,70.1,14583.0,8,32,0
2025-11-30 18:00:00,CNC-005,62.2,1.25,145.5,1517.0,23.8,70.9,14588.0,8,32,0
2025-12-01 00:00:00,CNC-005,63.4,1.28,145.7,1518.0,24.1,71.8,14593.0,8,33,0
2025-12-01 06:00:00,CNC-005,64.1,1.52,150.9,1513.0,25.1,72.7,14599.0,8,33,0
2025-12-01 12:00:00,CNC-005,64.7,1.35,147.8,1510.0,25.4,73.6,14603.0,8,63,0
2025-12-01 18:00:00,CNC-005,62.2,1.42,148.5,1514.0,23.8,71.2,14608.0,8,63,0
2025-12-02 00:00:00,CNC-005,63.5,1.28,149.2,1527.0,24.5,73.6,14614.0,8,19,0
2025-12-02 06:00:00,CNC-005,66.7,1.29,150.8,1523.0,24.1,72.2,14619.0,8,34,0
2025-12-02 12:00:00,CNC-005,64.1,1.19,146.1,1513.0,24.3,71.4,14625.0,8,64,0
2025-12-02 18:00:00,CNC-005,60.9,1.3,144.3,1522.0,23.8,75.1,14630.0,8,64,0
2025-12-03 00:00:00,CNC-005,65.5,1.47,146.8,1503.0,25.0,72.1,14636.0,8,65,0
2025-12-03 06:00:00,CNC-005,65.4,1.15,148.1,1514.0,22.6,71.2,14642.0,8,20,0
2025-12-03 12:00:00,CNC-005,62.0,1.23,143.6,1515.0,23.2,72.9,14647.0,8,65,0
2025-12-03 18:00:00,CNC-005,61.8,1.47,152.0,1509.0,24.9,69.8,14653.0,8,65,0
2025-12-04 00:00:00,CNC-005,62.1,1.33,147.7,1512.0,24.0,73.2,14659.0,8,21,0
2025-12-04 06:00:00,CNC-005,67.1,1.21,147.5,1521.0,24.8,73.1,14663.0,8,21,0
2025-12-04 12:00:00,CNC-005,63.9,1.29,146.6,1517.0,23.8,69.1,14669.0,8,66,0
2025-12-04 18:00:00,CNC-005,61.1,1.32,147.7,1517.0,24.5,71.2,14675.0,8,36,0
2025-12-05 00:00:00,CNC-005,64.2,1.41,146.4,1517.0,25.1,75.5,14679.0,8,67,0
2025-12-05 06:00:00,CNC-005,63.5,1.16,149.8,1524.0,24.8,69.0,14684.0,8,22,0
2025-12-05 12:00:00,CNC-005,64.6,1.17,150.5,1523.0,24.0,71.1,14689.0,8,37,0
2025-12-05 18:00:00,CNC-005,60.3,1.17,147.1,1523.0,22.7,73.9,14695.0,8,37,0
2025-12-06 00:00:00,CNC-005,62.5,1.18,148.1,1512.0,24.4,70.4,14700.0,8,38,0
2025-12-06 06:00:00,CNC-005,62.8,1.3,150.8,1517.0,24.4,73.7,14705.0,8,68,0
2025-12-06 12:00:00,CNC-005,62.5,1.33,151.5,1522.0,23.6,72.7,14709.0,8,23,0
2025-12-06 18:00:00,CNC-005,59.3,1.35,150.6,1535.0,24.0,74.9,14715.0,8,68,0
2025-12-07 00:00:00,CNC-005,63.5,1.29,149.3,1532.0,24.2,68.2,14720.0,8,69,0
2025-12-07 06:00:00,CNC-005,63.6,1.75,143.9,1529.0,25.0,71.0,14725.0,8,39,0
2025-12-07 12:00:00,CNC-005,62.8,1.19,149.1,1516.0,24.3,70.9,14731.0,8,39,0
2025-12-07 18:00:00,CNC-005,60.2,1.22,144.8,1526.0,23.8,72.6,14737.0,8,24,0
2025-12-08 00:00:00,CNC-005,64.2,1.29,147.6,1537.0,24.5,71.0,14743.0,8,25,0
2025-12-08 06:00:00,CNC-005,65.3,1.3,150.3,1512.0,24.7,70.3,14747.0,8,40,0
2025-12-08 12:00:00,CNC-005,63.3,1.15,150.4,1522.0,23.8,70.7,14751.0,8,25,0
2025-12-08 18:00:00,CNC-005,61.0,1.16,144.3,1519.0,23.7,72.6,14756.0,8,40,0
2025-12-09 00:00:00,CNC-005,62.6,1.14,146.9,1516.0,23.0,75.4,14761.0,8,41,0
2025-12-09 06:00:00,CNC-005,65.6,1.24,144.4,1514.0,23.7,69.2,14767.0,8,26,0
2025-12-09 12:00:00,CNC-005,62.9,1.4,150.7,1527.0,24.1,74.5,14773.0,8,41,0
2025-12-09 18:00:00,CNC-005,63.3,1.15,149.0,1522.0,23.2,69.5,14777.0,8,41,0
2025-12-10 00:00:00,CNC-005,62.2,1.7,152.1,1531.0,24.1,75.8,14781.0,8,72,0
2025-12-10 06:00:00,CNC-005,66.3,1.18,150.3,1517.0,24.2,75.6,14786.0,8,72,0
2025-12-10 12:00:00,CNC-005,66.1,1.19,145.8,1518.0,22.9,69.2,14793.0,8,27,0
2025-12-10 18:00:00,CNC-005,61.7,1.5,148.4,1526.0,25.0,72.4,14798.0,8,72,0
2025-12-11 00:00:00,CNC-005,62.9,1.14,147.3,1530.0,24.9,71.8,14804.0,8,28,0
2025-12-11 06:00:00,CNC-005,63.2,1.19,148.8,1516.0,23.5,69.6,14809.0,8,73,0
2025-12-11 12:00:00,CNC-005,65.7,1.32,144.4,1509.0,24.3,72.5,14814.0,8,73,0
2025-12-11 18:00:00,CNC-005,60.8,1.32,147.3,1518.0,24.5,72.6,14818.0,8,43,0
2025-12-12 00:00:00,CNC-005,63.8,1.26,145.9,1519.0,24.4,71.9,14823.0,8,29,0
2025-12-12 06:00:00,CNC-005,66.7,1.16,147.6,1515.0,24.4,71.2,14828.0,8,74,0
2025-12-12 12:00:00,CNC-005,63.6,1.28,147.6,1519.0,24.3,70.2,14832.0,8,29,0
2025-12-12 18:00:00,CNC-005,62.0,1.4,149.1,1506.0,24.7,71.5,14838.0,8,74,0
2025-12-13 00:00:00,CNC-005,65.0,1.26,145.9,1518.0,24.4,70.0,14843.0,8,75,0
2025-12-13 06:00:00,CNC-005,64.0,1.25,149.2,1519.0,23.7,73.9,14849.0,8,30,0
2025-12-13 12:00:00,CNC-005,63.1,1.56,149.7,1498.0,24.1,70.8,14853.0,8,30,0
2025-12-13 18:00:00,CNC-005,60.7,1.28,145.3,1534.0,24.1,70.6,14859.0,8,75,0
2025-12-14 00:00:00,CNC-005,63.0,1.34,150.4,1514.0,24.1,72.0,14864.0,8,46,0
2025-12-14 06:00:00,CNC-005,64.8,1.25,152.2,1506.0,24.9,73.3,14869.0,8,31,0
2025-12-14 12:00:00,CNC-005,63.9,1.16,148.0,1521.0,24.0,72.1,14873.0,8,76,0
2025-12-14 18:00:00,CNC-005,59.3,1.37,143.8,1516.0,24.3,73.7,14880.0,8,31,0
2025-12-15 00:00:00,CNC-005,63.0,1.23,147.1,1525.0,23.1,72.7,14884.0,8,32,0
2025-12-15 06:00:00,CNC-005,64.1,1.4,149.1,1518.0,25.7,75.9,14890.0,8,32,0
2025-12-15 12:00:00,CNC-005,63.9,1.92,144.8,1515.0,25.5,72.7,14895.0,8,77,0
2025-12-15 18:00:00,CNC-005,60.6,1.52,148.0,1520.0,23.7,71.1,14899.0,8,47,0
2025-12-16 00:00:00,CNC-005,60.5,1.35,150.3,1523.0,23.0,74.5,14905.0,8,48,0
2025-12-16 06:00:00,CNC-005,65.8,1.22,148.4,1518.0,24.2,72.6,14912.0,8,48,0
2025-12-16 12:00:00,CNC-005,61.5,1.14,150.6,1514.0,23.4,73.8,14918.0,8,33,0
2025-12-16 18:00:00,CNC-005,61.6,1.17,144.0,1528.0,23.2,74.5,14922.0,8,48,0
2025-12-17 00:00:00,CNC-005,61.2,1.16,146.8,1509.0,23.5,70.7,14927.0,8,34,0
2025-12-17 06:00:00,CNC-005,65.8,1.18,146.3,1528.0,24.6,71.2,14932.0,8,79,0
2025-12-17 12:00:00,CNC-005,62.1,1.22,150.3,1505.0,23.7,74.7,14938.0,8,49,0
2025-12-17 18:00:00,CNC-005,62.7,1.16,146.6,1512.0,23.7,71.6,14945.0,8,79,0
2025-12-18 00:00:00,CNC-005,62.7,1.3,148.4,1517.0,24.1,74.9,14950.0,8,35,0
2025-12-18 06:00:00,CNC-005,64.7,1.35,149.4,1509.0,24.2,70.1,14957.0,8,80,0
2025-12-18 12:00:00,CNC-005,64.3,1.46,148.2,1528.0,24.5,73.3,14962.0,8,80,0
2025-12-18 18:00:00,CNC-005,59.8,1.17,146.3,1512.0,23.2,74.1,14966.0,8,35,0
2025-12-19 00:00:00,CNC-005,63.6,1.27,147.4,1511.0,24.1,73.6,14973.0,8,51,0
2025-12-19 06:00:00,CNC-005,64.4,1.51,151.1,1514.0,24.6,73.1,14978.0,8,81,0
2025-12-19 12:00:00,CNC-005,61.1,1.24,150.9,1507.0,23.0,72.6,14982.0,8,36,0
2025-12-19 18:00:00,CNC-005,60.1,1.22,150.4,1516.0,23.1,74.0,14987.0,8,51,0
2025-12-20 00:00:00,CNC-005,66.5,1.26,150.9,1527.0,24.3,72.8,14993.0,8,52,0
2025-12-20 06:00:00,CNC-005,65.3,1.22,146.3,1512.0,23.9,73.4,14999.0,8,82,0
2025-12-20 12:00:00,CNC-005,62.8,1.17,148.5,1529.0,23.9,71.7,15004.0,8,52,0
2025-12-20 18:00:00,CNC-005,61.8,1.16,146.3,1525.0,23.1,74.2,15011.0,8,82,0
2025-12-21 00:00:00,CNC-005,63.6,1.4,149.1,1511.0,23.9,70.1,15016.0,8,53,0
2025-12-21 06:00:00,CNC-005,65.3,1.4,147.8,1518.0,23.7,72.6,15022.0,8,83,0
2025-12-21 12:00:00,CNC-005,64.3,1.25,148.3,1531.0,24.2,69.0,15028.0,8,53,0
2025-12-21 18:00:00,CNC-005,61.0,1.58,145.6,1516.0,24.6,76.8,15034.0,8,83,0
2025-12-22 00:00:00,CNC-005,63.9,1.39,145.2,1526.0,24.8,74.5,15039.0,8,39,0
2025-12-22 06:00:00,CNC-005,64.9,1.46,144.1,1525.0,25.1,72.4,15043.0,8,84,0
2025-12-22 12:00:00,CNC-005,62.0,1.22,145.0,1529.0,23.8,71.0,15049.0,8,84,0
2025-12-22 18:00:00,CNC-005,61.5,1.19,148.6,1528.0,23.2,67.8,15055.0,8,39,0
2025-12-23 00:00:00,CNC-005,62.7,1.23,146.9,1523.0,24.1,71.6,15061.0,8,40,0
2025-12-23 06:00:00,CNC-005,65.3,1.37,147.4,1506.0,24.4,70.7,15066.0,8,55,0
2025-12-23 12:00:00,CNC-005,62.5,1.14,150.4,1512.0,23.5,71.9,15071.0,8,85,0
2025-12-23 18:00:00,CNC-005,62.1,1.42,145.6,1521.0,24.4,69.4,15075.0,8,55,0
2025-12-24 00:00:00,CNC-005,64.3,1.26,150.8,1519.0,24.0,73.9,15081.0,8,86,0
2025-12-24 06:00:00,CNC-005,64.6,1.17,149.2,1519.0,24.2,69.5,15087.0,8,56,0
2025-12-24 12:00:00,CNC-005,62.8,1.23,149.1,1521.0,23.2,72.1,15092.0,8,86,0
2025-12-24 18:00:00,CNC-005,61.3,1.36,146.5,1506.0,24.1,73.8,15098.0,8,41,0
2025-12-25 00:00:00,CNC-005,61.3,1.21,150.1,1508.0,23.4,72.3,15104.0,8,87,0
2025-12-25 06:00:00,CNC-005,64.2,1.15,151.4,1530.0,24.3,74.0,15108.0,8,87,0
2025-12-25 12:00:00,CNC-005,64.8,1.18,148.8,1509.0,24.2,74.1,15115.0,8,57,0
2025-12-25 18:00:00,CNC-005,62.3,1.7,147.0,1509.0,25.5,74.4,15121.0,8,42,0
2025-12-26 00:00:00,CNC-005,61.9,1.52,148.2,1525.0,24.3,72.5,15126.0,8,43,0
2025-12-26 06:00:00,CNC-005,64.9,1.32,149.7,1531.0,24.9,75.4,15132.0,8,88,0
2025-12-26 12:00:00,CNC-005,63.4,1.26,147.3,1536.0,24.5,71.2,15138.0,8,58,0
2025-12-26 18:00:00,CNC-005,62.6,1.38,152.6,1523.0,24.0,69.6,15144.0,8,88,0
2025-12-27 00:00:00,CNC-005,61.6,1.17,151.4,1511.0,23.8,75.4,15149.0,8,59,0
2025-12-27 06:00:00,CNC-005,64.3,1.18,154.4,1534.0,23.8,72.3,15155.0,8,59,0
2025-12-27 12:00:00,CNC-005,62.4,1.18,144.9,1518.0,23.8,74.3,15161.0,8,59,0
2025-12-27 18:00:00,CNC-005,62.8,1.28,151.2,1522.0,24.3,74.9,15165.0,8,59,0
2025-07-01 00:00:00,CNC-006,68.0,1.36,154.2,1465.0,24.7,71.9,14100.0,6,0,0
2025-07-01 06:00:00,CNC-006,69.3,1.45,150.9,1468.0,25.6,68.6,14105.0,6,0,0
2025-07-01 12:00:00,CNC-006,69.4,1.59,153.4,1470.0,25.9,73.7,14110.0,6,0,0
2025-07-01 18:00:00,CNC-006,69.9,1.39,154.0,1467.0,25.9,71.7,14116.0,6,0,0
2025-07-02 00:00:00,CNC-006,69.9,1.39,153.7,1456.0,25.7,72.6,14120.0,6,1,0
2025-07-02 06:00:00,CNC-006,71.0,1.57,152.5,1453.0,25.6,69.0,14127.0,6,1,0
2025-07-02 12:00:00,CNC-006,67.6,1.6,152.5,1469.0,25.3,71.4,14132.0,6,1,0
2025-07-02 18:00:00,CNC-006,67.8,1.64,152.4,1474.0,25.2,74.4,14138.0,6,1,0
2025-07-03 00:00:00,CNC-006,69.2,1.37,153.1,1469.0,25.3,70.1,14143.0,6,2,0
2025-07-03 06:00:00,CNC-006,72.1,1.49,154.5,1470.0,25.4,72.3,14148.0,6,2,0
2025-07-03 12:00:00,CNC-006,69.4,1.47,159.0,1473.0,25.6,70.2,14153.0,6,2,0
2025-07-03 18:00:00,CNC-006,68.5,1.59,153.9,1477.0,25.3,72.7,14159.0,6,2,0
2025-07-04 00:00:00,CNC-006,69.7,1.54,157.1,1463.0,25.8,72.6,14165.0,6,3,0
2025-07-04 06:00:00,CNC-006,72.5,1.37,152.9,1458.0,25.4,73.0,14170.0,6,3,0
2025-07-04 12:00:00,CNC-006,69.1,1.37,152.5,1467.0,25.3,72.3,14176.0,6,3,0
2025-07-04 18:00:00,CNC-006,67.0,1.55,158.2,1450.0,24.7,70.0,14182.0,6,3,0
2025-07-05 00:00:00,CNC-006,69.6,1.87,155.1,1474.0,26.0,72.5,14186.0,6,4,0
2025-07-05 06:00:00,CNC-006,73.2,1.42,154.0,1465.0,25.7,72.9,14192.0,6,4,0
2025-07-05 12:00:00,CNC-006,67.7,1.52,152.4,1455.0,26.2,76.5,14196.0,6,4,0
2025-07-05 18:00:00,CNC-006,67.2,1.39,153.0,1460.0,24.8,71.1,14202.0,6,4,0
2025-07-06 00:00:00,CNC-006,69.5,1.56,155.8,1457.0,25.8,70.0,14207.0,6,5,0
2025-07-06 06:00:00,CNC-006,70.2,1.48,152.2,1444.0,25.9,74.2,14212.0,6,5,0
2025-07-06 12:00:00,CNC-006,71.9,1.73,154.5,1462.0,25.7,70.7,14218.0,6,5,0
2025-07-06 18:00:00,CNC-006,68.3,1.4,154.5,1461.0,25.2,77.4,14223.0,6,5,0
2025-07-07 00:00:00,CNC-006,71.8,1.37,152.3,1480.0,25.6,72.8,14228.0,6,6,0
2025-07-07 06:00:00,CNC-006,72.0,1.42,154.7,1452.0,25.7,70.8,14234.0,6,6,0
2025-07-07 12:00:00,CNC-006,69.8,1.43,155.7,1465.0,25.6,68.1,14239.0,6,6,0
2025-07-07 18:00:00,CNC-006,66.0,1.45,154.2,1454.0,24.6,75.6,14245.0,6,6,0
2025-07-08 00:00:00,CNC-006,70.8,1.46,155.2,1469.0,24.9,71.8,14249.0,6,7,0
2025-07-08 06:00:00,CNC-006,73.2,1.57,157.7,1468.0,26.2,70.4,14254.0,6,7,0
2025-07-08 12:00:00,CNC-006,68.6,1.38,154.1,1443.0,24.6,74.1,14260.0,6,7,0
2025-07-08 18:00:00,CNC-006,65.6,1.72,153.2,1463.0,26.5,72.3,14266.0,6,7,0
2025-07-09 00:00:00,CNC-006,69.1,1.41,156.6,1466.0,24.6,72.3,14271.0,6,8,0
2025-07-09 06:00:00,CNC-006,72.1,1.4,153.9,1469.0,25.8,69.8,14276.0,6,8,0
2025-07-09 12:00:00,CNC-006,69.7,1.57,154.2,1464.0,25.6,71.6,14281.0,6,8,0
2025-07-09 18:00:00,CNC-006,65.9,1.58,154.6,1446.0,25.4,71.5,14285.0,6,8,0
2025-07-10 00:00:00,CNC-006,69.2,1.36,154.7,1464.0,25.0,72.2,14290.0,6,9,0
2025-07-10 06:00:00,CNC-006,70.5,1.68,157.9,1462.0,27.4,72.4,14296.0,6,9,0
2025-07-10 12:00:00,CNC-006,69.3,1.41,154.2,1484.0,24.5,74.5,14302.0,6,9,0
2025-07-10 18:00:00,CNC-006,66.7,1.69,154.3,1484.0,26.2,72.3,14307.0,6,9,0
2025-07-11 00:00:00,CNC-006,71.5,1.44,153.0,1446.0,26.4,72.7,14311.0,6,10,0
2025-07-11 06:00:00,CNC-006,72.6,1.44,155.0,1455.0,26.7,72.5,14317.0,6,10,0
2025-07-11 12:00:00,CNC-006,73.6,1.37,156.4,1465.0,25.6,74.3,14323.0,6,10,0
2025-07-11 18:00:00,CNC-006,68.3,1.49,154.1,1469.0,25.3,70.8,14327.0,6,10,0
2025-07-12 00:00:00,CNC-006,69.3,1.36,160.5,1463.0,24.8,75.3,14332.0,6,11,0
2025-07-12 06:00:00,CNC-006,72.1,1.42,150.1,1462.0,25.3,73.5,14337.0,6,11,0
2025-07-12 12:00:00,CNC-006,71.7,1.41,153.6,1444.0,24.6,71.0,14342.0,6,11,0
2025-07-12 18:00:00,CNC-006,67.9,1.39,153.4,1469.0,24.3,69.0,14346.0,6,11,0
2025-07-13 00:00:00,CNC-006,71.4,1.85,152.0,1458.0,27.3,63.4,14351.0,6,12,0
2025-07-13 06:00:00,CNC-006,69.6,1.39,156.9,1474.0,25.3,71.9,14356.0,6,12,0
2025-07-13 12:00:00,CNC-006,71.8,1.57,154.8,1470.0,26.2,71.7,14361.0,6,12,0
2025-07-13 18:00:00,CNC-006,65.8,1.56,154.3,1471.0,25.3,71.4,14365.0,6,12,0
2025-07-14 00:00:00,CNC-006,68.7,1.38,152.3,1461.0,24.8,73.7,14370.0,6,13,0
2025-07-14 06:00:00,CNC-006,72.5,1.42,157.3,1455.0,25.7,74.1,14376.0,6,13,0
2025-07-14 12:00:00,CNC-006,69.3,1.47,152.8,1451.0,24.9,75.9,14382.0,6,13,0
2025-07-14 18:00:00,CNC-006,66.7,1.47,156.2,1458.0,25.3,74.5,14388.0,6,13,0
2025-07-15 00:00:00,CNC-006,68.8,1.59,155.2,1491.0,25.6,73.9,14394.0,6,14,0
2025-07-15 06:00:00,CNC-006,70.6,1.64,154.2,1455.0,26.0,74.4,14399.0,6,14,0
2025-07-15 12:00:00,CNC-006,68.8,1.44,154.5,1459.0,25.0,69.4,14404.0,6,14,0
2025-07-15 18:00:00,CNC-006,69.5,1.36,153.6,1479.0,25.4,71.5,14410.0,6,14,0
2025-07-16 00:00:00,CNC-006,70.2,1.4,156.4,1459.0,25.2,70.7,14415.0,6,15,0
2025-07-16 06:00:00,CNC-006,71.1,1.42,156.3,1469.0,26.6,72.6,14419.0,6,15,0
2025-07-16 12:00:00,CNC-006,71.0,1.39,153.4,1475.0,25.8,74.9,14426.0,6,15,0
2025-07-16 18:00:00,CNC-006,68.2,1.37,154.9,1471.0,25.9,73.6,14431.0,6,15,0
2025-07-17 00:00:00,CNC-006,70.9,1.71,155.6,1454.0,26.3,71.5,14437.0,6,16,0
2025-07-17 06:00:00,CNC-006,71.1,1.48,153.3,1466.0,25.2,70.6,14442.0,6,16,0
2025-07-17 12:00:00,CNC-006,69.6,2.01,152.5,1468.0,26.7,73.3,14449.0,6,16,0
2025-07-17 18:00:00,CNC-006,67.5,1.61,156.0,1459.0,25.2,69.8,14454.0,6,16,0
2025-07-18 00:00:00,CNC-006,68.4,1.4,153.1,1471.0,25.4,71.5,14459.0,6,17,0
2025-07-18 06:00:00,CNC-006,74.4,1.47,154.3,1457.0,26.3,71.9,14465.0,6,17,0
2025-07-18 12:00:00,CNC-006,72.5,1.39,152.7,1457.0,25.7,72.2,14470.0,6,17,0
2025-07-18 18:00:00,CNC-006,68.5,1.61,155.4,1465.0,25.5,69.6,14476.0,6,17,0
2025-07-19 00:00:00,CNC-006,68.1,1.55,154.1,1478.0,25.0,74.2,14480.0,6,18,0
2025-07-19 06:00:00,CNC-006,70.8,1.42,155.3,1477.0,24.7,72.3,14486.0,6,18,0
2025-07-19 12:00:00,CNC-006,69.0,1.89,154.9,1454.0,26.2,70.9,14490.0,6,18,0
2025-07-19 18:00:00,CNC-006,66.3,1.39,156.9,1465.0,24.5,70.1,14496.0,6,18,0
2025-07-20 00:00:00,CNC-006,70.0,1.36,155.9,1460.0,25.8,68.4,14502.0,6,19,0
2025-07-20 06:00:00,CNC-006,72.2,1.37,156.8,1472.0,25.7,72.0,14508.0,6,19,0
2025-07-20 12:00:00,CNC-006,71.3,1.36,152.7,1475.0,25.7,67.5,14512.0,6,19,0
2025-07-20 18:00:00,CNC-006,69.7,2.08,152.3,1468.0,26.3,72.7,14517.0,6,19,0
2025-07-21 00:00:00,CNC-006,71.4,1.39,150.4,1454.0,26.0,71.4,14523.0,6,20,0
2025-07-21 06:00:00,CNC-006,71.9,1.45,149.5,1452.0,26.3,72.1,14528.0,6,20,0
2025-07-21 12:00:00,CNC-006,68.5,1.64,149.8,1453.0,25.6,72.4,14533.0,6,20,0
2025-07-21 18:00:00,CNC-006,67.9,1.54,156.7,1469.0,26.0,70.2,14538.0,6,20,0
2025-07-22 00:00:00,CNC-006,69.8,1.42,154.9,1464.0,25.4,70.9,14544.0,6,21,0
2025-07-22 06:00:00,CNC-006,72.1,1.37,151.8,1454.0,25.1,72.7,14550.0,6,21,0
2025-07-22 12:00:00,CNC-006,72.5,1.58,158.7,1455.0,25.3,73.6,14556.0,6,21,0
2025-07-22 18:00:00,CNC-006,67.0,1.42,152.8,1464.0,24.5,64.5,14561.0,6,21,0
2025-07-23 00:00:00,CNC-006,67.9,1.75,154.8,1458.0,25.4,70.5,14565.0,6,22,0
2025-07-23 06:00:00,CNC-006,70.5,1.71,152.7,1472.0,26.1,72.7,14570.0,6,22,0
2025-07-23 12:00:00,CNC-006,72.2,1.52,157.5,1463.0,25.2,72.4,14574.0,6,22,0
2025-07-23 18:00:00,CNC-006,68.2,1.52,156.9,1464.0,26.0,70.6,14581.0,6,22,0
2025-07-24 00:00:00,CNC-006,69.6,1.38,155.6,1459.0,25.2,68.7,14586.0,6,23,0
2025-07-24 06:00:00,CNC-006,72.3,1.37,153.5,1470.0,25.5,72.2,14591.0,6,23,0
2025-07-24 12:00:00,CNC-006,68.0,1.55,154.4,1463.0,24.9,71.9,14595.0,6,23,0
2025-07-24 18:00:00,CNC-006,68.4,1.41,153.3,1468.0,25.5,72.8,14600.0,6,23,0
2025-07-25 00:00:00,CNC-006,69.7,1.68,149.4,1452.0,25.5,72.5,14604.0,6,24,0
2025-07-25 06:00:00,CNC-006,71.9,1.53,154.8,1465.0,25.9,71.6,14609.0,6,24,0
2025-07-25 12:00:00,CNC-006,72.0,1.52,154.6,1450.0,25.9,74.7,14613.0,6,24,0
2025-07-25 18:00:00,CNC-006,68.3,1.44,156.0,1461.0,25.0,73.1,14618.0,6,24,0
2025-07-26 00:00:00,CNC-006,69.7,1.65,153.1,1453.0,26.0,70.5,14624.0,6,25,0
2025-07-26 06:00:00,CNC-006,73.5,1.47,156.2,1458.0,24.9,70.5,14628.0,6,25,0
2025-07-26 12:00:00,CNC-006,70.4,1.54,156.4,1457.0,25.9,70.5,14634.0,6,25,0
2025-07-26 18:00:00,CNC-006,67.3,1.72,153.5,1470.0,25.6,69.3,14640.0,6,25,0
2025-07-27 00:00:00,CNC-006,72.3,1.79,153.1,1451.0,26.0,74.1,14644.0,6,26,0
2025-07-27 06:00:00,CNC-006,73.4,1.36,155.7,1464.0,25.5,67.9,14648.0,6,26,0
2025-07-27 12:00:00,CNC-006,70.9,1.86,155.8,1455.0,26.3,72.7,14654.0,6,26,0
2025-07-27 18:00:00,CNC-006,68.3,1.38,153.2,1474.0,24.8,72.0,14658.0,6,26,0
2025-07-28 00:00:00,CNC-006,72.4,1.39,153.3,1455.0,25.5,74.2,14664.0,6,27,0
2025-07-28 06:00:00,CNC-006,72.9,1.55,153.8,1466.0,26.1,72.3,14670.0,6,27,0
2025-07-28 12:00:00,CNC-006,72.1,1.41,153.7,1473.0,25.9,74.4,14676.0,6,27,0
2025-07-28 18:00:00,CNC-006,68.4,1.47,151.8,1463.0,25.2,75.6,14681.0,6,27,0
2025-07-29 00:00:00,CNC-006,70.8,1.37,158.7,1467.0,25.5,72.0,14686.0,6,28,0
2025-07-29 06:00:00,CNC-006,71.9,1.46,152.4,1482.0,25.8,72.8,14690.0,6,28,0
2025-07-29 12:00:00,CNC-006,70.5,1.44,156.6,1472.0,25.1,71.8,14695.0,6,28,0
2025-07-29 18:00:00,CNC-006,68.3,1.37,155.7,1462.0,25.3,73.5,14701.0,6,28,0
2025-07-30 00:00:00,CNC-006,71.7,1.61,154.1,1474.0,26.3,71.5,14705.0,6,29,0
2025-07-30 06:00:00,CNC-006,73.3,1.45,152.0,1461.0,25.6,71.5,14711.0,6,29,0
2025-07-30 12:00:00,CNC-006,69.5,1.38,151.6,1462.0,26.5,72.5,14715.0,6,29,0
2025-07-30 18:00:00,CNC-006,67.8,1.36,155.7,1476.0,24.9,74.1,14719.0,6,29,0
2025-07-31 00:00:00,CNC-006,68.4,1.39,149.2,1460.0,24.9,73.4,14725.0,6,30,0
2025-07-31 06:00:00,CNC-006,73.3,1.56,156.3,1469.0,26.7,72.9,14729.0,6,30,0
2025-07-31 12:00:00,CNC-006,66.6,1.46,153.9,1459.0,24.6,68.7,14735.0,6,30,0
2025-07-31 18:00:00,CNC-006,69.2,1.37,154.4,1471.0,25.2,73.8,14742.0,6,30,0
2025-08-01 00:00:00,CNC-006,73.0,1.5,153.5,1452.0,26.0,68.8,14747.0,6,31,0
2025-08-01 06:00:00,CNC-006,71.6,1.39,154.7,1478.0,26.5,68.8,14753.0,6,31,0
2025-08-01 12:00:00,CNC-006,71.1,1.76,154.4,1459.0,26.2,76.1,14759.0,6,31,0
2025-08-01 18:00:00,CNC-006,68.0,1.57,153.5,1458.0,25.8,72.9,14763.0,6,31,0
2025-08-02 00:00:00,CNC-006,70.0,2.22,156.1,1471.0,27.9,69.9,14767.0,6,32,0
2025-08-02 06:00:00,CNC-006,72.9,1.44,153.2,1467.0,25.5,75.1,14772.0,6,32,0
2025-08-02 12:00:00,CNC-006,71.5,1.44,157.0,1474.0,25.6,76.7,14776.0,6,32,0
2025-08-02 18:00:00,CNC-006,69.6,1.39,154.5,1462.0,26.0,73.0,14783.0,6,32,0
2025-08-03 00:00:00,CNC-006,70.6,1.45,157.3,1466.0,24.9,68.7,14788.0,6,33,0
2025-08-03 06:00:00,CNC-006,71.7,1.41,149.0,1467.0,24.8,73.9,14794.0,6,33,0
2025-08-03 12:00:00,CNC-006,69.2,2.05,153.7,1470.0,27.0,72.7,14799.0,6,33,0
2025-08-03 18:00:00,CNC-006,67.3,1.71,156.6,1472.0,25.8,68.6,14803.0,6,33,0
2025-08-04 00:00:00,CNC-006,71.8,1.86,157.7,1461.0,27.0,72.9,14808.0,6,34,0
2025-08-04 06:00:00,CNC-006,74.6,1.51,153.2,1457.0,26.8,72.9,14814.0,6,34,0
2025-08-04 12:00:00,CNC-006,70.8,1.43,152.8,1470.0,24.4,70.7,14819.0,6,34,0
2025-08-04 18:00:00,CNC-006,67.4,1.37,155.0,1467.0,24.2,72.2,14823.0,6,34,0
2025-08-05 00:00:00,CNC-006,71.1,1.46,155.2,1458.0,26.1,69.4,14828.0,6,35,0
2025-08-05 06:00:00,CNC-006,72.8,1.45,154.2,1462.0,25.1,74.4,14834.0,6,35,0
2025-08-05 12:00:00,CNC-006,70.4,1.38,156.2,1475.0,25.3,72.0,14839.0,6,35,0
2025-08-05 18:00:00,CNC-006,68.2,1.4,155.3,1474.0,24.4,71.8,14845.0,6,35,0
2025-08-06 00:00:00,CNC-006,70.9,1.64,154.2,1466.0,25.8,74.6,14850.0,6,36,0
2025-08-06 06:00:00,CNC-006,73.0,1.51,149.4,1448.0,25.6,69.5,14856.0,6,36,0
2025-08-06 12:00:00,CNC-006,72.2,1.38,155.3,1465.0,25.7,73.3,14862.0,6,36,0
2025-08-06 18:00:00,CNC-006,70.3,1.41,155.9,1458.0,24.5,71.2,14867.0,6,36,0
2025-08-07 00:00:00,CNC-006,72.2,1.48,152.7,1461.0,25.7,70.9,14873.0,6,37,0
2025-08-07 06:00:00,CNC-006,72.1,1.42,156.3,1460.0,25.5,73.0,14878.0,6,37,0
2025-08-07 12:00:00,CNC-006,70.3,1.46,154.7,1457.0,25.8,74.8,14883.0,6,37,0
2025-08-07 18:00:00,CNC-006,70.5,1.62,150.6,1456.0,25.9,71.9,14888.0,6,37,0
2025-08-08 00:00:00,CNC-006,71.1,1.4,148.7,1462.0,26.3,76.8,14894.0,6,38,0
2025-08-08 06:00:00,CNC-006,71.4,2.04,152.4,1461.0,27.4,71.6,14901.0,6,38,0
2025-08-08 12:00:00,CNC-006,67.6,1.6,155.6,1454.0,24.4,71.2,14905.0,6,38,0
2025-08-08 18:00:00,CNC-006,69.6,1.39,153.7,1471.0,24.8,70.5,14911.0,6,38,0
2025-08-09 00:00:00,CNC-006,71.7,1.95,151.6,1454.0,26.3,73.1,14917.0,6,39,0
2025-08-09 06:00:00,CNC-006,76.7,1.66,152.9,1455.0,26.7,74.4,14924.0,6,39,0
2025-08-09 12:00:00,CNC-006,72.5,1.75,147.8,1455.0,26.7,71.7,14929.0,6,39,0
2025-08-09 18:00:00,CNC-006,70.7,1.58,150.8,1459.0,25.5,72.5,14935.0,6,39,0
2025-08-10 00:00:00,CNC-006,74.1,2.06,150.9,1454.0,28.4,72.6,14940.0,6,40,0
2025-08-10 06:00:00,CNC-006,74.9,1.93,157.8,1456.0,28.2,71.4,14946.0,6,40,0
2025-08-10 12:00:00,CNC-006,73.3,1.8,149.7,1448.0,27.8,74.5,14950.0,6,40,0
2025-08-10 18:00:00,CNC-006,69.5,1.86,153.8,1446.0,26.3,70.6,14956.0,6,40,0
2025-08-11 00:00:00,CNC-006,72.4,1.77,152.1,1465.0,26.9,72.7,14962.0,6,41,0
2025-08-11 06:00:00,CNC-006,74.2,2.25,151.8,1457.0,27.6,76.2,14968.0,6,41,0
2025-08-11 12:00:00,CNC-006,74.3,1.84,153.5,1451.0,28.5,74.7,14973.0,6,41,0
2025-08-11 18:00:00,CNC-006,71.6,2.29,152.2,1463.0,27.8,75.1,14979.0,6,41,0
2025-08-12 00:00:00,CNC-006,75.5,2.06,149.2,1456.0,27.0,74.8,14985.0,6,42,0
2025-08-12 06:00:00,CNC-006,77.2,1.85,151.3,1452.0,28.1,76.7,14989.0,6,42,0
2025-08-12 12:00:00,CNC-006,76.0,2.33,152.3,1440.0,28.2,71.6,14995.0,6,42,0
2025-08-12 18:00:00,CNC-006,74.0,2.07,154.3,1466.0,27.6,75.8,15001.0,6,42,0
2025-08-13 00:00:00,CNC-006,75.6,2.97,149.5,1447.0,29.6,74.9,15007.0,6,43,0
2025-08-13 06:00:00,CNC-006,79.4,1.95,151.3,1443.0,29.2,70.0,15012.0,6,43,0
2025-08-13 12:00:00,CNC-006,75.5,2.45,146.6,1468.0,29.1,75.4,15017.0,6,43,0
2025-08-13 18:00:00,CNC-006,73.6,2.47,151.8,1446.0,29.6,76.6,15022.0,6,43,0
2025-08-14 00:00:00,CNC-006,76.4,2.57,148.1,1433.0,29.7,75.6,15026.0,6,44,0
2025-08-14 06:00:00,CNC-006,78.3,2.94,151.0,1439.0,30.2,75.4,15031.0,6,44,0
2025-08-14 12:00:00,CNC-006,74.2,2.95,147.7,1429.0,29.3,78.2,15037.0,6,44,0
2025-08-14 18:00:00,CNC-006,74.0,2.8,148.0,1456.0,30.2,78.1,15042.0,6,44,0
2025-08-15 00:00:00,CNC-006,76.4,3.39,145.2,1442.0,30.8,74.7,15048.0,6,45,1
2025-08-15 06:00:00,CNC-006,76.2,3.1,148.8,1434.0,31.2,79.5,15053.0,6,0,1
2025-08-15 12:00:00,CNC-006,74.6,2.75,150.1,1445.0,29.8,73.5,15058.0,6,45,1
2025-08-15 18:00:00,CNC-006,76.7,2.26,150.5,1436.0,30.2,74.6,15063.0,6,0,1
2025-08-16 00:00:00,CNC-006,78.2,2.74,150.2,1450.0,30.9,81.9,15068.0,6,46,1
2025-08-16 06:00:00,CNC-006,76.2,2.59,147.9,1451.0,30.1,78.7,15072.0,6,46,1
2025-08-16 12:00:00,CNC-006,78.9,3.66,144.4,1467.0,32.9,78.5,15077.0,6,1,1
2025-08-16 18:00:00,CNC-006,73.3,3.32,147.5,1433.0,30.3,79.8,15084.0,6,46,1
2025-08-17 00:00:00,CNC-006,80.7,3.84,148.8,1451.0,34.7,78.0,15088.0,6,47,1
2025-08-17 06:00:00,CNC-006,83.5,3.4,149.5,1441.0,34.4,84.5,15094.0,6,47,1
2025-08-17 12:00:00,CNC-006,77.4,3.89,149.9,1428.0,33.2,80.6,15100.0,6,47,1
2025-08-17 18:00:00,CNC-006,74.0,2.55,148.0,1431.0,30.4,77.4,15105.0,6,47,1
2025-08-18 00:00:00,CNC-006,80.4,2.82,142.2,1438.0,30.0,81.9,15110.0,6,48,1
2025-08-18 06:00:00,CNC-006,85.8,3.11,144.8,1425.0,33.9,78.6,15115.0,6,48,1
2025-08-18 12:00:00,CNC-006,85.0,4.16,151.6,1436.0,34.5,79.6,15121.0,6,48,1
2025-08-18 18:00:00,CNC-006,77.4,2.57,144.6,1423.0,30.4,82.7,15126.0,6,48,1
2025-08-19 00:00:00,CNC-006,85.2,2.9,139.3,1425.0,33.6,83.9,15132.0,6,49,1
2025-08-19 06:00:00,CNC-006,82.0,3.06,148.3,1431.0,31.6,81.6,15136.0,6,4,1
2025-08-19 12:00:00,CNC-006,83.6,4.52,141.9,1425.0,35.1,77.6,15140.0,6,49,1
2025-08-19 18:00:00,CNC-006,79.8,2.66,142.5,1434.0,31.7,78.7,15146.0,6,49,1
2025-08-20 00:00:00,CNC-006,84.0,3.55,147.8,1441.0,35.0,74.7,15151.0,6,50,1
2025-08-20 06:00:00,CNC-006,87.9,3.98,151.3,1434.0,33.9,83.5,15157.0,6,50,1
2025-08-20 12:00:00,CNC-006,84.5,4.36,148.7,1427.0,36.3,75.2,15163.0,6,50,1
2025-08-20 18:00:00,CNC-006,81.7,3.03,145.2,1420.0,31.5,83.6,15169.0,6,50,1
2025-08-21 00:00:00,CNC-006,78.7,5.02,150.0,1398.0,36.7,78.7,15174.0,6,51,1
2025-08-21 06:00:00,CNC-006,87.5,4.28,141.9,1428.0,35.6,81.3,15179.0,6,51,1
2025-08-21 12:00:00,CNC-006,87.5,3.83,142.8,1445.0,35.4,80.1,15183.0,6,51,1
2025-08-21 18:00:00,CNC-006,79.0,3.78,144.7,1427.0,34.8,77.9,15187.0,6,6,1
2025-08-22 00:00:00,CNC-006,70.1,1.57,155.6,1463.0,25.8,74.0,15193.0,6,52,0
2025-08-22 06:00:00,CNC-006,73.4,1.37,156.5,1470.0,25.6,71.2,15198.0,6,7,0
2025-08-22 12:00:00,CNC-006,72.3,1.48,154.7,1454.0,26.0,70.5,15203.0,6,52,0
2025-08-22 18:00:00,CNC-006,69.0,1.42,156.2,1461.0,25.3,71.5,15209.0,6,52,0
2025-08-23 00:00:00,CNC-006,69.4,1.64,155.1,1453.0,25.1,77.3,15215.0,6,53,0
2025-08-23 06:00:00,CNC-006,74.0,1.41,154.1,1455.0,25.5,71.7,15220.0,6,8,0
2025-08-23 12:00:00,CNC-006,73.8,2.12,158.9,1449.0,27.6,74.0,15225.0,6,53,0
2025-08-23 18:00:00,CNC-006,67.6,1.42,153.9,1460.0,24.8,72.7,15230.0,6,53,0
2025-08-24 00:00:00,CNC-006,69.7,1.48,155.1,1474.0,25.6,74.0,15235.0,6,9,0
2025-08-24 06:00:00,CNC-006,73.6,1.37,156.7,1455.0,25.2,70.5,15239.0,6,9,0
2025-08-24 12:00:00,CNC-006,70.7,1.46,154.3,1463.0,25.5,70.0,15243.0,6,54,0
2025-08-24 18:00:00,CNC-006,71.0,1.48,156.1,1477.0,25.7,70.7,15248.0,6,54,0
2025-08-25 00:00:00,CNC-006,70.5,1.36,155.9,1464.0,24.7,71.5,15254.0,6,55,0
2025-08-25 06:00:00,CNC-006,73.8,1.52,151.7,1466.0,25.4,72.1,15258.0,6,10,0
2025-08-25 12:00:00,CNC-006,70.3,1.46,156.1,1463.0,25.8,71.9,15262.0,6,55,0
2025-08-25 18:00:00,CNC-006,67.2,1.55,151.9,1456.0,25.2,69.7,15268.0,6,55,0
2025-08-26 00:00:00,CNC-006,71.6,1.38,156.3,1464.0,26.1,73.6,15273.0,6,56,0
2025-08-26 06:00:00,CNC-006,75.0,1.67,153.7,1460.0,26.8,72.1,15279.0,6,56,0
2025-08-26 12:00:00,CNC-006,74.0,1.7,152.2,1459.0,26.6,70.4,15284.0,6,56,0
2025-08-26 18:00:00,CNC-006,69.0,1.87,153.4,1447.0,25.8,72.9,15290.0,6,11,0
2025-08-27 00:00:00,CNC-006,70.9,1.83,153.4,1464.0,27.1,72.1,15296.0,6,12,0
2025-08-27 06:00:00,CNC-006,73.0,1.37,152.0,1466.0,25.8,74.3,15302.0,6,57,0
2025-08-27 12:00:00,CNC-006,69.5,1.72,156.9,1472.0,26.2,75.1,15308.0,6,57,0
2025-08-27 18:00:00,CNC-006,69.5,1.36,152.0,1461.0,25.7,70.8,15313.0,6,57,0
2025-08-28 00:00:00,CNC-006,70.8,1.39,154.4,1469.0,26.8,75.8,15317.0,6,58,0
2025-08-28 06:00:00,CNC-006,73.9,1.45,156.1,1470.0,25.6,72.7,15323.0,6,58,0
2025-08-28 12:00:00,CNC-006,71.8,1.67,155.4,1453.0,26.2,71.4,15328.0,6,58,0
2025-08-28 18:00:00,CNC-006,72.0,1.5,154.6,1459.0,26.1,73.6,15333.0,6,58,0
2025-08-29 00:00:00,CNC-006,68.5,1.37,148.9,1473.0,25.1,72.6,15339.0,6,59,0
2025-08-29 06:00:00,CNC-006,71.9,1.36,156.4,1471.0,25.6,71.6,15345.0,6,14,0
2025-08-29 12:00:00,CNC-006,70.4,1.67,155.1,1461.0,25.7,71.9,15350.0,6,14,0
2025-08-29 18:00:00,CNC-006,70.3,1.48,154.7,1473.0,25.8,76.9,15355.0,6,14,0
2025-08-30 00:00:00,CNC-006,72.5,1.66,150.7,1457.0,26.0,71.4,15361.0,6,60,0
2025-08-30 06:00:00,CNC-006,72.9,2.04,153.2,1458.0,26.6,73.6,15367.0,6,60,0
2025-08-30 12:00:00,CNC-006,71.3,1.57,152.8,1471.0,25.4,77.5,15373.0,6,15,0
2025-08-30 18:00:00,CNC-006,69.0,1.5,154.4,1461.0,25.3,69.8,15377.0,6,60,0
2025-08-31 00:00:00,CNC-006,72.0,1.39,151.1,1460.0,25.9,67.2,15383.0,6,61,0
2025-08-31 06:00:00,CNC-006,73.4,1.7,156.3,1472.0,27.0,75.1,15389.0,6,1,0
2025-08-31 12:00:00,CNC-006,70.4,1.51,152.4,1461.0,26.3,73.5,15394.0,6,16,0
2025-08-31 18:00:00,CNC-006,68.4,1.58,154.2,1451.0,25.9,75.1,15398.0,6,1,0
2025-09-01 00:00:00,CNC-006,70.1,1.4,154.7,1482.0,24.9,71.4,15404.0,6,2,0
2025-09-01 06:00:00,CNC-006,74.9,1.43,157.4,1465.0,25.5,68.8,15410.0,6,17,0
2025-09-01 12:00:00,CNC-006,71.3,1.44,153.0,1468.0,25.8,74.8,15416.0,6,17,0
2025-09-01 18:00:00,CNC-006,68.3,1.65,153.8,1466.0,26.2,72.5,15422.0,6,2,0
2025-09-02 00:00:00,CNC-006,71.3,1.44,155.3,1464.0,25.7,72.1,15427.0,6,63,0
2025-09-02 06:00:00,CNC-006,73.7,1.47,153.5,1464.0,25.9,71.5,15431.0,6,3,0
2025-09-02 12:00:00,CNC-006,71.6,1.61,156.6,1456.0,26.4,73.7,15437.0,6,18,0
2025-09-02 18:00:00,CNC-006,68.4,1.5,157.1,1465.0,25.3,66.3,15442.0,6,63,0
2025-09-03 00:00:00,CNC-006,70.7,1.52,156.6,1458.0,25.4,70.9,15448.0,6,64,0
2025-09-03 06:00:00,CNC-006,75.1,1.37,153.3,1477.0,25.9,70.3,15452.0,6,4,0
2025-09-03 12:00:00,CNC-006,71.7,2.1,157.2,1463.0,27.0,71.9,15457.0,6,64,0
2025-09-03 18:00:00,CNC-006,69.7,1.86,153.6,1464.0,27.5,71.1,15463.0,6,64,0
2025-09-04 00:00:00,CNC-006,71.1,1.54,156.4,1455.0,26.3,74.3,15467.0,6,65,0
2025-09-04 06:00:00,CNC-006,74.0,1.51,154.1,1458.0,25.9,72.6,15471.0,6,5,0
2025-09-04 12:00:00,CNC-006,71.6,1.74,154.3,1467.0,26.3,74.8,15476.0,6,5,0
2025-09-04 18:00:00,CNC-006,70.2,1.61,154.2,1459.0,25.9,70.6,15481.0,6,5,0
2025-09-05 00:00:00,CNC-006,74.2,1.51,153.1,1470.0,26.4,71.7,15486.0,6,66,0
2025-09-05 06:00:00,CNC-006,75.1,1.46,154.4,1466.0,26.3,73.3,15491.0,6,6,0
2025-09-05 12:00:00,CNC-006,71.8,1.37,153.0,1481.0,25.8,72.6,15497.0,6,6,0
2025-09-05 18:00:00,CNC-006,69.2,1.38,155.7,1458.0,25.3,75.8,15503.0,6,21,0
2025-09-06 00:00:00,CNC-006,70.9,1.39,155.5,1461.0,26.2,75.0,15509.0,6,67,0
2025-09-06 06:00:00,CNC-006,74.6,1.41,151.7,1473.0,26.0,73.1,15515.0,6,7,0
2025-09-06 12:00:00,CNC-006,71.6,1.59,155.3,1470.0,26.1,72.5,15520.0,6,22,0
2025-09-06 18:00:00,CNC-006,70.3,1.75,150.9,1478.0,26.2,70.9,15525.0,6,67,0
2025-09-07 00:00:00,CNC-006,71.5,1.39,155.8,1470.0,24.6,71.3,15531.0,6,23,0
2025-09-07 06:00:00,CNC-006,74.0,1.5,156.5,1473.0,26.4,71.8,15535.0,6,23,0
2025-09-07 12:00:00,CNC-006,69.8,1.41,155.5,1468.0,25.9,72.3,15539.0,6,23,0
2025-09-07 18:00:00,CNC-006,68.7,1.47,154.4,1467.0,24.9,70.5,15544.0,6,8,0
2025-09-08 00:00:00,CNC-006,72.1,1.72,156.3,1461.0,26.2,71.0,15549.0,6,9,0
2025-09-08 06:00:00,CNC-006,75.2,1.45,157.7,1475.0,25.6,68.9,15553.0,6,24,0
2025-09-08 12:00:00,CNC-006,72.0,1.44,157.0,1463.0,25.7,73.5,15558.0,6,9,0
2025-09-08 18:00:00,CNC-006,71.0,1.47,153.5,1473.0,26.2,72.9,15563.0,6,69,0
2025-09-09 00:00:00,CNC-006,70.7,1.38,159.6,1476.0,25.0,70.6,15567.0,6,70,0
2025-09-09 06:00:00,CNC-006,72.0,1.48,156.6,1459.0,25.2,70.7,15571.0,6,25,0
2025-09-09 12:00:00,CNC-006,72.1,1.87,155.8,1474.0,26.8,70.2,15577.0,6,10,0
2025-09-09 18:00:00,CNC-006,68.4,1.39,156.0,1475.0,24.7,68.9,15581.0,6,70,0
2025-09-10 00:00:00,CNC-006,71.5,1.76,157.7,1468.0,26.9,73.9,15585.0,6,71,0
2025-09-10 06:00:00,CNC-006,72.2,1.59,154.7,1465.0,26.2,72.4,15590.0,6,11,0
2025-09-10 12:00:00,CNC-006,69.3,1.76,156.2,1474.0,26.1,74.8,15596.0,6,26,0
2025-09-10 18:00:00,CNC-006,71.7,1.45,155.9,1460.0,25.3,73.1,15600.0,6,11,0
2025-09-11 00:00:00,CNC-006,71.4,1.4,151.1,1465.0,24.6,68.8,15605.0,6,72,0
2025-09-11 06:00:00,CNC-006,71.9,1.62,156.8,1468.0,27.2,67.9,15610.0,6,27,0
2025-09-11 12:00:00,CNC-006,73.3,1.47,155.6,1458.0,26.0,71.8,15615.0,6,12,0
2025-09-11 18:00:00,CNC-006,67.8,1.57,151.8,1459.0,25.6,70.7,15621.0,6,72,0
2025-09-12 00:00:00,CNC-006,70.6,1.5,152.5,1463.0,25.7,71.8,15626.0,6,73,0
2025-09-12 06:00:00,CNC-006,72.5,1.44,155.2,1450.0,26.4,72.3,15632.0,6,13,0
2025-09-12 12:00:00,CNC-006,72.7,1.56,152.3,1472.0,26.4,70.9,15637.0,6,13,0
2025-09-12 18:00:00,CNC-006,69.2,1.39,153.1,1483.0,26.1,72.8,15643.0,6,13,0
2025-09-13 00:00:00,CNC-006,71.7,1.41,152.5,1473.0,25.2,72.6,15648.0,6,29,0
2025-09-13 06:00:00,CNC-006,74.2,1.56,158.1,1468.0,26.2,71.0,15653.0,6,29,0
2025-09-13 12:00:00,CNC-006,69.8,1.36,152.1,1465.0,26.1,73.3,15659.0,6,29,0
2025-09-13 18:00:00,CNC-006,69.4,1.39,152.0,1473.0,25.6,70.4,15665.0,6,29,0
2025-09-14 00:00:00,CNC-006,72.4,1.43,155.9,1460.0,26.3,71.4,15669.0,6,75,0
2025-09-14 06:00:00,CNC-006,73.3,1.44,152.2,1461.0,25.4,68.9,15673.0,6,15,0
2025-09-14 12:00:00,CNC-006,71.1,1.5,153.7,1474.0,25.5,73.5,15678.0,6,75,0
2025-09-14 18:00:00,CNC-006,69.1,1.49,153.4,1460.0,26.1,72.3,15685.0,6,15,0
2025-09-15 00:00:00,CNC-006,71.2,1.57,153.4,1461.0,26.0,73.2,15690.0,6,31,0
2025-09-15 06:00:00,CNC-006,74.3,1.54,156.1,1460.0,26.3,74.0,15695.0,6,31,0
2025-09-15 12:00:00,CNC-006,70.7,1.41,154.1,1475.0,25.2,70.0,15701.0,6,31,0
2025-09-15 18:00:00,CNC-006,69.9,1.54,156.7,1456.0,25.4,73.6,15706.0,6,76,0
2025-09-16 00:00:00,CNC-006,71.4,1.39,155.7,1462.0,24.7,72.7,15712.0,6,17,0
2025-09-16 06:00:00,CNC-006,72.3,1.55,155.3,1468.0,25.4,70.7,15718.0,6,77,0
2025-09-16 12:00:00,CNC-006,71.7,1.55,152.7,1467.0,26.7,70.3,15723.0,6,77,0
2025-09-16 18:00:00,CNC-006,71.0,1.54,155.4,1478.0,25.9,66.7,15729.0,6,32,0
2025-09-17 00:00:00,CNC-006,72.5,1.37,153.1,1459.0,24.9,69.2,15734.0,6,18,0
2025-09-17 06:00:00,CNC-006,72.1,1.4,157.4,1451.0,25.4,71.1,15739.0,6,33,0
2025-09-17 12:00:00,CNC-006,69.7,1.79,155.3,1458.0,26.2,72.0,15744.0,6,78,0
2025-09-17 18:00:00,CNC-006,70.0,1.36,156.3,1470.0,25.7,71.3,15749.0,6,18,0
2025-09-18 00:00:00,CNC-006,70.6,1.38,155.6,1459.0,25.7,71.1,15753.0,6,34,0
2025-09-18 06:00:00,CNC-006,73.5,1.38,153.8,1461.0,25.7,73.1,15759.0,6,79,0
2025-09-18 12:00:00,CNC-006,72.6,1.51,152.0,1458.0,26.2,77.0,15764.0,6,79,0
2025-09-18 18:00:00,CNC-006,71.2,1.4,154.0,1471.0,25.2,73.1,15770.0,6,19,0
2025-09-19 00:00:00,CNC-006,71.8,1.96,154.3,1456.0,26.6,72.1,15775.0,6,80,0
2025-09-19 06:00:00,CNC-006,74.3,2.01,154.8,1463.0,27.6,72.5,15780.0,6,35,0
2025-09-19 12:00:00,CNC-006,72.6,1.41,154.4,1471.0,26.4,72.2,15786.0,6,35,0
2025-09-19 18:00:00,CNC-006,69.9,1.4,154.1,1447.0,26.4,75.2,15792.0,6,35,0
2025-09-20 00:00:00,CNC-006,73.3,1.57,152.7,1478.0,27.1,72.6,15796.0,6,81,0
2025-09-20 06:00:00,CNC-006,74.1,1.51,154.9,1464.0,26.5,73.7,15801.0,6,36,0
2025-09-20 12:00:00,CNC-006,72.1,1.4,153.0,1453.0,25.6,75.1,15806.0,6,81,0
2025-09-20 18:00:00,CNC-006,69.1,1.57,155.0,1468.0,25.1,75.3,15810.0,6,21,0
2025-09-21 00:00:00,CNC-006,73.6,1.42,153.6,1455.0,25.5,72.2,15816.0,6,37,0
2025-09-21 06:00:00,CNC-006,73.3,1.37,152.0,1470.0,26.2,74.2,15822.0,6,37,0
2025-09-21 12:00:00,CNC-006,71.7,1.42,151.0,1459.0,26.2,75.6,15828.0,6,37,0
2025-09-21 18:00:00,CNC-006,67.6,1.55,152.0,1463.0,25.2,69.9,15834.0,6,37,0
2025-09-22 00:00:00,CNC-006,71.6,1.51,153.7,1470.0,25.2,73.5,15840.0,6,38,0
2025-09-22 06:00:00,CNC-006,73.5,1.64,155.9,1460.0,26.0,70.4,15846.0,6,23,0
2025-09-22 12:00:00,CNC-006,72.6,1.6,153.2,1468.0,26.5,69.2,15850.0,6,23,0
2025-09-22 18:00:00,CNC-006,69.2,1.37,153.9,1461.0,25.3,72.6,15854.0,6,38,0
2025-09-23 00:00:00,CNC-006,73.2,1.43,158.3,1451.0,24.3,70.9,15859.0,6,24,0
2025-09-23 06:00:00,CNC-006,72.6,1.43,152.4,1454.0,26.1,73.8,15865.0,6,24,0
2025-09-23 12:00:00,CNC-006,73.9,1.38,156.8,1448.0,26.1,70.3,15870.0,6,84,0
2025-09-23 18:00:00,CNC-006,69.3,1.47,152.1,1464.0,25.5,71.7,15874.0,6,39,0
2025-09-24 00:00:00,CNC-006,72.4,1.5,157.0,1460.0,26.3,71.7,15879.0,6,25,0
2025-09-24 06:00:00,CNC-006,74.3,1.36,155.5,1462.0,25.1,70.7,15884.0,6,85,0
2025-09-24 12:00:00,CNC-006,70.8,1.54,154.5,1468.0,25.9,71.1,15889.0,6,85,0
2025-09-24 18:00:00,CNC-006,71.1,1.39,154.0,1471.0,24.8,71.9,15893.0,6,25,0
2025-09-25 00:00:00,CNC-006,70.2,1.4,155.0,1471.0,25.4,69.5,15898.0,6,86,0
2025-09-25 06:00:00,CNC-006,73.8,1.4,156.5,1458.0,25.8,70.2,15904.0,6,26,0
2025-09-25 12:00:00,CNC-006,72.1,1.53,155.7,1465.0,26.0,70.3,15909.0,6,86,0
2025-09-25 18:00:00,CNC-006,69.3,1.43,155.3,1444.0,24.3,71.4,15916.0,6,86,0
2025-09-26 00:00:00,CNC-006,73.6,1.53,156.0,1481.0,26.1,71.4,15922.0,6,27,0
2025-09-26 06:00:00,CNC-006,72.5,1.41,151.8,1462.0,26.7,72.5,15927.0,6,27,0
2025-09-26 12:00:00,CNC-006,69.7,1.45,153.7,1455.0,25.0,73.6,15931.0,6,27,0
2025-09-26 18:00:00,CNC-006,68.3,1.39,154.3,1455.0,25.1,73.1,15937.0,6,87,0
2025-09-27 00:00:00,CNC-006,70.3,1.37,151.1,1455.0,24.9,69.8,15942.0,6,88,0
2025-09-27 06:00:00,CNC-006,73.6,1.39,150.8,1462.0,25.6,72.4,15947.0,6,88,0
2025-09-27 12:00:00,CNC-006,71.0,1.6,152.0,1454.0,26.0,69.7,15952.0,6,28,0
2025-09-27 18:00:00,CNC-006,69.3,1.58,153.1,1464.0,25.6,70.3,15958.0,6,28,0
2025-09-28 00:00:00,CNC-006,70.4,1.48,156.9,1458.0,25.1,70.0,15963.0,6,29,0
2025-09-28 06:00:00,CNC-006,76.9,1.49,155.5,1456.0,26.1,71.7,15968.0,6,89,0
2025-09-28 12:00:00,CNC-006,72.5,1.51,156.7,1458.0,25.4,71.2,15974.0,6,29,0
2025-09-28 18:00:00,CNC-006,70.8,1.41,156.0,1472.0,24.8,76.5,15979.0,6,89,0
2025-09-29 00:00:00,CNC-006,72.4,1.45,153.0,1467.0,25.3,68.4,15984.0,6,0,0
2025-09-29 06:00:00,CNC-006,74.5,1.41,153.5,1448.0,25.8,72.0,15990.0,6,30,0
2025-09-29 12:00:00,CNC-006,71.2,1.72,154.3,1463.0,25.3,76.0,15996.0,6,0,0
2025-09-29 18:00:00,CNC-006,69.9,1.76,152.6,1461.0,26.4,72.1,16001.0,6,0,0
2025-09-30 00:00:00,CNC-006,73.0,1.45,151.5,1457.0,25.6,69.1,16006.0,6,1,0
2025-09-30 06:00:00,CNC-006,75.6,1.47,157.5,1464.0,26.3,73.6,16011.0,6,1,0
2025-09-30 12:00:00,CNC-006,71.2,1.48,153.8,1463.0,24.6,72.6,16016.0,6,31,0
2025-09-30 18:00:00,CNC-006,69.1,1.39,159.4,1465.0,25.6,74.3,16021.0,6,1,0
2025-10-01 00:00:00,CNC-006,71.1,1.37,154.1,1475.0,26.1,70.8,16026.0,6,2,0
2025-10-01 06:00:00,CNC-006,71.3,1.4,151.5,1457.0,25.7,70.3,16032.0,6,2,0
2025-10-01 12:00:00,CNC-006,72.2,1.4,155.0,1461.0,25.8,72.3,16037.0,6,2,0
2025-10-01 18:00:00,CNC-006,67.9,1.48,152.9,1471.0,25.2,74.7,16042.0,6,2,0
2025-10-02 00:00:00,CNC-006,72.7,1.37,155.7,1470.0,25.1,72.5,16046.0,6,33,0
2025-10-02 06:00:00,CNC-006,73.2,1.37,156.6,1441.0,26.4,70.3,16050.0,6,33,0
2025-10-02 12:00:00,CNC-006,69.7,1.49,153.4,1458.0,25.1,73.9,16055.0,6,33,0
2025-10-02 18:00:00,CNC-006,67.9,1.54,154.3,1453.0,25.1,69.9,16060.0,6,33,0
2025-10-03 00:00:00,CNC-006,71.5,2.16,152.1,1454.0,27.4,75.1,16065.0,6,4,0
2025-10-03 06:00:00,CNC-006,71.9,1.38,152.9,1462.0,25.4,71.6,16071.0,6,4,0
2025-10-03 12:00:00,CNC-006,70.3,1.39,152.9,1471.0,25.7,70.0,16077.0,6,4,0
2025-10-03 18:00:00,CNC-006,70.6,1.47,156.9,1473.0,24.8,69.0,16082.0,6,4,0
2025-10-04 00:00:00,CNC-006,70.1,1.53,155.0,1456.0,25.7,71.5,16087.0,6,5,0
2025-10-04 06:00:00,CNC-006,74.4,1.36,153.4,1465.0,25.6,73.0,16091.0,6,5,0
2025-10-04 12:00:00,CNC-006,71.5,1.52,156.6,1454.0,25.4,74.0,16097.0,6,5,0
2025-10-04 18:00:00,CNC-006,69.2,1.53,156.3,1486.0,25.7,73.1,16103.0,6,5,0
2025-10-05 00:00:00,CNC-006,70.6,1.43,154.2,1471.0,25.2,73.3,16108.0,6,6,0
2025-10-05 06:00:00,CNC-006,75.5,1.42,149.9,1470.0,25.6,71.8,16113.0,6,36,0
2025-10-05 12:00:00,CNC-006,71.7,1.67,152.3,1463.0,25.7,70.1,16119.0,6,6,0
2025-10-05 18:00:00,CNC-006,70.1,2.16,154.6,1463.0,27.3,70.4,16124.0,6,36,0
2025-10-06 00:00:00,CNC-006,70.9,1.39,155.5,1450.0,26.6,73.2,16130.0,6,7,0
2025-10-06 06:00:00,CNC-006,73.1,1.56,151.1,1465.0,27.0,70.1,16134.0,6,7,0
2025-10-06 12:00:00,CNC-006,71.6,1.38,155.8,1462.0,25.9,76.0,16140.0,6,7,0
2025-10-06 18:00:00,CNC-006,69.3,1.39,153.7,1481.0,25.6,74.2,16145.0,6,7,0
2025-10-07 00:00:00,CNC-006,72.4,1.4,156.3,1467.0,26.5,71.8,16151.0,6,38,0
2025-10-07 06:00:00,CNC-006,73.6,1.36,159.3,1458.0,25.6,73.0,16156.0,6,8,0
2025-10-07 12:00:00,CNC-006,70.0,1.49,154.0,1464.0,25.6,70.8,16161.0,6,8,0
2025-10-07 18:00:00,CNC-006,68.3,1.7,156.6,1474.0,26.1,71.1,16165.0,6,8,0
2025-10-08 00:00:00,CNC-006,72.4,1.44,155.6,1451.0,25.6,76.0,16171.0,6,9,0
2025-10-08 06:00:00,CNC-006,73.8,1.59,152.5,1461.0,27.3,71.6,16176.0,6,39,0
2025-10-08 12:00:00,CNC-006,70.1,1.4,154.7,1461.0,25.1,70.0,16181.0,6,9,0
2025-10-08 18:00:00,CNC-006,70.6,1.43,154.7,1470.0,25.8,67.9,16185.0,6,39,0
2025-10-09 00:00:00,CNC-006,72.1,1.73,157.7,1469.0,27.1,74.9,16191.0,6,40,0
2025-10-09 06:00:00,CNC-006,73.0,1.43,156.5,1463.0,26.2,74.6,16196.0,6,10,0
2025-10-09 12:00:00,CNC-006,71.9,1.48,154.5,1456.0,25.3,71.2,16202.0,6,10,0
2025-10-09 18:00:00,CNC-006,69.5,1.42,150.6,1455.0,25.2,69.2,16208.0,6,40,0
2025-10-10 00:00:00,CNC-006,73.6,1.78,153.2,1455.0,28.4,70.4,16214.0,6,41,0
2025-10-10 06:00:00,CNC-006,73.9,1.7,152.9,1474.0,26.6,73.7,16219.0,6,11,0
2025-10-10 12:00:00,CNC-006,70.0,1.6,155.5,1461.0,25.6,75.0,16225.0,6,11,0
2025-10-10 18:00:00,CNC-006,71.5,1.57,153.3,1451.0,25.2,70.9,16230.0,6,11,0
2025-10-11 00:00:00,CNC-006,73.5,1.81,152.8,1457.0,27.1,71.5,16235.0,6,12,0
2025-10-11 06:00:00,CNC-006,75.0,1.87,155.1,1461.0,27.5,70.3,16241.0,6,12,0
2025-10-11 12:00:00,CNC-006,72.5,1.8,150.9,1471.0,26.4,73.9,16246.0,6,12,0
2025-10-11 18:00:00,CNC-006,72.1,1.63,150.2,1455.0,25.7,73.6,16251.0,6,42,0
2025-10-12 00:00:00,CNC-006,75.7,2.08,152.9,1446.0,27.5,75.2,16257.0,6,13,0
2025-10-12 06:00:00,CNC-006,77.7,2.31,153.1,1446.0,28.0,75.6,16261.0,6,43,0
2025-10-12 12:00:00,CNC-006,75.5,2.07,152.3,1453.0,27.9,75.7,16267.0,6,13,0
2025-10-12 18:00:00,CNC-006,70.7,1.99,149.2,1447.0,26.4,70.2,16271.0,6,13,0
2025-10-13 00:00:00,CNC-006,74.2,2.53,151.9,1456.0,28.7,75.8,16277.0,6,44,0
2025-10-13 06:00:00,CNC-006,75.9,1.87,150.1,1449.0,27.2,79.4,16281.0,6,14,0
2025-10-13 12:00:00,CNC-006,74.3,2.52,150.6,1460.0,29.3,76.3,16288.0,6,44,0
2025-10-13 18:00:00,CNC-006,74.1,2.76,151.1,1451.0,29.8,78.0,16293.0,6,44,0
2025-10-14 00:00:00,CNC-006,73.9,2.47,149.4,1456.0,28.9,76.2,16297.0,6,15,0
2025-10-14 06:00:00,CNC-006,77.5,2.66,149.1,1460.0,30.8,75.4,16302.0,6,15,0
2025-10-14 12:00:00,CNC-006,75.0,2.26,147.7,1463.0,29.4,76.9,16308.0,6,45,0
2025-10-14 18:00:00,CNC-006,75.3,2.74,149.6,1446.0,30.5,73.4,16314.0,6,15,0
2025-10-15 00:00:00,CNC-006,76.0,3.04,151.6,1443.0,30.9,71.8,16319.0,6,16,0
2025-10-15 06:00:00,CNC-006,76.8,3.68,151.2,1442.0,32.2,75.8,16326.0,6,46,0
2025-10-15 12:00:00,CNC-006,74.6,2.87,150.0,1438.0,28.5,80.1,16330.0,6,16,0
2025-10-15 18:00:00,CNC-006,74.0,2.68,148.2,1454.0,28.9,78.2,16334.0,6,46,0
2025-10-16 00:00:00,CNC-006,75.4,2.92,152.3,1443.0,30.0,77.5,16339.0,6,47,1
2025-10-16 06:00:00,CNC-006,80.9,2.62,150.9,1442.0,31.0,81.5,16345.0,6,17,1
2025-10-16 12:00:00,CNC-006,75.6,3.08,146.5,1453.0,31.1,80.8,16350.0,6,17,1
2025-10-16 18:00:00,CNC-006,73.3,2.87,147.1,1432.0,30.5,73.9,16356.0,6,47,1
2025-10-17 00:00:00,CNC-006,80.7,3.4,150.4,1451.0,31.5,79.0,16360.0,6,48,1
2025-10-17 06:00:00,CNC-006,77.0,3.23,150.7,1454.0,31.7,81.7,16366.0,6,18,1
2025-10-17 12:00:00,CNC-006,76.4,2.8,148.8,1440.0,30.2,78.5,16372.0,6,18,1
2025-10-17 18:00:00,CNC-006,78.0,3.53,144.8,1451.0,32.4,75.5,16376.0,6,18,1
2025-10-18 00:00:00,CNC-006,77.2,3.41,149.3,1449.0,31.7,76.3,16381.0,6,19,1
2025-10-18 06:00:00,CNC-006,77.9,3.0,151.3,1435.0,32.3,80.4,16386.0,6,49,1
2025-10-18 12:00:00,CNC-006,83.4,2.87,146.6,1444.0,31.1,80.1,16391.0,6,49,1
2025-10-18 18:00:00,CNC-006,75.7,4.3,150.2,1417.0,34.3,73.8,16396.0,6,19,1
2025-10-19 00:00:00,CNC-006,76.9,4.14,146.8,1435.0,33.9,81.3,16402.0,6,50,1
2025-10-19 06:00:00,CNC-006,80.0,3.29,144.6,1433.0,30.9,74.3,16406.0,6,50,1
2025-10-19 12:00:00,CNC-006,81.4,2.79,147.6,1409.0,31.4,74.9,16412.0,6,20,1
2025-10-19 18:00:00,CNC-006,79.4,2.7,143.3,1424.0,30.7,77.6,16417.0,6,20,1
2025-10-20 00:00:00,CNC-006,81.6,3.83,142.2,1431.0,33.1,79.1,16422.0,6,21,1
2025-10-20 06:00:00,CNC-006,80.7,3.14,149.0,1447.0,31.4,78.9,16426.0,6,21,1
2025-10-20 12:00:00,CNC-006,87.1,2.98,145.8,1437.0,33.6,75.8,16431.0,6,21,1
2025-10-20 18:00:00,CNC-006,81.8,4.25,149.9,1440.0,34.9,77.1,16436.0,6,51,1
2025-10-21 00:00:00,CNC-006,80.9,4.41,148.7,1451.0,34.3,84.6,16441.0,6,22,1
2025-10-21 06:00:00,CNC-006,89.0,2.98,146.1,1413.0,33.6,81.0,16445.0,6,22,1
2025-10-21 12:00:00,CNC-006,85.2,2.98,148.0,1462.0,34.1,79.1,16451.0,6,22,1
2025-10-21 18:00:00,CNC-006,77.5,4.21,150.0,1449.0,33.9,81.7,16457.0,6,22,1
2025-10-22 00:00:00,CNC-006,82.7,3.07,142.7,1430.0,32.1,85.0,16463.0,6,53,1
2025-10-22 06:00:00,CNC-006,88.4,5.29,148.2,1425.0,36.0,78.8,16467.0,6,23,1
2025-10-22 12:00:00,CNC-006,83.6,4.23,149.6,1461.0,34.7,79.0,16473.0,6,23,1
2025-10-22 18:00:00,CNC-006,85.3,2.98,143.5,1416.0,31.6,78.6,16478.0,6,23,1
2025-10-23 00:00:00,CNC-006,78.8,3.2,150.1,1434.0,31.4,79.7,16483.0,6,54,1
2025-10-23 06:00:00,CNC-006,80.6,4.29,146.8,1440.0,34.7,83.0,16488.0,6,24,1
2025-10-23 12:00:00,CNC-006,78.8,3.62,140.2,1436.0,31.9,76.8,16493.0,6,24,1
2025-10-23 18:00:00,CNC-006,82.3,4.04,151.6,1407.0,35.5,78.6,16500.0,6,24,1
2025-10-24 00:00:00,CNC-006,78.4,4.7,143.5,1419.0,36.0,82.7,16505.0,6,25,1
2025-10-24 06:00:00,CNC-006,86.2,3.79,147.3,1421.0,35.5,77.1,16511.0,6,25,1
2025-10-24 12:00:00,CNC-006,78.2,3.82,148.1,1447.0,34.5,83.1,16516.0,6,25,1
2025-10-24 18:00:00,CNC-006,80.2,4.23,146.0,1409.0,34.4,82.6,16522.0,6,55,1
2025-10-25 00:00:00,CNC-006,85.1,3.3,150.2,1438.0,34.8,81.1,16527.0,6,26,1
2025-10-25 06:00:00,CNC-006,83.2,4.31,142.3,1411.0,35.1,80.3,16533.0,6,26,1
2025-10-25 12:00:00,CNC-006,86.7,4.15,146.3,1434.0,34.4,82.0,16537.0,6,56,1
2025-10-25 18:00:00,CNC-006,79.7,3.36,147.3,1433.0,32.0,79.9,16542.0,6,26,1
2025-10-26 00:00:00,CNC-006,81.1,3.54,143.0,1438.0,32.9,82.0,16548.0,6,27,1
2025-10-26 06:00:00,CNC-006,85.1,2.87,144.1,1427.0,32.9,76.1,16554.0,6,27,1
2025-10-26 12:00:00,CNC-006,82.9,4.06,143.6,1407.0,34.5,90.6,16559.0,6,57,1
2025-10-26 18:00:00,CNC-006,77.2,3.7,144.5,1412.0,32.5,86.3,16565.0,6,57,1
2025-10-27 00:00:00,CNC-006,69.9,1.97,152.3,1460.0,25.6,71.0,16570.0,6,58,0
2025-10-27 06:00:00,CNC-006,73.2,1.36,153.7,1482.0,25.9,69.8,16576.0,6,58,0
2025-10-27 12:00:00,CNC-006,71.0,1.46,155.1,1446.0,25.7,68.6,16581.0,6,28,0
2025-10-27 18:00:00,CNC-006,69.1,1.54,156.7,1472.0,25.5,74.9,16585.0,6,28,0
2025-10-28 00:00:00,CNC-006,72.2,1.48,153.9,1457.0,26.4,73.4,16590.0,6,29,0
2025-10-28 06:00:00,CNC-006,72.0,1.39,151.3,1466.0,26.5,71.7,16596.0,6,59,0
2025-10-28 12:00:00,CNC-006,70.8,1.41,154.1,1471.0,26.2,73.2,16600.0,6,29,0
2025-10-28 18:00:00,CNC-006,69.0,1.46,154.0,1460.0,25.9,72.8,16605.0,6,29,0
2025-10-29 00:00:00,CNC-006,70.3,1.69,155.7,1466.0,25.3,71.3,16610.0,6,30,0
2025-10-29 06:00:00,CNC-006,73.2,1.38,150.6,1465.0,25.6,70.2,16616.0,6,30,0
2025-10-29 12:00:00,CNC-006,72.2,1.54,154.8,1463.0,25.5,72.9,16621.0,6,0,0
2025-10-29 18:00:00,CNC-006,69.1,1.39,154.3,1466.0,24.6,73.0,16625.0,6,30,0
2025-10-30 00:00:00,CNC-006,72.5,1.4,150.2,1466.0,25.9,71.5,16631.0,6,31,0
2025-10-30 06:00:00,CNC-006,73.3,1.46,156.5,1464.0,26.1,70.6,16636.0,6,31,0
2025-10-30 12:00:00,CNC-006,70.5,1.36,152.1,1459.0,26.0,71.3,16642.0,6,31,0
2025-10-30 18:00:00,CNC-006,70.1,1.49,152.2,1473.0,24.8,71.9,16647.0,6,31,0
2025-10-31 00:00:00,CNC-006,69.7,1.53,155.1,1468.0,26.6,68.0,16653.0,6,32,0
2025-10-31 06:00:00,CNC-006,75.1,1.42,153.5,1451.0,25.7,71.9,16658.0,6,32,0
2025-10-31 12:00:00,CNC-006,70.5,1.4,153.4,1472.0,25.7,68.9,16663.0,6,2,0
2025-10-31 18:00:00,CNC-006,69.5,1.41,151.7,1480.0,25.4,68.6,16667.0,6,32,0
2025-11-01 00:00:00,CNC-006,70.4,1.5,154.9,1449.0,25.9,73.1,16673.0,6,33,0
2025-11-01 06:00:00,CNC-006,71.5,1.38,156.5,1475.0,25.0,72.7,16678.0,6,33,0
2025-11-01 12:00:00,CNC-006,69.7,1.4,152.4,1455.0,24.6,76.6,16682.0,6,3,0
2025-11-01 18:00:00,CNC-006,69.5,1.6,155.3,1462.0,26.0,75.7,16686.0,6,33,0
2025-11-02 00:00:00,CNC-006,69.6,1.47,152.2,1469.0,25.6,72.1,16692.0,6,4,0
2025-11-02 06:00:00,CNC-006,73.5,1.39,149.9,1465.0,25.5,74.3,16698.0,6,34,0
2025-11-02 12:00:00,CNC-006,71.2,1.36,156.7,1483.0,25.6,70.8,16703.0,6,4,0
2025-11-02 18:00:00,CNC-006,67.7,1.56,155.2,1476.0,25.6,68.6,16708.0,6,4,0
2025-11-03 00:00:00,CNC-006,70.0,1.5,152.6,1475.0,26.6,72.5,16713.0,6,35,0
2025-11-03 06:00:00,CNC-006,73.1,1.37,154.9,1480.0,24.9,68.8,16718.0,6,35,0
2025-11-03 12:00:00,CNC-006,73.0,1.67,155.1,1469.0,26.6,70.3,16723.0,6,35,0
2025-11-03 18:00:00,CNC-006,69.4,1.76,155.0,1459.0,25.9,67.8,16729.0,6,35,0
2025-11-04 00:00:00,CNC-006,70.2,1.36,156.7,1467.0,25.9,69.2,16734.0,6,6,0
2025-11-04 06:00:00,CNC-006,73.2,1.62,150.3,1470.0,26.8,76.7,16738.0,6,36,0
2025-11-04 12:00:00,CNC-006,71.7,1.67,152.5,1465.0,27.4,72.8,16745.0,6,36,0
2025-11-04 18:00:00,CNC-006,68.3,1.45,154.9,1465.0,25.2,72.1,16749.0,6,6,0
2025-11-05 00:00:00,CNC-006,67.5,1.43,155.7,1465.0,24.9,72.4,16755.0,6,37,0
2025-11-05 06:00:00,CNC-006,72.3,1.4,156.9,1458.0,25.8,73.0,16760.0,6,37,0
2025-11-05 12:00:00,CNC-006,71.3,1.57,155.6,1470.0,25.8,72.3,16766.0,6,37,0
2025-11-05 18:00:00,CNC-006,69.0,1.39,153.9,1475.0,25.3,71.7,16772.0,6,37,0
2025-11-06 00:00:00,CNC-006,70.5,1.5,156.1,1469.0,26.1,70.9,16778.0,6,38,0
2025-11-06 06:00:00,CNC-006,71.8,1.64,155.0,1460.0,26.0,74.5,16783.0,6,38,0
2025-11-06 12:00:00,CNC-006,72.0,1.58,152.0,1471.0,25.6,75.2,16789.0,6,38,0
2025-11-06 18:00:00,CNC-006,69.6,1.42,150.8,1474.0,25.7,69.6,16795.0,6,38,0
2025-11-07 00:00:00,CNC-006,71.2,1.6,155.7,1467.0,25.6,73.3,16799.0,6,39,0
2025-11-07 06:00:00,CNC-006,71.6,1.53,154.9,1459.0,25.4,71.0,16805.0,6,9,0
2025-11-07 12:00:00,CNC-006,68.8,1.37,151.9,1452.0,24.0,70.4,16811.0,6,39,0
2025-11-07 18:00:00,CNC-006,68.9,1.41,153.7,1452.0,25.1,74.3,16816.0,6,39,0
2025-11-08 00:00:00,CNC-006,69.9,1.4,157.9,1471.0,25.5,73.0,16821.0,6,40,0
2025-11-08 06:00:00,CNC-006,72.4,1.51,153.4,1469.0,26.7,72.3,16827.0,6,40,0
2025-11-08 12:00:00,CNC-006,70.2,1.37,147.9,1459.0,25.7,72.5,16832.0,6,10,0
2025-11-08 18:00:00,CNC-006,67.3,1.54,155.9,1463.0,25.5,75.8,16837.0,6,10,0
2025-11-09 00:00:00,CNC-006,70.9,1.83,155.9,1455.0,26.6,74.9,16842.0,6,11,0
2025-11-09 06:00:00,CNC-006,71.0,1.61,154.4,1475.0,25.8,70.6,16847.0,6,11,0
2025-11-09 12:00:00,CNC-006,70.9,1.57,153.3,1451.0,25.5,70.2,16853.0,6,41,0
2025-11-09 18:00:00,CNC-006,67.9,1.5,153.5,1461.0,25.6,72.2,16857.0,6,41,0
2025-11-10 00:00:00,CNC-006,70.2,1.49,151.9,1464.0,26.6,72.7,16863.0,6,42,0
2025-11-10 06:00:00,CNC-006,72.2,1.42,153.4,1456.0,26.0,72.7,16868.0,6,42,0
2025-11-10 12:00:00,CNC-006,69.9,1.56,155.2,1469.0,25.9,73.0,16873.0,6,42,0
2025-11-10 18:00:00,CNC-006,68.5,1.63,153.8,1459.0,25.3,75.5,16878.0,6,12,0
2025-11-11 00:00:00,CNC-006,71.2,1.42,151.6,1462.0,25.9,72.1,16884.0,6,13,0
2025-11-11 06:00:00,CNC-006,72.4,1.51,154.0,1461.0,25.8,68.9,16889.0,6,43,0
2025-11-11 12:00:00,CNC-006,68.1,1.39,155.1,1456.0,24.9,71.1,16896.0,6,43,0
2025-11-11 18:00:00,CNC-006,67.3,1.76,151.1,1455.0,25.0,71.0,16900.0,6,43,0
2025-11-12 00:00:00,CNC-006,68.9,1.4,156.8,1460.0,24.8,73.6,16905.0,6,44,0
2025-11-12 06:00:00,CNC-006,72.1,1.64,152.4,1459.0,26.2,72.3,16909.0,6,44,0
2025-11-12 12:00:00,CNC-006,69.0,1.37,158.3,1487.0,24.9,72.7,16915.0,6,44,0
2025-11-12 18:00:00,CNC-006,68.6,1.4,155.9,1462.0,24.5,74.9,16920.0,6,14,0
2025-11-13 00:00:00,CNC-006,69.0,1.71,155.0,1469.0,26.2,71.8,16926.0,6,45,0
2025-11-13 06:00:00,CNC-006,73.1,1.37,155.0,1458.0,25.4,72.1,16931.0,6,15,0
2025-11-13 12:00:00,CNC-006,71.1,2.07,158.6,1453.0,26.7,73.1,16938.0,6,0,0
2025-11-13 18:00:00,CNC-006,68.5,1.44,155.2,1482.0,25.0,72.4,16943.0,6,0,0
2025-11-14 00:00:00,CNC-006,71.3,1.51,153.2,1466.0,26.0,70.7,16949.0,6,1,0
2025-11-14 06:00:00,CNC-006,72.5,1.41,158.7,1468.0,25.6,71.3,16953.0,6,46,0
2025-11-14 12:00:00,CNC-006,68.3,1.43,152.8,1468.0,25.1,75.2,16959.0,6,46,0
2025-11-14 18:00:00,CNC-006,67.6,1.39,155.7,1464.0,24.4,72.8,16965.0,6,46,0
2025-11-15 00:00:00,CNC-006,71.1,1.36,153.5,1454.0,25.5,67.8,16969.0,6,2,0
2025-11-15 06:00:00,CNC-006,72.1,1.54,155.9,1474.0,26.0,72.6,16975.0,6,2,0
2025-11-15 12:00:00,CNC-006,71.4,1.43,157.5,1456.0,25.3,76.0,16981.0,6,2,0
2025-11-15 18:00:00,CNC-006,68.2,1.38,152.1,1465.0,24.5,74.1,16987.0,6,17,0
2025-11-16 00:00:00,CNC-006,71.1,1.39,150.1,1459.0,25.4,75.3,16993.0,6,3,0
2025-11-16 06:00:00,CNC-006,74.5,1.43,153.3,1452.0,26.5,67.7,16999.0,6,3,0
2025-11-16 12:00:00,CNC-006,70.0,1.52,152.7,1464.0,25.2,70.4,17005.0,6,18,0
2025-11-16 18:00:00,CNC-006,70.8,1.55,153.9,1470.0,25.8,73.6,17009.0,6,3,0
2025-11-17 00:00:00,CNC-006,67.9,1.73,154.1,1475.0,25.8,68.8,17015.0,6,49,0
2025-11-17 06:00:00,CNC-006,71.2,1.61,152.2,1466.0,25.8,69.7,17021.0,6,49,0
2025-11-17 12:00:00,CNC-006,70.6,1.52,154.6,1462.0,25.5,69.3,17027.0,6,4,0
2025-11-17 18:00:00,CNC-006,66.4,1.52,152.2,1464.0,25.3,70.6,17032.0,6,49,0
2025-11-18 00:00:00,CNC-006,69.4,1.36,154.1,1471.0,25.9,71.2,17037.0,6,50,0
2025-11-18 06:00:00,CNC-006,70.2,1.38,154.8,1464.0,25.8,70.1,17042.0,6,50,0
2025-11-18 12:00:00,CNC-006,71.8,1.48,155.0,1475.0,25.8,75.6,17048.0,6,20,0
2025-11-18 18:00:00,CNC-006,65.8,1.45,155.4,1469.0,24.2,77.5,17053.0,6,50,0
2025-11-19 00:00:00,CNC-006,69.1,1.49,156.5,1466.0,25.2,73.4,17058.0,6,6,0
2025-11-19 06:00:00,CNC-006,73.0,1.7,152.0,1464.0,25.4,73.4,17062.0,6,51,0
2025-11-19 12:00:00,CNC-006,69.1,1.37,154.9,1463.0,25.1,75.7,17068.0,6,6,0
2025-11-19 18:00:00,CNC-006,66.2,1.58,153.9,1457.0,25.1,72.3,17072.0,6,51,0
2025-11-20 00:00:00,CNC-006,69.2,1.66,156.4,1465.0,25.6,75.2,17077.0,6,7,0
2025-11-20 06:00:00,CNC-006,70.0,1.36,155.6,1468.0,25.5,70.5,17082.0,6,7,0
2025-11-20 12:00:00,CNC-006,71.2,1.92,153.1,1454.0,26.5,72.5,17086.0,6,52,0
2025-11-20 18:00:00,CNC-006,67.9,1.4,155.4,1453.0,25.0,67.6,17092.0,6,7,0
2025-11-21 00:00:00,CNC-006,68.9,1.49,151.9,1470.0,25.3,68.4,17098.0,6,8,0
2025-11-21 06:00:00,CNC-006,72.3,1.58,154.0,1464.0,26.0,67.2,17102.0,6,23,0
2025-11-21 12:00:00,CNC-006,70.4,1.48,154.1,1465.0,25.4,69.6,17107.0,6,8,0
2025-11-21 18:00:00,CNC-006,64.8,1.51,155.4,1453.0,24.3,69.4,17112.0,6,53,0
2025-11-22 00:00:00,CNC-006,72.2,2.0,154.6,1473.0,27.6,71.3,17117.0,6,24,0
2025-11-22 06:00:00,CNC-006,74.2,1.4,152.5,1457.0,26.3,70.1,17123.0,6,24,0
2025-11-22 12:00:00,CNC-006,69.7,1.54,155.6,1451.0,24.5,72.5,17128.0,6,9,0
2025-11-22 18:00:00,CNC-006,64.8,1.45,152.2,1474.0,25.2,70.2,17132.0,6,24,0
2025-11-23 00:00:00,CNC-006,71.3,1.41,151.5,1464.0,25.2,74.5,17136.0,6,25,0
2025-11-23 06:00:00,CNC-006,72.0,1.67,155.4,1468.0,25.5,68.7,17141.0,6,25,0
2025-11-23 12:00:00,CNC-006,69.8,1.7,154.9,1468.0,25.9,72.4,17147.0,6,25,0
2025-11-23 18:00:00,CNC-006,66.8,1.62,154.9,1475.0,24.7,69.7,17151.0,6,25,0
2025-11-24 00:00:00,CNC-006,69.4,1.53,153.4,1473.0,25.9,72.8,17155.0,6,11,0
2025-11-24 06:00:00,CNC-006,73.5,1.51,151.9,1478.0,25.9,71.2,17160.0,6,26,0
2025-11-24 12:00:00,CNC-006,68.6,1.4,152.3,1458.0,25.0,71.7,17164.0,6,26,0
2025-11-24 18:00:00,CNC-006,67.6,1.6,157.7,1465.0,25.3,71.6,17169.0,6,56,0
2025-11-25 00:00:00,CNC-006,69.5,1.4,153.2,1457.0,25.1,69.9,17174.0,6,57,0
2025-11-25 06:00:00,CNC-006,71.2,1.58,155.6,1463.0,26.4,71.6,17180.0,6,12,0
2025-11-25 12:00:00,CNC-006,68.4,1.36,155.1,1466.0,24.7,74.7,17185.0,6,27,0
2025-11-25 18:00:00,CNC-006,66.7,1.58,155.7,1464.0,24.8,72.9,17190.0,6,27,0
2025-11-26 00:00:00,CNC-006,69.5,1.36,158.9,1469.0,26.9,69.3,17196.0,6,28,0
2025-11-26 06:00:00,CNC-006,71.0,1.4,151.3,1475.0,26.8,76.5,17201.0,6,13,0
2025-11-26 12:00:00,CNC-006,69.7,1.6,156.5,1457.0,26.1,67.1,17206.0,6,58,0
2025-11-26 18:00:00,CNC-006,67.5,1.44,157.1,1469.0,25.0,70.3,17211.0,6,13,0
2025-11-27 00:00:00,CNC-006,68.6,1.5,153.2,1448.0,24.8,69.9,17218.0,6,14,0
2025-11-27 06:00:00,CNC-006,69.7,1.66,156.7,1459.0,25.8,66.3,17223.0,6,14,0
2025-11-27 12:00:00,CNC-006,68.2,1.44,153.5,1471.0,24.0,70.5,17228.0,6,29,0
2025-11-27 18:00:00,CNC-006,66.7,1.79,156.8,1473.0,25.7,72.2,17233.0,6,29,0
2025-11-28 00:00:00,CNC-006,73.6,1.36,154.7,1466.0,25.2,71.5,17239.0,6,15,0
2025-11-28 06:00:00,CNC-006,69.1,1.47,154.3,1454.0,25.9,74.9,17245.0,6,30,0
2025-11-28 12:00:00,CNC-006,68.1,1.39,153.6,1446.0,25.1,72.0,17251.0,6,60,0
2025-11-28 18:00:00,CNC-006,66.2,1.45,153.1,1455.0,24.9,72.8,17256.0,6,60,0
2025-11-29 00:00:00,CNC-006,67.5,1.57,159.6,1469.0,24.6,73.0,17262.0,6,61,0
2025-11-29 06:00:00,CNC-006,71.9,1.78,153.6,1453.0,25.9,71.0,17266.0,6,16,0
2025-11-29 12:00:00,CNC-006,70.0,1.42,153.0,1461.0,25.4,72.6,17272.0,6,61,0
2025-11-29 18:00:00,CNC-006,69.0,1.46,153.3,1450.0,25.5,73.1,17278.0,6,61,0
2025-11-30 00:00:00,CNC-006,69.1,1.4,152.6,1466.0,24.9,73.4,17283.0,6,17,0
2025-11-30 06:00:00,CNC-006,71.6,1.54,152.6,1462.0,25.4,71.4,17288.0,6,17,0
2025-11-30 12:00:00,CNC-006,70.3,1.43,150.2,1448.0,24.5,70.1,17293.0,6,62,0
2025-11-30 18:00:00,CNC-006,68.5,1.38,152.9,1455.0,25.1,71.7,17298.0,6,62,0
2025-12-01 00:00:00,CNC-006,68.1,1.41,153.0,1461.0,25.3,73.0,17303.0,6,18,0
2025-12-01 06:00:00,CNC-006,72.0,1.68,153.4,1469.0,26.6,70.4,17309.0,6,33,0
2025-12-01 12:00:00,CNC-006,69.2,1.93,155.3,1466.0,25.8,72.4,17315.0,6,18,0
2025-12-01 18:00:00,CNC-006,69.1,1.44,154.4,1457.0,24.4,73.7,17320.0,6,18,0
2025-12-02 00:00:00,CNC-006,68.4,1.46,154.2,1469.0,25.0,72.5,17325.0,6,34,0
2025-12-02 06:00:00,CNC-006,71.1,1.39,151.9,1455.0,25.9,70.7,17329.0,6,34,0
2025-12-02 12:00:00,CNC-006,69.9,1.64,149.8,1477.0,25.9,71.3,17336.0,6,34,0
2025-12-02 18:00:00,CNC-006,64.5,1.36,155.5,1457.0,24.1,68.7,17342.0,6,19,0
2025-12-03 00:00:00,CNC-006,66.7,1.77,157.7,1459.0,25.6,68.5,17347.0,6,35,0
2025-12-03 06:00:00,CNC-006,73.4,2.2,153.8,1466.0,27.2,75.8,17352.0,6,35,0
2025-12-03 12:00:00,CNC-006,68.5,1.48,152.3,1471.0,25.0,71.1,17357.0,6,20,0
2025-12-03 18:00:00,CNC-006,68.7,1.69,153.4,1471.0,25.8,73.7,17362.0,6,65,0
2025-12-04 00:00:00,CNC-006,70.5,1.6,154.3,1458.0,25.6,73.6,17369.0,6,36,0
2025-12-04 06:00:00,CNC-006,70.7,1.4,152.8,1465.0,25.2,72.8,17373.0,6,36,0
2025-12-04 12:00:00,CNC-006,70.0,1.44,153.1,1469.0,26.0,73.5,17379.0,6,21,0
2025-12-04 18:00:00,CNC-006,68.9,1.46,155.8,1473.0,24.9,70.7,17384.0,6,21,0
2025-12-05 00:00:00,CNC-006,67.8,1.52,152.9,1477.0,25.0,70.5,17389.0,6,67,0
2025-12-05 06:00:00,CNC-006,70.9,1.58,153.7,1473.0,25.1,72.6,17395.0,6,67,0
2025-12-05 12:00:00,CNC-006,68.7,1.43,153.1,1461.0,25.1,74.1,17401.0,6,37,0
2025-12-05 18:00:00,CNC-006,68.2,1.58,159.5,1457.0,25.7,75.5,17406.0,6,37,0
2025-12-06 00:00:00,CNC-006,69.5,1.69,154.9,1463.0,26.0,71.4,17410.0,6,23,0
2025-12-06 06:00:00,CNC-006,70.6,1.37,150.7,1475.0,25.5,72.1,17415.0,6,23,0
2025-12-06 12:00:00,CNC-006,70.2,1.39,154.1,1467.0,25.1,72.9,17422.0,6,38,0
2025-12-06 18:00:00,CNC-006,68.2,1.45,154.8,1460.0,25.5,71.9,17427.0,6,38,0
2025-12-07 00:00:00,CNC-006,68.5,1.72,157.9,1464.0,24.2,68.9,17432.0,6,39,0
2025-12-07 06:00:00,CNC-006,72.3,1.49,152.3,1457.0,26.3,71.7,17437.0,6,69,0
2025-12-07 12:00:00,CNC-006,70.0,1.48,154.9,1473.0,25.4,73.7,17443.0,6,69,0
2025-12-07 18:00:00,CNC-006,68.0,1.45,155.1,1451.0,24.1,72.6,17447.0,6,69,0
2025-12-08 00:00:00,CNC-006,69.4,1.49,156.2,1455.0,26.2,72.3,17452.0,6,25,0
2025-12-08 06:00:00,CNC-006,71.1,1.45,156.2,1480.0,26.0,72.8,17458.0,6,25,0
2025-12-08 12:00:00,CNC-006,68.9,1.47,152.1,1455.0,25.5,72.7,17463.0,6,70,0
2025-12-08 18:00:00,CNC-006,66.0,1.91,155.7,1463.0,25.7,68.8,17468.0,6,40,0
2025-12-09 00:00:00,CNC-006,69.1,1.61,156.9,1445.0,25.9,72.6,17474.0,6,41,0
2025-12-09 06:00:00,CNC-006,71.7,1.58,153.9,1445.0,25.4,70.9,17480.0,6,41,0
2025-12-09 12:00:00,CNC-006,68.9,1.38,152.4,1460.0,24.7,74.8,17485.0,6,26,0
2025-12-09 18:00:00,CNC-006,68.0,1.73,154.3,1461.0,24.8,76.6,17492.0,6,26,0
2025-12-10 00:00:00,CNC-006,69.0,1.56,155.5,1463.0,26.3,73.7,17498.0,6,42,0
2025-12-10 06:00:00,CNC-006,70.4,1.68,153.7,1468.0,25.1,71.6,17502.0,6,27,0
2025-12-10 12:00:00,CNC-006,67.9,1.48,154.7,1467.0,24.4,73.5,17507.0,6,27,0
2025-12-10 18:00:00,CNC-006,66.4,1.63,151.3,1472.0,25.4,72.3,17512.0,6,72,0
2025-12-11 00:00:00,CNC-006,69.2,1.74,150.6,1473.0,26.0,72.8,17518.0,6,28,0
2025-12-11 06:00:00,CNC-006,71.0,1.39,152.5,1465.0,25.2,72.3,17524.0,6,73,0
2025-12-11 12:00:00,CNC-006,66.3,1.67,151.9,1464.0,26.4,72.2,17530.0,6,73,0
2025-12-11 18:00:00,CNC-006,66.1,1.58,156.9,1462.0,24.7,73.4,17535.0,6,28,0
2025-12-12 00:00:00,CNC-006,68.5,1.36,154.1,1468.0,25.2,70.9,17542.0,6,29,0
2025-12-12 06:00:00,CNC-006,72.2,1.49,154.5,1455.0,25.0,71.1,17546.0,6,74,0
2025-12-12 12:00:00,CNC-006,69.8,1.44,151.9,1466.0,25.5,72.0,17551.0,6,44,0
2025-12-12 18:00:00,CNC-006,66.6,1.48,158.5,1452.0,25.6,71.8,17558.0,6,44,0
2025-12-13 00:00:00,CNC-006,69.0,1.46,155.2,1462.0,24.3,71.7,17563.0,6,75,0
2025-12-13 06:00:00,CNC-006,72.7,1.53,155.2,1463.0,26.1,72.0,17569.0,6,75,0
2025-12-13 12:00:00,CNC-006,68.9,1.61,156.1,1469.0,25.9,72.1,17574.0,6,75,0
2025-12-13 18:00:00,CNC-006,65.3,1.52,157.7,1458.0,24.5,70.6,17579.0,6,75,0
2025-12-14 00:00:00,CNC-006,70.4,1.72,153.6,1456.0,26.0,71.6,17584.0,6,46,0
2025-12-14 06:00:00,CNC-006,70.9,1.48,158.1,1464.0,26.1,73.7,17589.0,6,46,0
2025-12-14 12:00:00,CNC-006,68.6,1.42,152.3,1457.0,25.3,68.0,17595.0,6,46,0
2025-12-14 18:00:00,CNC-006,67.5,1.43,150.5,1457.0,25.7,70.8,17600.0,6,31,0
2025-12-15 00:00:00,CNC-006,69.0,1.42,155.4,1458.0,25.4,75.1,17604.0,6,47,0
2025-12-15 06:00:00,CNC-006,69.2,1.4,151.7,1460.0,25.4,72.8,17609.0,6,77,0
2025-12-15 12:00:00,CNC-006,70.6,1.47,150.8,1471.0,25.3,72.2,17614.0,6,47,0
2025-12-15 18:00:00,CNC-006,65.9,1.4,154.1,1462.0,23.5,73.7,17620.0,6,32,0
2025-12-16 00:00:00,CNC-006,67.4,1.54,154.9,1465.0,25.9,71.9,17625.0,6,33,0
2025-12-16 06:00:00,CNC-006,69.3,1.38,153.0,1456.0,25.0,72.4,17630.0,6,78,0
2025-12-16 12:00:00,CNC-006,67.2,1.44,153.2,1475.0,24.9,75.9,17635.0,6,48,0
2025-12-16 18:00:00,CNC-006,65.3,1.65,154.4,1459.0,25.9,72.1,17639.0,6,48,0
2025-12-17 00:00:00,CNC-006,67.7,1.42,155.1,1466.0,25.7,74.6,17645.0,6,34,0
2025-12-17 06:00:00,CNC-006,71.0,1.43,160.4,1457.0,25.2,71.3,17650.0,6,49,0
2025-12-17 12:00:00,CNC-006,67.7,1.43,156.0,1469.0,24.9,70.6,17656.0,6,79,0
2025-12-17 18:00:00,CNC-006,66.2,1.36,151.3,1459.0,24.2,70.0,17663.0,6,79,0
2025-12-18 00:00:00,CNC-006,68.6,1.39,157.6,1451.0,25.4,65.3,17667.0,6,35,0
2025-12-18 06:00:00,CNC-006,72.4,1.41,153.1,1445.0,25.6,72.5,17672.0,6,35,0
2025-12-18 12:00:00,CNC-006,68.7,1.46,154.7,1464.0,24.9,71.4,17678.0,6,50,0
2025-12-18 18:00:00,CNC-006,68.3,1.66,156.3,1461.0,25.2,73.8,17684.0,6,80,0
2025-12-19 00:00:00,CNC-006,66.3,1.47,157.7,1464.0,24.7,71.8,17690.0,6,51,0
2025-12-19 06:00:00,CNC-006,70.3,1.48,153.5,1463.0,25.3,74.2,17695.0,6,36,0
2025-12-19 12:00:00,CNC-006,70.1,1.47,155.0,1441.0,25.4,70.9,17699.0,6,51,0
2025-12-19 18:00:00,CNC-006,65.4,1.36,155.1,1458.0,24.1,71.9,17704.0,6,51,0
2025-12-20 00:00:00,CNC-006,70.4,1.51,153.4,1454.0,24.9,72.9,17709.0,6,52,0
2025-12-20 06:00:00,CNC-006,71.0,1.53,155.2,1467.0,25.7,72.2,17715.0,6,37,0
2025-12-20 12:00:00,CNC-006,67.5,1.36,154.3,1463.0,25.3,72.2,17720.0,6,82,0
2025-12-20 18:00:00,CNC-006,66.7,1.63,151.8,1447.0,25.0,69.4,17725.0,6,37,0
2025-12-21 00:00:00,CNC-006,68.6,1.37,157.1,1466.0,24.5,71.9,17730.0,6,83,0
2025-12-21 06:00:00,CNC-006,69.4,1.56,156.4,1462.0,25.0,75.9,17735.0,6,38,0
2025-12-21 12:00:00,CNC-006,67.4,1.75,156.0,1461.0,24.9,71.7,17740.0,6,83,0
2025-12-21 18:00:00,CNC-006,64.7,1.39,154.5,1479.0,23.7,69.7,17745.0,6,53,0
2025-12-22 00:00:00,CNC-006,68.2,1.48,155.3,1485.0,25.0,71.5,17749.0,6,39,0
2025-12-22 06:00:00,CNC-006,70.1,1.37,154.4,1476.0,24.6,71.4,17754.0,6,39,0
2025-12-22 12:00:00,CNC-006,71.0,1.37,150.5,1457.0,24.8,72.0,17759.0,6,84,0
2025-12-22 18:00:00,CNC-006,65.1,1.44,157.4,1462.0,24.5,72.8,17763.0,6,54,0
2025-12-23 00:00:00,CNC-006,67.3,1.39,155.6,1463.0,23.8,70.4,17768.0,6,85,0
2025-12-23 06:00:00,CNC-006,68.1,1.84,152.8,1454.0,26.3,73.9,17772.0,6,85,0
2025-12-23 12:00:00,CNC-006,68.3,1.39,156.0,1470.0,24.7,72.2,17777.0,6,40,0
2025-12-23 18:00:00,CNC-006,65.1,1.43,156.2,1461.0,24.7,72.8,17782.0,6,40,0
2025-12-24 00:00:00,CNC-006,67.5,1.54,156.6,1457.0,25.5,72.2,17786.0,6,86,0
2025-12-24 06:00:00,CNC-006,70.6,1.59,152.4,1465.0,25.5,75.5,17791.0,6,56,0
2025-12-24 12:00:00,CNC-006,66.6,1.46,154.9,1455.0,24.3,73.6,17797.0,6,41,0
2025-12-24 18:00:00,CNC-006,67.1,1.38,154.8,1461.0,24.6,72.7,17803.0,6,86,0
2025-12-25 00:00:00,CNC-006,68.2,1.52,154.9,1467.0,25.1,70.9,17808.0,6,42,0
2025-12-25 06:00:00,CNC-006,70.0,1.43,155.7,1463.0,25.7,74.5,17812.0,6,57,0
2025-12-25 12:00:00,CNC-006,69.1,2.03,155.7,1464.0,26.5,71.2,17817.0,6,42,0
2025-12-25 18:00:00,CNC-006,66.1,1.5,156.2,1464.0,25.2,69.8,17823.0,6,42,0
2025-12-26 00:00:00,CNC-006,69.2,1.57,152.2,1450.0,26.2,73.3,17829.0,6,43,0
2025-12-26 06:00:00,CNC-006,69.8,1.63,151.8,1469.0,26.2,72.7,17834.0,6,88,0
2025-12-26 12:00:00,CNC-006,70.4,1.37,153.0,1460.0,25.9,69.8,17840.0,6,43,0
2025-12-26 18:00:00,CNC-006,66.0,1.4,152.5,1473.0,24.4,74.3,17845.0,6,58,0
2025-12-27 00:00:00,CNC-006,68.2,1.67,152.7,1480.0,25.4,70.9,17850.0,6,44,0
2025-12-27 06:00:00,CNC-006,69.8,1.37,155.0,1460.0,25.3,72.0,17854.0,6,59,0
2025-12-27 12:00:00,CNC-006,67.1,1.5,154.1,1452.0,25.5,72.5,17860.0,6,59,0
2025-12-27 18:00:00,CNC-006,67.0,1.42,150.5,1462.0,25.3,73.7,17865.0,6,59,0
2025-07-01 00:00:00,CNC-007,64.4,1.19,156.5,1457.0,24.1,70.3,17354.0,4,0,0
2025-07-01 06:00:00,CNC-007,66.4,0.81,154.8,1465.0,24.2,71.9,17359.0,4,0,0
2025-07-01 12:00:00,CNC-007,63.8,0.82,160.3,1464.0,21.9,69.4,17364.0,4,0,0
2025-07-01 18:00:00,CNC-007,64.2,0.85,156.4,1461.0,23.6,69.7,17370.0,4,0,0
2025-07-02 00:00:00,CNC-007,66.3,0.88,156.8,1453.0,23.7,73.6,17375.0,4,1,0
2025-07-02 06:00:00,CNC-007,68.5,0.82,159.3,1461.0,24.5,74.6,17382.0,4,1,0
2025-07-02 12:00:00,CNC-007,66.4,0.81,154.0,1461.0,23.2,73.5,17387.0,4,1,0
2025-07-02 18:00:00,CNC-007,60.1,1.18,155.5,1468.0,23.1,71.1,17393.0,4,1,0
2025-07-03 00:00:00,CNC-007,65.5,0.91,153.1,1473.0,23.9,74.5,17398.0,4,2,0
2025-07-03 06:00:00,CNC-007,68.5,1.4,151.6,1470.0,26.4,72.9,17403.0,4,2,0
2025-07-03 12:00:00,CNC-007,66.8,0.88,153.0,1465.0,23.5,71.7,17408.0,4,2,0
2025-07-03 18:00:00,CNC-007,62.4,1.0,153.5,1464.0,23.8,72.0,17412.0,4,2,0
2025-07-04 00:00:00,CNC-007,66.0,1.1,152.5,1459.0,24.9,71.9,17419.0,4,3,0
2025-07-04 06:00:00,CNC-007,67.2,0.85,157.7,1465.0,24.2,72.0,17424.0,4,3,0
2025-07-04 12:00:00,CNC-007,64.6,0.81,157.5,1474.0,22.9,71.5,17430.0,4,3,0
2025-07-04 18:00:00,CNC-007,64.5,1.0,158.4,1469.0,23.6,69.9,17435.0,4,3,0
2025-07-05 00:00:00,CNC-007,64.8,0.98,156.6,1460.0,22.7,69.3,17439.0,4,4,0
2025-07-05 06:00:00,CNC-007,67.8,0.81,157.1,1467.0,23.7,69.0,17444.0,4,4,0
2025-07-05 12:00:00,CNC-007,65.4,0.86,155.4,1466.0,23.2,70.2,17450.0,4,4,0
2025-07-05 18:00:00,CNC-007,63.7,0.82,154.6,1465.0,23.5,70.1,17455.0,4,4,0
2025-07-06 00:00:00,CNC-007,64.5,0.87,154.1,1465.0,23.6,74.1,17462.0,4,5,0
2025-07-06 06:00:00,CNC-007,65.5,0.95,156.8,1472.0,24.6,72.6,17467.0,4,5,0
2025-07-06 12:00:00,CNC-007,67.8,0.83,154.5,1457.0,24.3,72.9,17471.0,4,5,0
2025-07-06 18:00:00,CNC-007,65.2,0.97,154.2,1462.0,23.3,74.1,17476.0,4,5,0
2025-07-07 00:00:00,CNC-007,66.5,0.95,157.1,1460.0,24.0,69.9,17482.0,4,6,0
2025-07-07 06:00:00,CNC-007,67.6,1.22,155.0,1471.0,24.7,72.5,17488.0,4,6,0
2025-07-07 12:00:00,CNC-007,65.7,0.98,155.5,1462.0,23.4,73.6,17494.0,4,6,0
2025-07-07 18:00:00,CNC-007,63.7,0.82,152.8,1468.0,23.4,73.0,17500.0,4,6,0
2025-07-08 00:00:00,CNC-007,64.4,0.8,157.6,1446.0,23.6,69.8,17504.0,4,7,0
2025-07-08 06:00:00,CNC-007,68.2,0.98,156.6,1458.0,23.6,73.0,17509.0,4,7,0
2025-07-08 12:00:00,CNC-007,65.0,0.87,158.2,1469.0,24.0,72.9,17515.0,4,7,0
2025-07-08 18:00:00,CNC-007,61.3,0.87,156.5,1473.0,22.3,72.6,17522.0,4,7,0
2025-07-09 00:00:00,CNC-007,66.0,0.81,153.7,1459.0,23.4,72.5,17527.0,4,8,0
2025-07-09 06:00:00,CNC-007,67.4,0.92,156.5,1478.0,23.0,68.5,17533.0,4,8,0
2025-07-09 12:00:00,CNC-007,64.8,0.91,152.6,1474.0,23.2,74.3,17539.0,4,8,0
2025-07-09 18:00:00,CNC-007,63.4,0.82,155.5,1470.0,23.2,73.9,17545.0,4,8,0
2025-07-10 00:00:00,CNC-007,65.9,1.0,155.2,1464.0,24.6,72.1,17551.0,4,9,0
2025-07-10 06:00:00,CNC-007,70.6,0.84,152.2,1476.0,24.6,73.3,17556.0,4,9,0
2025-07-10 12:00:00,CNC-007,65.2,0.82,156.4,1468.0,23.6,71.1,17562.0,4,9,0
2025-07-10 18:00:00,CNC-007,65.1,1.01,155.1,1467.0,23.9,68.7,17566.0,4,9,0
2025-07-11 00:00:00,CNC-007,65.2,1.0,156.9,1471.0,23.8,72.6,17571.0,4,10,0
2025-07-11 06:00:00,CNC-007,69.9,0.85,153.8,1464.0,24.5,67.9,17575.0,4,10,0
2025-07-11 12:00:00,CNC-007,67.6,0.94,155.8,1464.0,23.8,72.4,17581.0,4,10,0
2025-07-11 18:00:00,CNC-007,63.6,0.91,156.1,1464.0,22.2,75.1,17586.0,4,10,0
2025-07-12 00:00:00,CNC-007,64.4,1.07,156.5,1467.0,24.3,71.7,17592.0,4,11,0
2025-07-12 06:00:00,CNC-007,66.4,0.92,154.7,1469.0,23.4,72.9,17597.0,4,11,0
2025-07-12 12:00:00,CNC-007,64.9,0.92,158.9,1480.0,23.0,69.6,17601.0,4,11,0
2025-07-12 18:00:00,CNC-007,65.7,1.12,155.2,1461.0,24.7,72.5,17607.0,4,11,0
2025-07-13 00:00:00,CNC-007,65.2,1.04,157.3,1453.0,23.8,72.0,17612.0,4,12,0
2025-07-13 06:00:00,CNC-007,70.2,1.29,152.7,1459.0,24.9,70.3,17617.0,4,12,0
2025-07-13 12:00:00,CNC-007,63.9,1.01,157.2,1468.0,23.4,74.9,17621.0,4,12,0
2025-07-13 18:00:00,CNC-007,66.0,0.97,158.1,1477.0,23.5,72.4,17626.0,4,12,0
2025-07-14 00:00:00,CNC-007,65.9,0.89,158.4,1468.0,24.1,74.9,17630.0,4,13,0
2025-07-14 06:00:00,CNC-007,66.4,0.94,157.1,1463.0,23.8,73.7,17635.0,4,13,0
2025-07-14 12:00:00,CNC-007,65.9,1.13,156.8,1464.0,24.2,70.8,17641.0,4,13,0
2025-07-14 18:00:00,CNC-007,64.1,0.91,152.9,1466.0,23.8,70.9,17646.0,4,13,0
2025-07-15 00:00:00,CNC-007,67.4,0.83,160.8,1473.0,23.0,75.8,17651.0,4,14,0
2025-07-15 06:00:00,CNC-007,69.0,0.97,153.4,1438.0,24.1,73.4,17658.0,4,14,0
2025-07-15 12:00:00,CNC-007,67.9,0.88,157.4,1467.0,23.5,74.1,17664.0,4,14,0
2025-07-15 18:00:00,CNC-007,63.4,0.8,152.2,1460.0,22.6,70.8,17670.0,4,14,0
2025-07-16 00:00:00,CNC-007,68.0,0.93,156.1,1458.0,23.4,71.4,17675.0,4,15,0
2025-07-16 06:00:00,CNC-007,71.5,1.04,154.4,1450.0,24.9,72.0,17679.0,4,15,0
2025-07-16 12:00:00,CNC-007,65.6,0.83,154.7,1468.0,23.0,73.3,17685.0,4,15,0
2025-07-16 18:00:00,CNC-007,63.2,0.92,154.2,1473.0,23.4,70.4,17691.0,4,15,0
2025-07-17 00:00:00,CNC-007,66.2,0.88,155.7,1459.0,23.4,70.9,17695.0,4,16,0
2025-07-17 06:00:00,CNC-007,69.2,0.82,151.0,1463.0,24.6,72.2,17701.0,4,16,0
2025-07-17 12:00:00,CNC-007,67.2,0.87,153.1,1455.0,23.1,70.8,17706.0,4,16,0
2025-07-17 18:00:00,CNC-007,63.5,1.25,153.8,1468.0,23.7,72.4,17710.0,4,16,0
2025-07-18 00:00:00,CNC-007,67.5,0.83,157.9,1463.0,23.4,73.1,17714.0,4,17,0
2025-07-18 06:00:00,CNC-007,68.0,0.83,156.7,1465.0,24.3,72.4,17719.0,4,17,0
2025-07-18 12:00:00,CNC-007,65.0,0.84,155.9,1467.0,23.1,69.8,17726.0,4,17,0
2025-07-18 18:00:00,CNC-007,64.9,1.21,155.8,1466.0,23.7,72.9,17732.0,4,17,0
2025-07-19 00:00:00,CNC-007,63.5,0.88,158.3,1458.0,22.5,71.4,17738.0,4,18,0
2025-07-19 06:00:00,CNC-007,66.7,0.89,155.0,1469.0,22.9,70.6,17742.0,4,18,0
2025-07-19 12:00:00,CNC-007,67.4,0.86,159.1,1461.0,24.2,69.7,17747.0,4,18,0
2025-07-19 18:00:00,CNC-007,65.1,1.0,154.6,1443.0,23.7,70.0,17751.0,4,18,0
2025-07-20 00:00:00,CNC-007,65.6,0.81,157.3,1463.0,23.7,70.5,17756.0,4,19,0
2025-07-20 06:00:00,CNC-007,68.5,0.87,154.3,1479.0,24.6,68.4,17762.0,4,19,0
2025-07-20 12:00:00,CNC-007,66.5,0.94,158.9,1467.0,23.4,71.7,17767.0,4,19,0
2025-07-20 18:00:00,CNC-007,63.9,0.99,157.4,1465.0,23.6,71.3,17771.0,4,19,0
2025-07-21 00:00:00,CNC-007,65.7,0.97,152.4,1459.0,24.2,72.6,17775.0,4,20,0
2025-07-21 06:00:00,CNC-007,67.9,0.87,154.5,1459.0,24.8,71.1,17781.0,4,20,0
2025-07-21 12:00:00,CNC-007,65.9,0.8,157.3,1466.0,23.6,72.4,17787.0,4,20,0
2025-07-21 18:00:00,CNC-007,66.2,0.92,151.2,1469.0,23.4,75.1,17793.0,4,20,0
2025-07-22 00:00:00,CNC-007,65.5,0.85,153.9,1459.0,23.0,72.0,17798.0,4,21,0
2025-07-22 06:00:00,CNC-007,68.4,0.82,160.1,1459.0,25.4,71.7,17803.0,4,21,0
2025-07-22 12:00:00,CNC-007,68.3,0.9,149.6,1474.0,23.4,70.6,17809.0,4,21,0
2025-07-22 18:00:00,CNC-007,65.3,0.82,157.6,1462.0,23.7,73.7,17814.0,4,21,0
2025-07-23 00:00:00,CNC-007,64.9,0.88,151.2,1462.0,23.6,70.1,17819.0,4,22,0
2025-07-23 06:00:00,CNC-007,69.3,1.12,156.7,1469.0,25.0,71.1,17824.0,4,22,0
2025-07-23 12:00:00,CNC-007,65.0,0.92,160.2,1472.0,23.6,74.1,17830.0,4,22,0
2025-07-23 18:00:00,CNC-007,66.5,1.03,152.4,1463.0,23.6,71.7,17835.0,4,22,0
2025-07-24 00:00:00,CNC-007,68.2,0.82,156.5,1474.0,23.1,69.8,17839.0,4,23,0
2025-07-24 06:00:00,CNC-007,66.2,1.11,157.0,1470.0,24.0,72.6,17845.0,4,23,0
2025-07-24 12:00:00,CNC-007,66.9,0.8,159.2,1476.0,23.4,75.2,17851.0,4,23,0
2025-07-24 18:00:00,CNC-007,65.8,1.14,153.3,1461.0,23.8,71.0,17856.0,4,23,0
2025-07-25 00:00:00,CNC-007,64.9,0.89,152.1,1464.0,22.8,71.4,17862.0,4,24,0
2025-07-25 06:00:00,CNC-007,68.8,0.81,153.7,1465.0,24.0,71.9,17867.0,4,24,0
2025-07-25 12:00:00,CNC-007,68.2,0.83,153.9,1462.0,23.6,69.6,17871.0,4,24,0
2025-07-25 18:00:00,CNC-007,67.5,1.27,155.9,1482.0,26.1,73.0,17877.0,4,24,0
2025-07-26 00:00:00,CNC-007,67.2,1.32,153.5,1463.0,24.6,69.7,17883.0,4,25,0
2025-07-26 06:00:00,CNC-007,69.5,1.05,153.1,1480.0,23.7,73.3,17888.0,4,25,0
2025-07-26 12:00:00,CNC-007,63.0,0.97,157.3,1462.0,24.1,74.1,17892.0,4,25,0
2025-07-26 18:00:00,CNC-007,65.3,0.85,158.4,1457.0,22.5,68.9,17898.0,4,25,0
2025-07-27 00:00:00,CNC-007,66.3,0.98,155.2,1476.0,23.3,72.7,17903.0,4,26,0
2025-07-27 06:00:00,CNC-007,68.6,0.96,155.4,1474.0,24.6,69.1,17907.0,4,26,0
2025-07-27 12:00:00,CNC-007,67.6,0.85,154.9,1471.0,23.1,70.2,17913.0,4,26,0
2025-07-27 18:00:00,CNC-007,64.9,1.13,154.3,1473.0,24.4,72.7,17917.0,4,26,0
2025-07-28 00:00:00,CNC-007,67.4,1.24,153.6,1468.0,24.6,72.4,17922.0,4,27,0
2025-07-28 06:00:00,CNC-007,69.7,0.94,153.8,1464.0,24.1,71.6,17929.0,4,27,0
2025-07-28 12:00:00,CNC-007,67.5,0.8,155.3,1459.0,24.2,73.8,17933.0,4,27,0
2025-07-28 18:00:00,CNC-007,65.3,0.87,154.0,1450.0,22.8,72.0,17938.0,4,27,0
2025-07-29 00:00:00,CNC-007,64.9,0.92,151.8,1458.0,23.2,72.6,17942.0,4,28,0
2025-07-29 06:00:00,CNC-007,69.1,0.84,156.7,1464.0,24.1,75.1,17947.0,4,28,0
2025-07-29 12:00:00,CNC-007,67.9,1.3,155.2,1464.0,24.8,72.9,17953.0,4,28,0
2025-07-29 18:00:00,CNC-007,67.6,0.89,155.1,1472.0,24.6,69.7,17957.0,4,28,0
2025-07-30 00:00:00,CNC-007,67.2,0.96,153.8,1480.0,24.8,72.8,17964.0,4,29,0
2025-07-30 06:00:00,CNC-007,67.2,1.01,154.6,1461.0,23.6,75.6,17969.0,4,29,0
2025-07-30 12:00:00,CNC-007,67.3,0.8,155.2,1459.0,23.7,74.2,17975.0,4,29,0
2025-07-30 18:00:00,CNC-007,62.6,1.05,158.2,1475.0,22.6,71.4,17979.0,4,29,0
2025-07-31 00:00:00,CNC-007,66.8,0.93,154.7,1470.0,24.4,70.9,17984.0,4,30,0
2025-07-31 06:00:00,CNC-007,69.4,0.83,156.9,1457.0,23.6,71.1,17989.0,4,30,0
2025-07-31 12:00:00,CNC-007,67.5,0.82,156.7,1478.0,24.3,75.3,17995.0,4,30,0
2025-07-31 18:00:00,CNC-007,66.1,0.86,159.0,1462.0,23.8,69.2,18001.0,4,30,0
2025-08-01 00:00:00,CNC-007,68.4,1.19,152.5,1464.0,25.2,72.0,18006.0,4,31,0
2025-08-01 06:00:00,CNC-007,70.5,1.31,156.7,1469.0,25.7,74.1,18010.0,4,31,0
2025-08-01 12:00:00,CNC-007,69.3,1.13,151.9,1474.0,25.2,75.0,18014.0,4,31,0
2025-08-01 18:00:00,CNC-007,65.2,1.14,151.0,1477.0,23.1,73.1,18020.0,4,31,0
2025-08-02 00:00:00,CNC-007,67.4,1.43,156.3,1467.0,25.0,72.9,18025.0,4,32,0
2025-08-02 06:00:00,CNC-007,71.3,1.26,155.2,1463.0,25.4,73.3,18029.0,4,32,0
2025-08-02 12:00:00,CNC-007,68.0,1.18,156.2,1452.0,26.1,74.2,18034.0,4,32,0
2025-08-02 18:00:00,CNC-007,65.5,1.56,153.8,1459.0,25.1,71.7,18039.0,4,32,0
2025-08-03 00:00:00,CNC-007,69.1,1.73,155.6,1462.0,25.9,75.4,18045.0,4,33,0
2025-08-03 06:00:00,CNC-007,71.7,1.25,153.8,1466.0,25.3,80.1,18051.0,4,33,0
2025-08-03 12:00:00,CNC-007,69.2,1.55,155.4,1448.0,25.9,72.7,18056.0,4,33,0
2025-08-03 18:00:00,CNC-007,63.7,1.54,157.3,1462.0,26.0,73.4,18061.0,4,33,0
2025-08-04 00:00:00,CNC-007,69.9,1.52,153.0,1438.0,25.9,76.3,18065.0,4,34,0
2025-08-04 06:00:00,CNC-007,74.4,1.94,155.9,1465.0,28.2,79.6,18072.0,4,34,0
2025-08-04 12:00:00,CNC-007,70.1,1.84,152.5,1435.0,28.0,77.6,18077.0,4,34,0
2025-08-04 18:00:00,CNC-007,69.4,1.96,150.3,1450.0,27.4,81.7,18081.0,4,34,0
2025-08-05 00:00:00,CNC-007,70.4,2.06,151.9,1448.0,27.9,76.1,18086.0,4,35,0
2025-08-05 06:00:00,CNC-007,73.9,1.59,154.1,1423.0,28.8,82.0,18092.0,4,35,0
2025-08-05 12:00:00,CNC-007,74.1,1.52,157.2,1451.0,26.9,74.2,18098.0,4,35,0
2025-08-05 18:00:00,CNC-007,71.3,1.47,147.7,1455.0,27.1,73.4,18104.0,4,35,0
2025-08-06 00:00:00,CNC-007,74.2,2.25,152.5,1436.0,27.5,79.9,18109.0,4,36,0
2025-08-06 06:00:00,CNC-007,74.6,2.38,154.1,1448.0,28.2,75.0,18116.0,4,36,0
2025-08-06 12:00:00,CNC-007,71.5,2.38,149.7,1452.0,28.5,78.1,18122.0,4,36,0
2025-08-06 18:00:00,CNC-007,71.2,1.95,148.3,1442.0,27.4,77.9,18128.0,4,36,0
2025-08-07 00:00:00,CNC-007,73.1,2.54,148.7,1435.0,29.1,75.9,18132.0,4,37,1
2025-08-07 06:00:00,CNC-007,74.5,1.94,147.0,1464.0,28.8,75.3,18138.0,4,37,1
2025-08-07 12:00:00,CNC-007,77.4,2.29,149.6,1447.0,29.6,79.1,18143.0,4,37,1
2025-08-07 18:00:00,CNC-007,70.2,2.76,153.3,1447.0,30.5,74.7,18148.0,4,37,1
2025-08-08 00:00:00,CNC-007,77.8,2.21,154.1,1451.0,30.6,77.3,18154.0,4,38,1
2025-08-08 06:00:00,CNC-007,75.1,2.34,153.3,1436.0,29.5,75.3,18158.0,4,38,1
2025-08-08 12:00:00,CNC-007,72.8,2.95,147.5,1431.0,31.2,82.1,18162.0,4,38,1
2025-08-08 18:00:00,CNC-007,70.1,2.58,150.3,1451.0,28.7,83.4,18167.0,4,38,1
2025-08-09 00:00:00,CNC-007,71.3,3.07,149.2,1442.0,30.7,78.0,18174.0,4,39,1
2025-08-09 06:00:00,CNC-007,79.7,2.45,146.7,1451.0,30.4,83.6,18178.0,4,39,1
2025-08-09 12:00:00,CNC-007,74.1,2.05,150.1,1435.0,30.3,82.8,18184.0,4,39,1
2025-08-09 18:00:00,CNC-007,74.3,2.17,148.9,1437.0,30.0,82.7,18189.0,4,39,1
2025-08-10 00:00:00,CNC-007,74.4,3.43,143.1,1431.0,32.0,80.5,18194.0,4,40,1
2025-08-10 06:00:00,CNC-007,77.1,2.37,147.0,1437.0,29.0,81.8,18200.0,4,40,1
2025-08-10 12:00:00,CNC-007,77.2,2.32,151.6,1413.0,30.1,75.0,18206.0,4,40,1
2025-08-10 18:00:00,CNC-007,77.2,2.25,150.5,1427.0,30.1,76.2,18211.0,4,40,1
2025-08-11 00:00:00,CNC-007,76.9,3.07,145.3,1405.0,30.5,80.8,18215.0,4,41,1
2025-08-11 06:00:00,CNC-007,82.4,2.93,150.1,1438.0,31.7,79.2,18220.0,4,41,1
2025-08-11 12:00:00,CNC-007,79.6,2.84,143.0,1434.0,30.6,80.1,18224.0,4,41,1
2025-08-11 18:00:00,CNC-007,80.3,3.16,150.9,1454.0,31.3,81.7,18229.0,4,41,1
2025-08-12 00:00:00,CNC-007,80.7,3.61,147.8,1433.0,32.6,79.3,18235.0,4,42,1
2025-08-12 06:00:00,CNC-007,81.3,2.88,144.1,1436.0,33.2,84.0,18241.0,4,42,1
2025-08-12 12:00:00,CNC-007,75.7,3.63,149.3,1414.0,32.8,80.8,18246.0,4,42,1
2025-08-12 18:00:00,CNC-007,79.0,4.13,150.4,1407.0,34.3,77.3,18253.0,4,42,1
2025-08-13 00:00:00,CNC-007,77.9,2.95,149.1,1419.0,32.5,72.2,18257.0,4,43,1
2025-08-13 06:00:00,CNC-007,79.6,4.33,151.5,1421.0,35.5,82.2,18262.0,4,43,1
2025-08-13 12:00:00,CNC-007,73.5,4.55,143.5,1447.0,34.2,83.8,18267.0,4,43,1
2025-08-13 18:00:00,CNC-007,77.2,3.2,146.2,1423.0,32.1,81.5,18272.0,4,43,1
2025-08-14 00:00:00,CNC-007,66.8,0.8,157.9,1457.0,23.9,71.8,18277.0,4,44,0
2025-08-14 06:00:00,CNC-007,70.4,1.16,154.1,1464.0,23.3,73.2,18283.0,4,44,0
2025-08-14 12:00:00,CNC-007,66.8,0.84,152.1,1452.0,24.3,75.5,18289.0,4,44,0
2025-08-14 18:00:00,CNC-007,65.8,0.88,152.9,1479.0,23.9,71.6,18293.0,4,44,0
2025-08-15 00:00:00,CNC-007,66.5,0.99,157.8,1465.0,24.5,75.0,18297.0,4,0,0
2025-08-15 06:00:00,CNC-007,67.1,0.92,153.2,1470.0,23.6,70.6,18303.0,4,0,0
2025-08-15 12:00:00,CNC-007,66.0,0.84,156.0,1463.0,23.8,73.6,18310.0,4,0,0
2025-08-15 18:00:00,CNC-007,65.1,1.3,156.4,1472.0,24.6,74.7,18315.0,4,45,0
2025-08-16 00:00:00,CNC-007,68.3,0.95,155.6,1472.0,25.1,70.0,18320.0,4,46,0
2025-08-16 06:00:00,CNC-007,69.5,0.81,153.3,1462.0,24.1,75.1,18326.0,4,1,0
2025-08-16 12:00:00,CNC-007,65.6,1.0,153.2,1467.0,23.6,69.6,18330.0,4,1,0
2025-08-16 18:00:00,CNC-007,63.7,0.81,155.8,1462.0,24.3,71.2,18336.0,4,46,0
2025-08-17 00:00:00,CNC-007,69.5,0.93,156.6,1486.0,25.2,75.0,18342.0,4,47,0
2025-08-17 06:00:00,CNC-007,68.8,0.84,151.5,1470.0,23.8,74.5,18348.0,4,47,0
2025-08-17 12:00:00,CNC-007,67.1,0.93,154.3,1465.0,24.5,72.0,18353.0,4,47,0
2025-08-17 18:00:00,CNC-007,63.8,0.84,154.3,1477.0,24.1,73.1,18357.0,4,47,0
2025-08-18 00:00:00,CNC-007,66.9,0.85,151.8,1474.0,24.0,74.4,18362.0,4,48,0
2025-08-18 06:00:00,CNC-007,71.6,1.04,154.6,1463.0,24.5,71.8,18368.0,4,3,0
2025-08-18 12:00:00,CNC-007,68.4,1.08,155.2,1469.0,23.4,73.4,18374.0,4,3,0
2025-08-18 18:00:00,CNC-007,65.7,0.89,153.4,1459.0,23.2,70.8,18380.0,4,48,0
2025-08-19 00:00:00,CNC-007,68.5,0.87,156.1,1465.0,23.2,72.8,18386.0,4,49,0
2025-08-19 06:00:00,CNC-007,69.3,0.97,156.5,1470.0,24.7,71.8,18390.0,4,49,0
2025-08-19 12:00:00,CNC-007,65.0,0.8,156.9,1485.0,23.3,74.3,18396.0,4,49,0
2025-08-19 18:00:00,CNC-007,66.3,1.36,153.9,1467.0,23.3,73.0,18403.0,4,4,0
2025-08-20 00:00:00,CNC-007,66.8,0.95,158.2,1472.0,23.1,69.4,18407.0,4,50,0
2025-08-20 06:00:00,CNC-007,69.2,0.87,155.6,1475.0,24.6,72.6,18412.0,4,5,0
2025-08-20 12:00:00,CNC-007,69.2,0.81,156.7,1478.0,22.7,72.9,18418.0,4,5,0
2025-08-20 18:00:00,CNC-007,65.9,0.81,153.7,1471.0,24.0,72.9,18424.0,4,5,0
2025-08-21 00:00:00,CNC-007,66.7,0.92,152.0,1473.0,23.7,75.8,18428.0,4,51,0
2025-08-21 06:00:00,CNC-007,70.6,0.99,158.8,1473.0,24.7,75.4,18434.0,4,51,0
2025-08-21 12:00:00,CNC-007,67.1,0.9,154.5,1460.0,25.4,70.4,18439.0,4,51,0
2025-08-21 18:00:00,CNC-007,64.4,1.13,154.8,1462.0,23.1,70.1,18445.0,4,6,0
2025-08-22 00:00:00,CNC-007,67.6,0.94,155.3,1467.0,24.1,72.4,18449.0,4,7,0
2025-08-22 06:00:00,CNC-007,70.1,0.84,157.9,1458.0,24.9,73.5,18454.0,4,52,0
2025-08-22 12:00:00,CNC-007,69.9,0.81,155.7,1474.0,24.3,70.1,18460.0,4,52,0
2025-08-22 18:00:00,CNC-007,65.0,1.06,154.0,1461.0,24.0,69.2,18465.0,4,52,0
2025-08-23 00:00:00,CNC-007,68.8,0.82,155.9,1460.0,24.3,72.7,18470.0,4,8,0
2025-08-23 06:00:00,CNC-007,70.5,0.92,155.3,1468.0,24.0,69.7,18476.0,4,8,0
2025-08-23 12:00:00,CNC-007,66.7,1.21,160.7,1465.0,23.3,77.5,18480.0,4,53,0
2025-08-23 18:00:00,CNC-007,67.2,0.85,154.8,1470.0,24.6,70.5,18486.0,4,53,0
2025-08-24 00:00:00,CNC-007,67.4,0.82,157.3,1471.0,23.7,68.4,18492.0,4,54,0
2025-08-24 06:00:00,CNC-007,70.1,0.8,155.1,1471.0,25.2,71.0,18498.0,4,54,0
2025-08-24 12:00:00,CNC-007,68.5,1.23,154.3,1474.0,24.9,71.9,18503.0,4,54,0
2025-08-24 18:00:00,CNC-007,64.6,0.89,155.5,1471.0,22.6,69.4,18508.0,4,54,0
2025-08-25 00:00:00,CNC-007,66.0,0.87,158.2,1469.0,24.6,72.7,18514.0,4,10,0
2025-08-25 06:00:00,CNC-007,68.3,0.99,154.8,1469.0,22.8,73.8,18520.0,4,10,0
2025-08-25 12:00:00,CNC-007,67.4,0.81,150.1,1479.0,23.4,69.5,18524.0,4,55,0
2025-08-25 18:00:00,CNC-007,66.3,0.94,156.4,1463.0,23.6,70.7,18530.0,4,55,0
2025-08-26 00:00:00,CNC-007,66.7,0.82,155.4,1470.0,23.5,72.0,18534.0,4,56,0
2025-08-26 06:00:00,CNC-007,72.1,0.82,157.7,1464.0,23.5,71.5,18539.0,4,11,0
2025-08-26 12:00:00,CNC-007,69.5,0.93,156.2,1462.0,23.5,72.4,18543.0,4,56,0
2025-08-26 18:00:00,CNC-007,65.4,1.27,155.4,1459.0,24.2,70.0,18547.0,4,56,0
2025-08-27 00:00:00,CNC-007,67.6,1.02,154.4,1469.0,24.2,69.8,18552.0,4,57,0
2025-08-27 06:00:00,CNC-007,69.5,0.81,155.7,1477.0,24.0,72.6,18556.0,4,57,0
2025-08-27 12:00:00,CNC-007,67.8,1.0,155.6,1478.0,24.4,69.8,18561.0,4,57,0
2025-08-27 18:00:00,CNC-007,64.4,0.81,154.9,1473.0,23.5,69.3,18566.0,4,12,0
2025-08-28 00:00:00,CNC-007,67.3,0.91,155.6,1457.0,24.1,70.8,18571.0,4,58,0
2025-08-28 06:00:00,CNC-007,71.7,1.23,155.3,1450.0,25.0,73.3,18577.0,4,13,0
2025-08-28 12:00:00,CNC-007,66.0,0.81,152.3,1468.0,24.3,73.4,18583.0,4,58,0
2025-08-28 18:00:00,CNC-007,64.9,0.88,154.1,1471.0,23.0,71.2,18589.0,4,58,0
2025-08-29 00:00:00,CNC-007,68.8,0.87,155.6,1473.0,24.5,69.4,18594.0,4,59,0
2025-08-29 06:00:00,CNC-007,70.6,0.86,154.0,1460.0,24.4,71.7,18601.0,4,59,0
2025-08-29 12:00:00,CNC-007,65.6,0.94,153.2,1451.0,23.8,74.6,18607.0,4,59,0
2025-08-29 18:00:00,CNC-007,63.9,0.94,160.6,1463.0,23.3,75.7,18613.0,4,14,0
2025-08-30 00:00:00,CNC-007,68.6,1.33,156.6,1467.0,24.7,70.9,18618.0,4,0,0
2025-08-30 06:00:00,CNC-007,71.8,1.01,153.2,1455.0,24.2,71.5,18622.0,4,15,0
2025-08-30 12:00:00,CNC-007,69.7,1.06,153.7,1480.0,24.8,75.0,18626.0,4,0,0
2025-08-30 18:00:00,CNC-007,62.5,0.84,152.6,1459.0,23.5,71.1,18632.0,4,0,0
2025-08-31 00:00:00,CNC-007,67.1,1.33,154.6,1470.0,24.6,69.6,18638.0,4,1,0
2025-08-31 06:00:00,CNC-007,69.5,0.85,155.5,1460.0,23.9,70.0,18643.0,4,61,0
2025-08-31 12:00:00,CNC-007,66.7,0.9,156.2,1477.0,24.3,74.3,18647.0,4,16,0
2025-08-31 18:00:00,CNC-007,64.3,0.82,155.1,1464.0,23.9,71.7,18653.0,4,16,0
2025-09-01 00:00:00,CNC-007,67.3,0.82,154.2,1463.0,23.3,71.5,18658.0,4,2,0
2025-09-01 06:00:00,CNC-007,69.2,0.88,158.9,1466.0,24.0,73.9,18664.0,4,17,0
2025-09-01 12:00:00,CNC-007,68.8,1.04,156.4,1450.0,23.7,72.0,18669.0,4,2,0
2025-09-01 18:00:00,CNC-007,66.6,1.05,155.5,1458.0,23.9,75.6,18675.0,4,17,0
2025-09-02 00:00:00,CNC-007,68.4,0.88,156.2,1463.0,23.8,71.3,18681.0,4,63,0
2025-09-02 06:00:00,CNC-007,68.3,0.86,155.3,1456.0,24.3,72.3,18687.0,4,18,0
2025-09-02 12:00:00,CNC-007,67.9,0.94,155.6,1469.0,24.6,72.2,18692.0,4,18,0
2025-09-02 18:00:00,CNC-007,65.9,0.95,155.2,1469.0,24.2,69.0,18698.0,4,18,0
2025-09-03 00:00:00,CNC-007,66.7,0.82,155.2,1471.0,23.1,74.3,18702.0,4,4,0
2025-09-03 06:00:00,CNC-007,70.5,0.94,154.9,1474.0,25.4,76.1,18708.0,4,64,0
2025-09-03 12:00:00,CNC-007,70.0,0.95,160.1,1481.0,24.3,67.9,18713.0,4,64,0
2025-09-03 18:00:00,CNC-007,64.8,1.27,155.2,1463.0,23.7,70.8,18719.0,4,4,0
2025-09-04 00:00:00,CNC-007,67.4,0.97,155.9,1459.0,23.7,71.1,18724.0,4,20,0
2025-09-04 06:00:00,CNC-007,68.4,0.85,156.4,1461.0,24.2,74.6,18729.0,4,65,0
2025-09-04 12:00:00,CNC-007,65.9,0.83,154.5,1477.0,24.3,74.7,18735.0,4,5,0
2025-09-04 18:00:00,CNC-007,64.0,1.01,151.3,1471.0,24.2,70.2,18740.0,4,5,0
2025-09-05 00:00:00,CNC-007,69.2,0.9,154.5,1480.0,23.8,74.4,18745.0,4,21,0
2025-09-05 06:00:00,CNC-007,68.3,0.9,154.0,1461.0,24.1,73.3,18751.0,4,66,0
2025-09-05 12:00:00,CNC-007,66.6,1.29,152.2,1473.0,25.4,73.5,18756.0,4,21,0
2025-09-05 18:00:00,CNC-007,67.2,0.93,154.5,1457.0,24.8,74.8,18762.0,4,6,0
2025-09-06 00:00:00,CNC-007,68.6,0.98,155.9,1454.0,24.7,72.5,18766.0,4,7,0
2025-09-06 06:00:00,CNC-007,72.1,1.4,151.5,1463.0,25.2,73.1,18772.0,4,67,0
2025-09-06 12:00:00,CNC-007,69.5,1.25,156.3,1469.0,25.0,72.2,18777.0,4,67,0
2025-09-06 18:00:00,CNC-007,67.2,1.08,154.3,1465.0,24.6,71.5,18783.0,4,67,0
2025-09-07 00:00:00,CNC-007,68.4,1.43,153.9,1456.0,24.0,72.9,18788.0,4,8,0
2025-09-07 06:00:00,CNC-007,73.0,1.47,152.3,1466.0,27.3,73.4,18792.0,4,68,0
2025-09-07 12:00:00,CNC-007,70.0,1.55,150.5,1445.0,26.0,75.7,18798.0,4,8,0
2025-09-07 18:00:00,CNC-007,70.9,1.49,154.6,1461.0,24.9,75.4,18804.0,4,23,0
2025-09-08 00:00:00,CNC-007,70.9,1.66,150.0,1462.0,25.4,71.1,18810.0,4,9,0
2025-09-08 06:00:00,CNC-007,70.5,1.69,150.2,1464.0,27.6,77.2,18814.0,4,24,0
2025-09-08 12:00:00,CNC-007,70.9,1.19,153.2,1460.0,25.7,73.6,18821.0,4,9,0
2025-09-08 18:00:00,CNC-007,66.6,1.7,152.1,1463.0,26.3,71.1,18827.0,4,69,0
2025-09-09 00:00:00,CNC-007,70.6,1.34,149.4,1455.0,25.6,77.0,18833.0,4,25,0
2025-09-09 06:00:00,CNC-007,73.0,1.51,151.6,1449.0,27.0,73.3,18839.0,4,10,0
2025-09-09 12:00:00,CNC-007,71.8,1.77,150.1,1463.0,27.4,71.1,18845.0,4,10,0
2025-09-09 18:00:00,CNC-007,67.6,1.81,151.6,1468.0,25.8,72.2,18851.0,4,70,0
2025-09-10 00:00:00,CNC-007,74.3,1.96,149.6,1447.0,27.4,78.4,18855.0,4,26,0
2025-09-10 06:00:00,CNC-007,73.5,2.23,154.6,1463.0,28.0,77.5,18861.0,4,71,0
2025-09-10 12:00:00,CNC-007,72.9,2.08,152.8,1445.0,28.9,73.9,18867.0,4,71,0
2025-09-10 18:00:00,CNC-007,71.5,1.76,152.5,1444.0,26.4,76.7,18872.0,4,71,0
2025-09-11 00:00:00,CNC-007,72.0,1.98,147.3,1443.0,27.4,73.1,18879.0,4,12,0
2025-09-11 06:00:00,CNC-007,74.5,3.0,150.8,1456.0,29.7,75.2,18883.0,4,12,0
2025-09-11 12:00:00,CNC-007,71.6,2.71,149.9,1455.0,29.4,79.8,18889.0,4,72,0
2025-09-11 18:00:00,CNC-007,71.7,2.24,148.0,1435.0,28.2,74.2,18893.0,4,72,0
2025-09-12 00:00:00,CNC-007,73.9,1.92,152.3,1441.0,28.1,78.0,18900.0,4,13,1
2025-09-12 06:00:00,CNC-007,78.1,1.87,152.3,1435.0,28.6,79.9,18906.0,4,28,1
2025-09-12 12:00:00,CNC-007,72.7,2.92,154.4,1432.0,29.3,74.1,18910.0,4,13,1
2025-09-12 18:00:00,CNC-007,72.0,1.92,147.8,1460.0,28.4,76.6,18915.0,4,13,1
2025-09-13 00:00:00,CNC-007,74.4,1.97,151.1,1466.0,27.6,79.9,18920.0,4,14,1
2025-09-13 06:00:00,CNC-007,75.3,3.23,151.9,1433.0,32.5,77.3,18925.0,4,74,1
2025-09-13 12:00:00,CNC-007,70.0,2.03,152.1,1462.0,28.7,78.4,18930.0,4,14,1
2025-09-13 18:00:00,CNC-007,71.9,1.9,147.2,1437.0,27.7,81.8,18935.0,4,29,1
2025-09-14 00:00:00,CNC-007,79.9,1.92,154.9,1460.0,30.7,75.0,18940.0,4,30,1
2025-09-14 06:00:00,CNC-007,73.0,3.01,148.2,1449.0,29.6,82.5,18946.0,4,30,1
2025-09-14 12:00:00,CNC-007,78.1,2.75,152.0,1422.0,31.1,81.2,18951.0,4,75,1
2025-09-14 18:00:00,CNC-007,77.0,2.1,148.8,1436.0,28.3,78.4,18956.0,4,30,1
2025-09-15 00:00:00,CNC-007,74.4,3.17,149.4,1451.0,31.5,77.0,18960.0,4,76,1
2025-09-15 06:00:00,CNC-007,77.9,3.07,151.0,1429.0,32.3,76.3,18965.0,4,16,1
2025-09-15 12:00:00,CNC-007,77.3,2.75,143.6,1458.0,30.3,80.3,18970.0,4,31,1
2025-09-15 18:00:00,CNC-007,71.9,2.81,148.1,1451.0,30.6,83.9,18976.0,4,16,1
2025-09-16 00:00:00,CNC-007,79.4,3.87,147.7,1438.0,34.0,82.9,18981.0,4,77,1
2025-09-16 06:00:00,CNC-007,75.9,3.89,143.3,1430.0,33.6,78.0,18986.0,4,77,1
2025-09-16 12:00:00,CNC-007,76.2,3.86,147.1,1412.0,32.9,82.2,18993.0,4,17,1
2025-09-16 18:00:00,CNC-007,75.9,3.24,145.4,1457.0,32.9,75.4,18997.0,4,17,1
2025-09-17 00:00:00,CNC-007,81.5,3.07,148.0,1430.0,34.1,83.6,19003.0,4,33,1
2025-09-17 06:00:00,CNC-007,83.0,4.0,148.6,1425.0,33.3,83.9,19010.0,4,18,1
2025-09-17 12:00:00,CNC-007,79.3,2.32,145.3,1442.0,30.5,86.3,19016.0,4,78,1
2025-09-17 18:00:00,CNC-007,75.9,2.69,146.8,1423.0,31.1,82.6,19021.0,4,18,1
2025-09-18 00:00:00,CNC-007,74.1,2.37,148.0,1417.0,30.9,87.5,19026.0,4,79,1
2025-09-18 06:00:00,CNC-007,80.6,3.32,139.1,1431.0,34.0,86.5,19031.0,4,79,1
2025-09-18 12:00:00,CNC-007,75.6,2.45,146.3,1419.0,31.8,81.1,19036.0,4,19,1
2025-09-18 18:00:00,CNC-007,79.3,3.48,147.8,1433.0,34.3,83.9,19040.0,4,19,1
2025-09-19 00:00:00,CNC-007,67.7,1.06,156.6,1472.0,23.8,73.0,19045.0,4,80,0
2025-09-19 06:00:00,CNC-007,70.9,0.86,156.9,1463.0,24.8,72.0,19051.0,4,20,0
2025-09-19 12:00:00,CNC-007,68.9,0.91,155.9,1460.0,24.6,73.0,19056.0,4,35,0
2025-09-19 18:00:00,CNC-007,67.0,0.94,153.3,1465.0,23.7,72.2,19062.0,4,35,0
2025-09-20 00:00:00,CNC-007,68.1,0.83,152.6,1462.0,23.7,73.3,19066.0,4,81,0
2025-09-20 06:00:00,CNC-007,68.6,0.99,157.4,1480.0,25.0,75.7,19071.0,4,36,0
2025-09-20 12:00:00,CNC-007,67.3,1.06,159.6,1483.0,24.3,74.1,19075.0,4,36,0
2025-09-20 18:00:00,CNC-007,66.0,1.12,153.9,1453.0,24.1,73.1,19082.0,4,21,0
2025-09-21 00:00:00,CNC-007,67.4,0.93,155.0,1467.0,24.2,71.2,19087.0,4,82,0
2025-09-21 06:00:00,CNC-007,71.6,1.33,152.0,1454.0,25.6,72.3,19094.0,4,37,0
2025-09-21 12:00:00,CNC-007,67.4,0.81,158.5,1465.0,23.8,73.0,19098.0,4,82,0
2025-09-21 18:00:00,CNC-007,64.5,0.92,152.8,1451.0,23.3,74.4,19104.0,4,37,0
2025-09-22 00:00:00,CNC-007,68.5,0.81,153.6,1484.0,23.9,70.7,19110.0,4,23,0
2025-09-22 06:00:00,CNC-007,68.9,0.85,155.3,1469.0,25.2,71.8,19116.0,4,83,0
2025-09-22 12:00:00,CNC-007,67.9,0.95,156.1,1469.0,22.7,72.5,19120.0,4,38,0
2025-09-22 18:00:00,CNC-007,65.9,1.35,154.3,1451.0,24.5,69.6,19126.0,4,83,0
2025-09-23 00:00:00,CNC-007,65.3,0.92,156.8,1465.0,23.9,73.5,19131.0,4,24,0
2025-09-23 06:00:00,CNC-007,70.0,1.0,153.9,1461.0,24.7,73.1,19137.0,4,39,0
2025-09-23 12:00:00,CNC-007,66.4,0.81,154.7,1475.0,24.5,72.3,19142.0,4,84,0
2025-09-23 18:00:00,CNC-007,65.8,0.82,156.8,1467.0,24.0,69.2,19146.0,4,39,0
2025-09-24 00:00:00,CNC-007,66.9,0.82,158.4,1456.0,23.7,68.4,19153.0,4,40,0
2025-09-24 06:00:00,CNC-007,69.9,0.84,153.4,1458.0,25.2,73.3,19158.0,4,85,0
2025-09-24 12:00:00,CNC-007,69.2,0.92,151.0,1465.0,25.0,73.7,19162.0,4,25,0
2025-09-24 18:00:00,CNC-007,66.1,0.82,155.9,1457.0,23.1,70.7,19166.0,4,40,0
2025-09-25 00:00:00,CNC-007,68.3,0.93,154.0,1463.0,24.5,69.7,19172.0,4,26,0
2025-09-25 06:00:00,CNC-007,71.7,0.87,153.9,1462.0,24.3,75.3,19177.0,4,86,0
2025-09-25 12:00:00,CNC-007,66.4,0.88,152.0,1473.0,24.5,72.1,19183.0,4,41,0
2025-09-25 18:00:00,CNC-007,64.5,0.8,155.5,1463.0,23.7,71.3,19189.0,4,86,0
2025-09-26 00:00:00,CNC-007,67.6,0.85,157.3,1459.0,24.8,71.7,19194.0,4,42,0
2025-09-26 06:00:00,CNC-007,68.7,0.92,153.4,1466.0,24.9,74.9,19199.0,4,27,0
2025-09-26 12:00:00,CNC-007,67.8,0.81,153.8,1470.0,23.7,71.0,19203.0,4,27,0
2025-09-26 18:00:00,CNC-007,65.0,0.84,154.6,1465.0,23.3,70.9,19208.0,4,87,0
2025-09-27 00:00:00,CNC-007,67.8,0.81,156.7,1454.0,23.1,67.5,19212.0,4,88,0
2025-09-27 06:00:00,CNC-007,69.7,0.86,153.0,1464.0,24.1,69.2,19216.0,4,28,0
2025-09-27 12:00:00,CNC-007,68.7,0.9,156.0,1453.0,24.2,72.2,19220.0,4,88,0
2025-09-27 18:00:00,CNC-007,65.7,0.87,153.8,1474.0,23.7,71.0,19227.0,4,43,0
2025-09-28 00:00:00,CNC-007,67.5,0.92,154.6,1458.0,24.0,72.2,19231.0,4,44,0
2025-09-28 06:00:00,CNC-007,71.5,0.96,160.1,1452.0,25.2,69.3,19235.0,4,29,0
2025-09-28 12:00:00,CNC-007,68.5,0.88,154.6,1461.0,24.4,70.1,19240.0,4,44,0
2025-09-28 18:00:00,CNC-007,64.8,1.02,159.4,1460.0,23.7,66.5,19244.0,4,44,0
2025-09-29 00:00:00,CNC-007,67.3,0.89,153.4,1473.0,23.7,71.7,19249.0,4,0,0
2025-09-29 06:00:00,CNC-007,70.0,0.81,155.6,1467.0,24.1,68.6,19254.0,4,30,0
2025-09-29 12:00:00,CNC-007,69.4,0.87,153.8,1456.0,23.6,71.3,19258.0,4,0,0
2025-09-29 18:00:00,CNC-007,66.5,0.97,155.7,1458.0,23.1,70.4,19263.0,4,30,0
2025-09-30 00:00:00,CNC-007,68.5,1.01,155.7,1470.0,24.6,69.6,19270.0,4,1,0
2025-09-30 06:00:00,CNC-007,70.8,0.92,151.4,1474.0,24.1,73.8,19275.0,4,1,0
2025-09-30 12:00:00,CNC-007,67.9,0.85,156.6,1466.0,24.0,72.1,19280.0,4,1,0
2025-09-30 18:00:00,CNC-007,66.0,0.81,153.7,1466.0,24.4,70.8,19285.0,4,1,0
2025-10-01 00:00:00,CNC-007,67.5,0.95,158.4,1475.0,23.7,69.5,19289.0,4,2,0
2025-10-01 06:00:00,CNC-007,70.5,1.14,154.6,1468.0,25.5,71.2,19294.0,4,2,0
2025-10-01 12:00:00,CNC-007,65.4,0.89,155.2,1472.0,24.3,69.6,19298.0,4,2,0
2025-10-01 18:00:00,CNC-007,66.3,0.87,153.4,1468.0,22.9,71.9,19304.0,4,2,0
2025-10-02 00:00:00,CNC-007,68.2,0.93,152.3,1469.0,23.9,71.2,19309.0,4,3,0
2025-10-02 06:00:00,CNC-007,67.7,0.96,154.6,1464.0,25.3,71.3,19313.0,4,3,0
2025-10-02 12:00:00,CNC-007,68.9,1.01,152.5,1452.0,24.0,71.7,19319.0,4,3,0
2025-10-02 18:00:00,CNC-007,65.6,1.13,155.5,1479.0,24.8,70.4,19324.0,4,3,0
2025-10-03 00:00:00,CNC-007,66.5,1.0,153.3,1471.0,23.2,71.7,19328.0,4,34,0
2025-10-03 06:00:00,CNC-007,70.6,1.0,158.5,1467.0,24.4,70.6,19334.0,4,4,0
2025-10-03 12:00:00,CNC-007,66.9,0.84,157.4,1469.0,23.1,74.4,19338.0,4,4,0
2025-10-03 18:00:00,CNC-007,66.1,0.82,152.5,1473.0,23.8,69.6,19343.0,4,4,0
2025-10-04 00:00:00,CNC-007,68.8,1.08,154.6,1481.0,24.4,70.1,19347.0,4,35,0
2025-10-04 06:00:00,CNC-007,68.4,0.83,157.2,1460.0,23.7,75.1,19354.0,4,5,0
2025-10-04 12:00:00,CNC-007,68.3,0.85,153.5,1474.0,23.3,72.3,19360.0,4,35,0
2025-10-04 18:00:00,CNC-007,65.3,1.04,153.7,1462.0,23.6,72.3,19364.0,4,35,0
2025-10-05 00:00:00,CNC-007,66.3,0.89,156.3,1464.0,24.6,70.6,19370.0,4,6,0
2025-10-05 06:00:00,CNC-007,67.9,1.0,155.7,1470.0,24.1,70.5,19375.0,4,6,0
2025-10-05 12:00:00,CNC-007,67.4,1.07,155.4,1478.0,24.6,71.1,19381.0,4,36,0
2025-10-05 18:00:00,CNC-007,65.7,0.82,152.9,1478.0,23.7,75.2,19385.0,4,6,0
2025-10-06 00:00:00,CNC-007,67.8,0.81,155.3,1463.0,24.1,69.8,19390.0,4,7,0
2025-10-06 06:00:00,CNC-007,69.4,0.95,153.5,1464.0,25.3,74.2,19395.0,4,37,0
2025-10-06 12:00:00,CNC-007,66.8,1.18,155.1,1459.0,24.1,71.5,19401.0,4,7,0
2025-10-06 18:00:00,CNC-007,66.3,0.82,155.3,1470.0,24.3,73.3,19406.0,4,7,0
2025-10-07 00:00:00,CNC-007,67.6,1.02,157.7,1464.0,24.8,72.3,19412.0,4,38,0
2025-10-07 06:00:00,CNC-007,68.2,0.91,150.3,1457.0,23.2,70.7,19418.0,4,38,0
2025-10-07 12:00:00,CNC-007,67.4,1.07,157.3,1476.0,24.9,74.7,19425.0,4,8,0
2025-10-07 18:00:00,CNC-007,62.2,1.67,155.2,1472.0,25.1,70.7,19431.0,4,38,0
2025-10-08 00:00:00,CNC-007,66.1,1.05,154.0,1456.0,24.6,70.3,19435.0,4,9,0
2025-10-08 06:00:00,CNC-007,68.5,0.81,158.3,1459.0,23.8,72.1,19441.0,4,9,0
2025-10-08 12:00:00,CNC-007,67.9,0.82,155.3,1475.0,23.3,72.0,19447.0,4,9,0
2025-10-08 18:00:00,CNC-007,64.0,0.81,160.5,1467.0,23.2,75.2,19452.0,4,9,0
2025-10-09 00:00:00,CNC-007,67.4,0.88,157.5,1466.0,24.2,72.3,19458.0,4,40,0
2025-10-09 06:00:00,CNC-007,67.0,0.89,154.7,1451.0,23.1,71.4,19463.0,4,40,0
2025-10-09 12:00:00,CNC-007,67.0,0.85,150.5,1456.0,24.7,72.4,19468.0,4,10,0
2025-10-09 18:00:00,CNC-007,65.0,0.85,152.3,1476.0,22.8,73.7,19474.0,4,10,0
2025-10-10 00:00:00,CNC-007,67.4,0.83,152.3,1460.0,23.1,74.0,19479.0,4,41,0
2025-10-10 06:00:00,CNC-007,72.9,0.86,155.8,1472.0,24.7,72.5,19484.0,4,11,0
2025-10-10 12:00:00,CNC-007,65.5,0.84,155.0,1452.0,22.9,72.5,19490.0,4,11,0
2025-10-10 18:00:00,CNC-007,66.3,0.99,155.9,1467.0,23.7,69.3,19496.0,4,11,0
2025-10-11 00:00:00,CNC-007,66.1,1.07,152.9,1481.0,24.3,71.2,19501.0,4,12,0
2025-10-11 06:00:00,CNC-007,69.2,0.86,156.1,1467.0,23.6,71.2,19507.0,4,12,0
2025-10-11 12:00:00,CNC-007,66.7,0.88,153.5,1455.0,23.8,75.1,19512.0,4,12,0
2025-10-11 18:00:00,CNC-007,66.7,0.81,153.0,1476.0,23.2,70.2,19517.0,4,12,0
2025-10-12 00:00:00,CNC-007,68.3,0.88,156.8,1468.0,24.6,70.4,19522.0,4,13,0
2025-10-12 06:00:00,CNC-007,69.1,0.89,155.7,1467.0,23.8,73.9,19528.0,4,13,0
2025-10-12 12:00:00,CNC-007,67.9,1.04,155.3,1467.0,24.3,72.3,19534.0,4,43,0
2025-10-12 18:00:00,CNC-007,64.1,0.82,157.6,1458.0,22.7,71.1,19540.0,4,43,0
2025-10-13 00:00:00,CNC-007,67.3,1.03,156.8,1464.0,24.3,71.1,19547.0,4,14,0
2025-10-13 06:00:00,CNC-007,69.2,1.01,154.3,1473.0,24.7,70.5,19553.0,4,44,0
2025-10-13 12:00:00,CNC-007,67.1,0.81,154.6,1464.0,23.1,74.6,19559.0,4,44,0
2025-10-13 18:00:00,CNC-007,65.6,1.11,153.7,1473.0,23.7,75.1,19564.0,4,44,0
2025-10-14 00:00:00,CNC-007,68.8,0.81,157.3,1467.0,24.3,70.1,19569.0,4,15,0
2025-10-14 06:00:00,CNC-007,70.4,1.08,151.5,1473.0,24.8,74.7,19575.0,4,15,0
2025-10-14 12:00:00,CNC-007,68.4,0.87,155.4,1472.0,23.6,75.1,19581.0,4,15,0
2025-10-14 18:00:00,CNC-007,65.3,0.85,154.0,1463.0,23.4,70.7,19586.0,4,45,0
2025-10-15 00:00:00,CNC-007,66.2,1.19,151.8,1472.0,24.2,73.7,19593.0,4,46,0
2025-10-15 06:00:00,CNC-007,69.9,1.36,157.9,1471.0,25.0,72.0,19599.0,4,16,0
2025-10-15 12:00:00,CNC-007,66.8,1.24,157.1,1460.0,24.2,69.8,19605.0,4,16,0
2025-10-15 18:00:00,CNC-007,64.1,1.11,155.7,1465.0,23.4,72.7,19609.0,4,46,0
2025-10-16 00:00:00,CNC-007,66.1,1.13,155.2,1460.0,24.3,75.6,19613.0,4,17,0
2025-10-16 06:00:00,CNC-007,69.9,1.14,155.3,1464.0,24.6,72.4,19619.0,4,17,0
2025-10-16 12:00:00,CNC-007,67.2,1.14,151.9,1461.0,24.6,68.8,19624.0,4,17,0
2025-10-16 18:00:00,CNC-007,65.5,0.98,152.0,1471.0,23.5,67.7,19631.0,4,17,0
2025-10-17 00:00:00,CNC-007,67.0,1.19,153.6,1465.0,25.6,75.0,19636.0,4,18,0
2025-10-17 06:00:00,CNC-007,70.8,1.05,155.7,1463.0,24.2,74.8,19641.0,4,18,0
2025-10-17 12:00:00,CNC-007,68.7,1.29,153.3,1470.0,25.4,73.8,19645.0,4,18,0
2025-10-17 18:00:00,CNC-007,67.2,1.34,154.4,1451.0,24.5,69.3,19651.0,4,18,0
2025-10-18 00:00:00,CNC-007,68.5,1.45,154.6,1446.0,25.4,76.3,19656.0,4,19,0
2025-10-18 06:00:00,CNC-007,73.6,1.19,155.0,1449.0,25.7,73.3,19661.0,4,19,0
2025-10-18 12:00:00,CNC-007,70.3,1.29,155.1,1465.0,25.0,74.4,19665.0,4,19,0
2025-10-18 18:00:00,CNC-007,68.7,1.47,155.5,1453.0,25.3,74.7,19669.0,4,19,0
2025-10-19 00:00:00,CNC-007,72.0,2.1,150.2,1444.0,28.6,71.7,19675.0,4,50,0
2025-10-19 06:00:00,CNC-007,72.4,2.07,154.3,1449.0,26.7,73.6,19679.0,4,20,0
2025-10-19 12:00:00,CNC-007,73.2,1.86,154.4,1458.0,27.2,75.5,19684.0,4,50,0
2025-10-19 18:00:00,CNC-007,68.3,1.41,151.5,1442.0,25.5,75.3,19690.0,4,20,0
2025-10-20 00:00:00,CNC-007,71.8,1.71,155.0,1450.0,27.0,82.7,19696.0,4,51,0
2025-10-20 06:00:00,CNC-007,74.1,2.09,152.7,1449.0,28.1,77.6,19701.0,4,51,0
2025-10-20 12:00:00,CNC-007,70.7,2.06,149.0,1449.0,28.4,72.9,19707.0,4,21,0
2025-10-20 18:00:00,CNC-007,67.9,2.01,148.0,1459.0,27.2,75.9,19712.0,4,21,0
2025-10-21 00:00:00,CNC-007,73.2,1.93,149.8,1438.0,28.2,74.8,19718.0,4,52,0
2025-10-21 06:00:00,CNC-007,74.9,1.79,148.6,1457.0,27.1,76.8,19723.0,4,52,0
2025-10-21 12:00:00,CNC-007,71.1,1.9,149.4,1450.0,27.1,75.5,19727.0,4,52,0
2025-10-21 18:00:00,CNC-007,69.1,1.9,151.1,1450.0,27.3,73.7,19732.0,4,22,0
2025-10-22 00:00:00,CNC-007,75.0,2.06,152.2,1454.0,27.8,76.6,19737.0,4,23,1
2025-10-22 06:00:00,CNC-007,76.4,2.32,147.6,1450.0,29.1,81.0,19742.0,4,23,1
2025-10-22 12:00:00,CNC-007,71.8,1.59,150.6,1456.0,27.6,74.2,19747.0,4,23,1
2025-10-22 18:00:00,CNC-007,70.9,2.34,152.7,1440.0,28.6,76.6,19753.0,4,53,1
2025-10-23 00:00:00,CNC-007,75.4,2.37,148.3,1433.0,30.0,75.1,19757.0,4,24,1
2025-10-23 06:00:00,CNC-007,75.3,2.7,148.8,1455.0,31.7,77.2,19762.0,4,24,1
2025-10-23 12:00:00,CNC-007,73.7,2.37,148.9,1452.0,28.4,79.7,19766.0,4,54,1
2025-10-23 18:00:00,CNC-007,71.4,2.52,153.0,1452.0,28.8,79.8,19772.0,4,24,1
2025-10-24 00:00:00,CNC-007,71.8,3.04,149.6,1422.0,31.3,78.7,19778.0,4,25,1
2025-10-24 06:00:00,CNC-007,78.7,2.79,145.0,1442.0,31.0,75.6,19784.0,4,55,1
2025-10-24 12:00:00,CNC-007,76.3,2.93,152.6,1440.0,31.0,80.8,19790.0,4,25,1
2025-10-24 18:00:00,CNC-007,75.4,3.55,146.7,1443.0,32.7,76.7,19795.0,4,25,1
2025-10-25 00:00:00,CNC-007,75.4,2.05,148.0,1453.0,29.3,81.5,19799.0,4,56,1
2025-10-25 06:00:00,CNC-007,77.3,3.14,148.2,1430.0,32.5,75.8,19805.0,4,26,1
2025-10-25 12:00:00,CNC-007,76.7,2.78,153.1,1433.0,30.0,80.0,19809.0,4,26,1
2025-10-25 18:00:00,CNC-007,71.1,2.68,144.5,1439.0,30.3,76.4,19815.0,4,26,1
2025-10-26 00:00:00,CNC-007,73.7,2.41,150.4,1443.0,31.5,82.8,19820.0,4,27,1
2025-10-26 06:00:00,CNC-007,83.9,3.06,143.0,1442.0,31.9,80.7,19825.0,4,27,1
2025-10-26 12:00:00,CNC-007,80.9,3.77,146.7,1445.0,34.7,79.7,19831.0,4,27,1
2025-10-26 18:00:00,CNC-007,77.1,3.83,152.1,1417.0,33.5,82.3,19836.0,4,27,1
2025-10-27 00:00:00,CNC-007,78.3,2.82,148.7,1425.0,32.4,79.2,19840.0,4,28,1
2025-10-27 06:00:00,CNC-007,84.8,4.05,142.6,1441.0,34.8,83.7,19846.0,4,28,1
2025-10-27 12:00:00,CNC-007,78.5,4.26,142.4,1412.0,35.0,85.9,19852.0,4,28,1
2025-10-27 18:00:00,CNC-007,76.2,3.33,149.9,1423.0,32.8,79.0,19858.0,4,58,1
2025-10-28 00:00:00,CNC-007,76.0,4.48,145.6,1425.0,35.6,80.8,19864.0,4,59,1
2025-10-28 06:00:00,CNC-007,82.6,3.13,145.2,1408.0,33.5,83.7,19869.0,4,59,1
2025-10-28 12:00:00,CNC-007,80.7,4.16,147.2,1422.0,36.0,81.8,19875.0,4,29,1
2025-10-28 18:00:00,CNC-007,72.7,4.33,143.9,1405.0,32.7,81.3,19880.0,4,29,1
2025-10-29 00:00:00,CNC-007,67.7,1.12,154.5,1466.0,25.2,71.4,19885.0,4,0,0
2025-10-29 06:00:00,CNC-007,68.4,0.95,153.7,1464.0,23.4,70.6,19890.0,4,30,0
2025-10-29 12:00:00,CNC-007,69.1,0.85,155.8,1463.0,23.6,69.6,19896.0,4,0,0
2025-10-29 18:00:00,CNC-007,64.1,1.15,155.7,1469.0,23.9,72.3,19902.0,4,30,0
2025-10-30 00:00:00,CNC-007,66.9,0.82,155.1,1474.0,23.2,72.0,19907.0,4,31,0
2025-10-30 06:00:00,CNC-007,70.7,1.02,154.9,1474.0,24.9,72.4,19911.0,4,31,0
2025-10-30 12:00:00,CNC-007,68.7,1.21,155.1,1473.0,25.4,69.7,19917.0,4,31,0
2025-10-30 18:00:00,CNC-007,67.2,1.09,155.2,1458.0,24.4,71.3,19923.0,4,1,0
2025-10-31 00:00:00,CNC-007,66.5,0.89,154.4,1469.0,24.0,72.7,19928.0,4,2,0
2025-10-31 06:00:00,CNC-007,67.8,0.95,157.0,1472.0,25.4,70.2,19934.0,4,32,0
2025-10-31 12:00:00,CNC-007,66.9,1.11,155.7,1469.0,24.5,69.8,19938.0,4,32,0
2025-10-31 18:00:00,CNC-007,64.2,0.88,154.9,1469.0,23.6,72.7,19943.0,4,32,0
2025-11-01 00:00:00,CNC-007,68.3,0.94,157.3,1469.0,25.2,73.6,19947.0,4,33,0
2025-11-01 06:00:00,CNC-007,67.5,0.81,156.1,1475.0,23.3,68.9,19952.0,4,3,0
2025-11-01 12:00:00,CNC-007,66.9,0.9,156.4,1472.0,23.9,72.4,19956.0,4,3,0
2025-11-01 18:00:00,CNC-007,63.0,1.18,156.6,1476.0,22.8,70.5,19960.0,4,33,0
2025-11-02 00:00:00,CNC-007,68.6,0.89,151.5,1459.0,24.6,74.0,19964.0,4,34,0
2025-11-02 06:00:00,CNC-007,69.2,0.83,151.5,1470.0,24.1,72.0,19969.0,4,34,0
2025-11-02 12:00:00,CNC-007,65.6,0.82,157.6,1463.0,24.0,69.9,19975.0,4,4,0
2025-11-02 18:00:00,CNC-007,65.9,1.01,155.7,1468.0,23.7,70.5,19982.0,4,4,0
2025-11-03 00:00:00,CNC-007,66.3,0.97,154.8,1473.0,24.2,73.2,19986.0,4,35,0
2025-11-03 06:00:00,CNC-007,69.2,0.85,154.7,1455.0,23.8,69.2,19992.0,4,35,0
2025-11-03 12:00:00,CNC-007,68.0,0.8,152.6,1461.0,23.6,72.9,19996.0,4,35,0
2025-11-03 18:00:00,CNC-007,60.7,0.86,152.9,1470.0,22.8,75.6,20002.0,4,35,0
2025-11-04 00:00:00,CNC-007,67.3,1.06,153.2,1480.0,24.4,73.4,20008.0,4,36,0
2025-11-04 06:00:00,CNC-007,68.5,0.96,155.9,1473.0,24.4,74.2,20014.0,4,6,0
2025-11-04 12:00:00,CNC-007,68.1,1.0,155.7,1462.0,23.9,70.5,20020.0,4,6,0
2025-11-04 18:00:00,CNC-007,64.5,0.86,156.7,1468.0,23.7,70.8,20024.0,4,6,0
2025-11-05 00:00:00,CNC-007,65.4,0.81,156.3,1469.0,22.9,70.3,20030.0,4,37,0
2025-11-05 06:00:00,CNC-007,68.9,1.42,154.7,1468.0,25.2,69.9,20036.0,4,7,0
2025-11-05 12:00:00,CNC-007,67.8,0.9,154.7,1467.0,23.7,75.6,20041.0,4,37,0
2025-11-05 18:00:00,CNC-007,67.6,0.94,154.6,1453.0,24.1,72.2,20046.0,4,37,0
2025-11-06 00:00:00,CNC-007,64.8,0.82,156.5,1471.0,22.9,69.8,20052.0,4,8,0
2025-11-06 06:00:00,CNC-007,69.5,1.36,155.3,1458.0,25.9,72.7,20058.0,4,38,0
2025-11-06 12:00:00,CNC-007,66.2,0.9,156.4,1452.0,22.6,70.6,20062.0,4,8,0
2025-11-06 18:00:00,CNC-007,64.4,0.82,156.1,1477.0,23.9,72.2,20067.0,4,8,0
2025-11-07 00:00:00,CNC-007,66.2,0.88,156.3,1469.0,23.4,70.2,20072.0,4,39,0
2025-11-07 06:00:00,CNC-007,67.1,0.81,155.7,1471.0,24.5,75.6,20077.0,4,39,0
2025-11-07 12:00:00,CNC-007,67.4,0.83,155.8,1469.0,23.9,75.2,20083.0,4,9,0
2025-11-07 18:00:00,CNC-007,62.2,0.95,156.6,1469.0,23.9,71.2,20087.0,4,39,0
2025-11-08 00:00:00,CNC-007,66.7,0.9,154.2,1451.0,23.8,72.7,20093.0,4,40,0
2025-11-08 06:00:00,CNC-007,70.1,1.15,155.6,1485.0,24.6,72.5,20099.0,4,40,0
2025-11-08 12:00:00,CNC-007,68.2,0.89,158.5,1467.0,24.5,71.1,20105.0,4,10,0
2025-11-08 18:00:00,CNC-007,64.6,0.86,157.5,1467.0,22.8,67.1,20109.0,4,40,0
2025-11-09 00:00:00,CNC-007,65.5,0.82,149.6,1466.0,22.8,69.6,20115.0,4,41,0
2025-11-09 06:00:00,CNC-007,67.5,1.17,158.4,1444.0,24.3,70.8,20120.0,4,11,0
2025-11-09 12:00:00,CNC-007,65.1,0.88,154.4,1464.0,22.9,69.5,20125.0,4,41,0
2025-11-09 18:00:00,CNC-007,65.5,0.89,154.9,1460.0,23.3,69.7,20131.0,4,11,0
2025-11-10 00:00:00,CNC-007,67.8,0.88,156.8,1464.0,24.0,71.9,20136.0,4,42,0
2025-11-10 06:00:00,CNC-007,66.7,0.86,155.1,1463.0,23.2,72.5,20141.0,4,42,0
2025-11-10 12:00:00,CNC-007,67.5,0.95,154.2,1467.0,23.2,75.6,20146.0,4,42,0
2025-11-10 18:00:00,CNC-007,63.9,0.93,154.3,1471.0,23.9,67.2,20151.0,4,42,0
2025-11-11 00:00:00,CNC-007,66.9,0.82,156.6,1479.0,23.8,74.3,20156.0,4,43,0
2025-11-11 06:00:00,CNC-007,68.4,1.12,154.6,1468.0,24.4,72.0,20161.0,4,43,0
2025-11-11 12:00:00,CNC-007,66.0,1.35,154.3,1450.0,24.4,73.0,20166.0,4,13,0
2025-11-11 18:00:00,CNC-007,63.4,0.92,155.1,1473.0,23.3,66.2,20172.0,4,43,0
2025-11-12 00:00:00,CNC-007,67.4,0.92,155.9,1462.0,23.4,70.7,20177.0,4,44,0
2025-11-12 06:00:00,CNC-007,67.5,0.88,152.3,1460.0,23.7,75.1,20183.0,4,14,0
2025-11-12 12:00:00,CNC-007,66.2,0.81,155.1,1482.0,24.3,71.7,20189.0,4,44,0
2025-11-12 18:00:00,CNC-007,62.3,0.99,155.8,1470.0,23.1,70.6,20194.0,4,14,0
2025-11-13 00:00:00,CNC-007,64.7,0.87,154.1,1461.0,23.3,69.8,20199.0,4,15,0
2025-11-13 06:00:00,CNC-007,68.3,1.06,155.1,1467.0,24.7,67.3,20204.0,4,45,0
2025-11-13 12:00:00,CNC-007,66.2,0.94,153.1,1475.0,23.5,70.2,20210.0,4,45,0
2025-11-13 18:00:00,CNC-007,65.2,0.8,153.7,1469.0,23.2,71.0,20215.0,4,0,0
2025-11-14 00:00:00,CNC-007,67.2,0.86,154.2,1456.0,23.8,69.8,20221.0,4,46,0
2025-11-14 06:00:00,CNC-007,69.4,0.81,157.1,1470.0,23.6,68.6,20226.0,4,1,0
2025-11-14 12:00:00,CNC-007,65.6,1.03,153.9,1472.0,23.6,72.9,20233.0,4,46,0
2025-11-14 18:00:00,CNC-007,63.2,0.97,155.9,1465.0,24.0,70.5,20237.0,4,46,0
2025-11-15 00:00:00,CNC-007,67.3,0.87,154.1,1452.0,24.4,72.4,20243.0,4,2,0
2025-11-15 06:00:00,CNC-007,68.2,1.1,155.2,1460.0,24.9,71.4,20248.0,4,2,0
2025-11-15 12:00:00,CNC-007,66.4,0.82,156.5,1472.0,24.3,75.2,20254.0,4,47,0
2025-11-15 18:00:00,CNC-007,63.8,0.85,153.4,1480.0,23.2,72.5,20260.0,4,2,0
2025-11-16 00:00:00,CNC-007,69.3,0.87,155.1,1465.0,24.4,71.8,20265.0,4,18,0
2025-11-16 06:00:00,CNC-007,67.5,1.08,153.4,1465.0,24.1,73.5,20269.0,4,48,0
2025-11-16 12:00:00,CNC-007,67.5,0.89,154.1,1469.0,24.2,68.5,20275.0,4,3,0
2025-11-16 18:00:00,CNC-007,67.9,0.89,156.4,1475.0,24.0,68.1,20280.0,4,48,0
2025-11-17 00:00:00,CNC-007,67.9,0.95,155.0,1468.0,24.0,72.4,20285.0,4,4,0
2025-11-17 06:00:00,CNC-007,68.2,0.85,155.9,1487.0,24.5,72.7,20292.0,4,4,0
2025-11-17 12:00:00,CNC-007,66.2,1.06,153.6,1441.0,24.0,73.0,20296.0,4,49,0
2025-11-17 18:00:00,CNC-007,66.1,0.85,155.1,1466.0,23.6,71.9,20302.0,4,19,0
2025-11-18 00:00:00,CNC-007,66.0,0.94,152.8,1463.0,23.8,69.1,20307.0,4,5,0
2025-11-18 06:00:00,CNC-007,69.1,1.0,155.2,1472.0,24.2,70.4,20312.0,4,20,0
2025-11-18 12:00:00,CNC-007,65.9,0.83,154.9,1473.0,24.4,70.3,20317.0,4,5,0
2025-11-18 18:00:00,CNC-007,65.5,1.0,148.4,1472.0,24.3,69.6,20323.0,4,50,0
2025-11-19 00:00:00,CNC-007,65.6,0.83,152.7,1472.0,23.5,73.6,20328.0,4,6,0
2025-11-19 06:00:00,CNC-007,68.8,1.1,151.4,1469.0,24.7,70.4,20334.0,4,51,0
2025-11-19 12:00:00,CNC-007,67.8,0.92,155.4,1462.0,24.7,73.2,20340.0,4,21,0
2025-11-19 18:00:00,CNC-007,63.3,1.02,155.9,1481.0,22.8,73.0,20347.0,4,6,0
2025-11-20 00:00:00,CNC-007,65.6,0.83,155.1,1467.0,24.2,71.4,20352.0,4,7,0
2025-11-20 06:00:00,CNC-007,68.6,0.95,155.4,1458.0,24.6,72.2,20357.0,4,22,0
2025-11-20 12:00:00,CNC-007,65.0,1.02,155.5,1458.0,24.0,69.4,20362.0,4,52,0
2025-11-20 18:00:00,CNC-007,66.1,0.94,157.0,1458.0,23.7,71.2,20368.0,4,7,0
2025-11-21 00:00:00,CNC-007,66.9,0.82,153.0,1459.0,22.8,74.2,20372.0,4,53,0
2025-11-21 06:00:00,CNC-007,69.7,0.94,155.1,1470.0,24.2,65.5,20377.0,4,53,0
2025-11-21 12:00:00,CNC-007,67.3,0.85,153.3,1463.0,23.7,71.1,20384.0,4,23,0
2025-11-21 18:00:00,CNC-007,64.1,1.1,156.5,1460.0,23.2,70.5,20388.0,4,23,0
2025-11-22 00:00:00,CNC-007,66.1,1.39,154.0,1474.0,25.0,70.3,20392.0,4,9,0
2025-11-22 06:00:00,CNC-007,66.6,0.88,154.2,1457.0,23.5,73.1,20398.0,4,9,0
2025-11-22 12:00:00,CNC-007,67.1,0.85,152.2,1459.0,23.7,72.8,20403.0,4,24,0
2025-11-22 18:00:00,CNC-007,65.6,0.9,156.9,1462.0,22.3,70.6,20407.0,4,54,0
2025-11-23 00:00:00,CNC-007,65.2,0.92,154.7,1465.0,24.1,74.4,20411.0,4,25,0
2025-11-23 06:00:00,CNC-007,66.2,1.32,158.7,1469.0,24.7,72.1,20417.0,4,10,0
2025-11-23 12:00:00,CNC-007,65.2,0.82,155.7,1469.0,23.6,73.4,20423.0,4,55,0
2025-11-23 18:00:00,CNC-007,62.6,0.82,154.5,1464.0,22.5,71.1,20429.0,4,25,0
2025-11-24 00:00:00,CNC-007,64.2,0.88,154.9,1478.0,24.1,76.2,20433.0,4,26,0
2025-11-24 06:00:00,CNC-007,65.0,0.97,153.0,1463.0,23.7,70.9,20438.0,4,11,0
2025-11-24 12:00:00,CNC-007,66.9,0.99,155.9,1462.0,23.2,71.9,20444.0,4,26,0
2025-11-24 18:00:00,CNC-007,64.4,0.99,156.6,1463.0,24.0,71.4,20449.0,4,56,0
2025-11-25 00:00:00,CNC-007,67.1,0.82,154.7,1476.0,24.5,69.7,20454.0,4,27,0
2025-11-25 06:00:00,CNC-007,67.5,0.89,154.3,1471.0,24.3,72.6,20460.0,4,57,0
2025-11-25 12:00:00,CNC-007,65.2,0.91,154.9,1479.0,24.1,73.5,20465.0,4,12,0
2025-11-25 18:00:00,CNC-007,65.1,0.85,154.6,1473.0,23.4,70.5,20470.0,4,12,0
2025-11-26 00:00:00,CNC-007,66.2,0.96,156.5,1476.0,23.7,69.4,20475.0,4,58,0
2025-11-26 06:00:00,CNC-007,68.9,0.83,156.2,1463.0,24.7,70.4,20481.0,4,58,0
2025-11-26 12:00:00,CNC-007,64.0,0.82,157.5,1480.0,23.5,74.7,20486.0,4,28,0
2025-11-26 18:00:00,CNC-007,64.6,0.81,152.8,1457.0,23.6,76.4,20492.0,4,13,0
2025-11-27 00:00:00,CNC-007,65.1,0.88,154.0,1456.0,23.2,69.8,20498.0,4,29,0
2025-11-27 06:00:00,CNC-007,69.8,0.85,155.9,1468.0,24.4,72.3,20504.0,4,59,0
2025-11-27 12:00:00,CNC-007,66.6,1.07,152.4,1465.0,23.8,73.6,20509.0,4,59,0
2025-11-27 18:00:00,CNC-007,63.7,1.05,153.6,1464.0,23.5,74.2,20514.0,4,14,0
2025-11-28 00:00:00,CNC-007,63.4,1.07,150.9,1453.0,23.6,71.5,20519.0,4,30,0
2025-11-28 06:00:00,CNC-007,66.4,0.84,155.7,1470.0,23.7,70.9,20524.0,4,60,0
2025-11-28 12:00:00,CNC-007,66.0,0.85,154.6,1468.0,23.1,73.1,20529.0,4,15,0
2025-11-28 18:00:00,CNC-007,63.2,0.83,155.3,1461.0,23.5,71.5,20534.0,4,15,0
2025-11-29 00:00:00,CNC-007,64.7,0.98,157.8,1462.0,23.3,75.0,20539.0,4,31,0
2025-11-29 06:00:00,CNC-007,68.0,1.2,155.1,1458.0,24.2,71.9,20543.0,4,61,0
2025-11-29 12:00:00,CNC-007,66.7,0.82,155.8,1474.0,24.0,72.6,20548.0,4,31,0
2025-11-29 18:00:00,CNC-007,63.6,0.84,156.5,1471.0,23.1,70.9,20552.0,4,16,0
2025-11-30 00:00:00,CNC-007,65.0,0.92,151.0,1472.0,22.6,67.5,20559.0,4,17,0
2025-11-30 06:00:00,CNC-007,68.1,0.86,154.1,1456.0,24.0,74.5,20565.0,4,62,0
2025-11-30 12:00:00,CNC-007,67.4,0.95,151.5,1469.0,24.1,72.4,20571.0,4,17,0
2025-11-30 18:00:00,CNC-007,65.5,0.82,149.3,1473.0,23.7,73.7,20576.0,4,17,0
2025-12-01 00:00:00,CNC-007,65.8,0.83,155.1,1470.0,23.8,73.1,20581.0,4,63,0
2025-12-01 06:00:00,CNC-007,69.2,1.06,160.1,1483.0,25.0,74.3,20587.0,4,63,0
2025-12-01 12:00:00,CNC-007,66.3,0.83,156.8,1474.0,24.2,72.9,20591.0,4,18,0
2025-12-01 18:00:00,CNC-007,63.6,0.88,153.9,1463.0,23.9,73.0,20595.0,4,18,0
2025-12-02 00:00:00,CNC-007,67.8,0.84,159.0,1463.0,23.2,71.7,20600.0,4,19,0
2025-12-02 06:00:00,CNC-007,68.4,0.87,153.5,1461.0,23.4,72.2,20605.0,4,34,0
2025-12-02 12:00:00,CNC-007,67.8,1.3,154.8,1454.0,24.0,73.8,20611.0,4,34,0
2025-12-02 18:00:00,CNC-007,63.8,0.88,152.7,1460.0,22.7,70.0,20617.0,4,19,0
2025-12-03 00:00:00,CNC-007,65.3,1.19,158.8,1475.0,24.6,70.4,20623.0,4,20,0
2025-12-03 06:00:00,CNC-007,65.9,0.84,155.5,1471.0,23.7,72.1,20628.0,4,35,0
2025-12-03 12:00:00,CNC-007,65.0,0.92,152.2,1466.0,24.1,67.5,20632.0,4,20,0
2025-12-03 18:00:00,CNC-007,63.9,1.09,153.0,1465.0,24.0,70.3,20638.0,4,20,0
2025-12-04 00:00:00,CNC-007,67.3,0.81,157.3,1471.0,23.8,76.1,20643.0,4,21,0
2025-12-04 06:00:00,CNC-007,65.8,0.92,151.8,1457.0,23.8,71.5,20648.0,4,36,0
2025-12-04 12:00:00,CNC-007,66.5,0.81,159.3,1463.0,24.5,73.1,20653.0,4,66,0
2025-12-04 18:00:00,CNC-007,64.4,0.94,155.5,1469.0,23.1,73.6,20659.0,4,66,0
2025-12-05 00:00:00,CNC-007,65.1,0.84,158.2,1467.0,23.3,68.2,20665.0,4,37,0
2025-12-05 06:00:00,CNC-007,67.7,0.82,155.4,1456.0,24.0,70.7,20670.0,4,37,0
2025-12-05 12:00:00,CNC-007,67.4,1.11,153.7,1466.0,24.5,71.9,20676.0,4,22,0
2025-12-05 18:00:00,CNC-007,64.9,1.11,155.5,1452.0,23.8,72.1,20681.0,4,67,0
2025-12-06 00:00:00,CNC-007,63.9,0.85,154.3,1465.0,23.7,70.2,20687.0,4,23,0
2025-12-06 06:00:00,CNC-007,67.1,1.0,153.5,1466.0,24.8,74.3,20692.0,4,68,0
2025-12-06 12:00:00,CNC-007,63.6,0.81,153.2,1463.0,24.1,71.1,20698.0,4,23,0
2025-12-06 18:00:00,CNC-007,63.7,0.92,154.6,1474.0,24.0,70.1,20704.0,4,68,0
2025-12-07 00:00:00,CNC-007,68.2,1.0,155.6,1463.0,24.7,72.3,20711.0,4,39,0
2025-12-07 06:00:00,CNC-007,68.5,0.84,156.9,1465.0,25.0,71.0,20716.0,4,39,0
2025-12-07 12:00:00,CNC-007,65.8,1.01,153.7,1456.0,23.9,73.8,20720.0,4,69,0
2025-12-07 18:00:00,CNC-007,64.0,1.24,157.0,1466.0,23.6,74.0,20725.0,4,24,0
2025-12-08 00:00:00,CNC-007,64.4,0.82,155.3,1459.0,22.7,72.6,20729.0,4,25,0
2025-12-08 06:00:00,CNC-007,66.3,0.89,154.4,1476.0,24.0,76.7,20735.0,4,25,0
2025-12-08 12:00:00,CNC-007,63.6,0.85,156.5,1460.0,22.9,72.5,20740.0,4,40,0
2025-12-08 18:00:00,CNC-007,62.8,0.85,154.8,1453.0,24.0,73.5,20745.0,4,70,0
2025-12-09 00:00:00,CNC-007,65.5,1.0,154.9,1462.0,23.3,74.2,20750.0,4,26,0
2025-12-09 06:00:00,CNC-007,67.5,0.89,153.6,1473.0,24.8,72.6,20754.0,4,71,0
2025-12-09 12:00:00,CNC-007,64.8,1.09,153.2,1466.0,24.2,73.1,20760.0,4,41,0
2025-12-09 18:00:00,CNC-007,63.9,1.06,156.2,1462.0,23.7,70.6,20765.0,4,26,0
2025-12-10 00:00:00,CNC-007,62.7,0.86,153.0,1471.0,23.6,73.8,20771.0,4,27,0
2025-12-10 06:00:00,CNC-007,69.2,0.98,156.1,1464.0,24.0,69.0,20777.0,4,72,0
2025-12-10 12:00:00,CNC-007,66.6,0.97,155.3,1467.0,24.3,70.8,20783.0,4,27,0
2025-12-10 18:00:00,CNC-007,62.2,0.81,152.8,1448.0,22.7,70.1,20788.0,4,72,0
2025-12-11 00:00:00,CNC-007,64.7,0.81,158.4,1464.0,23.7,70.0,20794.0,4,73,0
2025-12-11 06:00:00,CNC-007,65.4,0.81,153.4,1448.0,23.3,70.4,20800.0,4,43,0
2025-12-11 12:00:00,CNC-007,63.5,0.96,155.6,1477.0,23.3,73.9,20805.0,4,73,0
2025-12-11 18:00:00,CNC-007,64.0,1.04,155.0,1464.0,23.7,70.5,20811.0,4,28,0
2025-12-12 00:00:00,CNC-007,65.2,0.88,157.8,1476.0,24.1,69.4,20817.0,4,44,0
2025-12-12 06:00:00,CNC-007,66.4,0.89,154.7,1468.0,23.7,72.9,20822.0,4,29,0
2025-12-12 12:00:00,CNC-007,63.7,1.67,154.4,1460.0,25.2,71.3,20828.0,4,74,0
2025-12-12 18:00:00,CNC-007,65.0,0.95,154.7,1464.0,23.8,75.3,20834.0,4,44,0
2025-12-13 00:00:00,CNC-007,65.1,0.91,156.8,1472.0,23.0,74.3,20839.0,4,30,0
2025-12-13 06:00:00,CNC-007,66.9,1.43,156.4,1468.0,25.3,71.1,20843.0,4,45,0
2025-12-13 12:00:00,CNC-007,63.1,0.96,153.8,1473.0,22.9,73.6,20848.0,4,45,0
2025-12-13 18:00:00,CNC-007,62.6,0.91,155.2,1467.0,22.7,71.6,20853.0,4,30,0
2025-12-14 00:00:00,CNC-007,67.0,0.85,156.7,1456.0,24.1,72.0,20859.0,4,31,0
2025-12-14 06:00:00,CNC-007,65.4,0.93,155.6,1469.0,24.0,73.3,20866.0,4,76,0
2025-12-14 12:00:00,CNC-007,64.5,0.87,159.4,1469.0,23.6,73.9,20871.0,4,46,0
2025-12-14 18:00:00,CNC-007,60.8,0.85,157.2,1480.0,22.7,72.3,20877.0,4,31,0
2025-12-15 00:00:00,CNC-007,66.5,0.98,159.6,1457.0,24.1,72.6,20883.0,4,32,0
2025-12-15 06:00:00,CNC-007,67.5,0.81,156.9,1471.0,24.0,71.9,20887.0,4,47,0
2025-12-15 12:00:00,CNC-007,65.5,0.89,149.0,1471.0,24.1,69.5,20892.0,4,47,0
2025-12-15 18:00:00,CNC-007,65.3,0.85,153.8,1462.0,23.2,72.6,20896.0,4,77,0
2025-12-16 00:00:00,CNC-007,65.1,1.04,157.5,1466.0,23.5,70.6,20901.0,4,78,0
2025-12-16 06:00:00,CNC-007,61.7,0.88,154.6,1466.0,23.5,71.5,20906.0,4,48,0
2025-12-16 12:00:00,CNC-007,66.2,1.01,152.6,1472.0,23.9,71.1,20911.0,4,48,0
2025-12-16 18:00:00,CNC-007,62.9,0.96,152.7,1477.0,23.8,75.4,20917.0,4,48,0
2025-12-17 00:00:00,CNC-007,65.8,0.97,154.3,1463.0,23.3,70.0,20923.0,4,79,0
2025-12-17 06:00:00,CNC-007,67.7,0.95,155.8,1469.0,24.7,71.2,20929.0,4,79,0
2025-12-17 12:00:00,CNC-007,64.1,0.98,155.5,1480.0,22.4,69.4,20934.0,4,34,0
2025-12-17 18:00:00,CNC-007,64.2,0.93,154.0,1472.0,25.1,71.2,20939.0,4,49,0
2025-12-18 00:00:00,CNC-007,63.7,1.28,157.1,1467.0,23.9,72.7,20944.0,4,35,0
2025-12-18 06:00:00,CNC-007,66.9,0.82,157.4,1467.0,24.1,73.7,20949.0,4,35,0
2025-12-18 12:00:00,CNC-007,66.0,1.03,153.2,1464.0,23.7,73.1,20956.0,4,80,0
2025-12-18 18:00:00,CNC-007,61.4,0.84,154.4,1477.0,23.8,72.5,20962.0,4,50,0
2025-12-19 00:00:00,CNC-007,64.4,0.81,155.2,1463.0,23.5,72.3,20966.0,4,81,0
2025-12-19 06:00:00,CNC-007,66.3,0.99,155.1,1451.0,24.0,70.9,20971.0,4,36,0
2025-12-19 12:00:00,CNC-007,63.6,0.94,153.1,1475.0,23.0,73.3,20976.0,4,36,0
2025-12-19 18:00:00,CNC-007,61.2,0.85,155.4,1465.0,22.5,73.6,20981.0,4,81,0
2025-12-20 00:00:00,CNC-007,63.5,0.97,156.6,1455.0,23.6,70.7,20986.0,4,82,0
2025-12-20 06:00:00,CNC-007,66.8,1.16,155.9,1470.0,24.4,71.7,20991.0,4,37,0
2025-12-20 12:00:00,CNC-007,62.7,0.86,153.7,1464.0,22.8,74.6,20998.0,4,52,0
2025-12-20 18:00:00,CNC-007,62.3,0.99,155.6,1474.0,24.1,71.8,21003.0,4,52,0
2025-12-21 00:00:00,CNC-007,63.4,1.32,152.0,1465.0,24.3,73.3,21007.0,4,53,0
2025-12-21 06:00:00,CNC-007,63.4,1.73,157.4,1464.0,25.0,71.7,21013.0,4,83,0
2025-12-21 12:00:00,CNC-007,63.3,0.99,151.5,1468.0,24.0,75.3,21019.0,4,38,0
2025-12-21 18:00:00,CNC-007,63.4,0.98,155.2,1448.0,23.1,69.7,21023.0,4,53,0
2025-12-22 00:00:00,CNC-007,64.4,0.85,154.3,1473.0,23.5,68.9,21028.0,4,39,0
2025-12-22 06:00:00,CNC-007,68.2,0.9,151.1,1455.0,23.3,70.0,21034.0,4,84,0
2025-12-22 12:00:00,CNC-007,64.9,1.16,154.4,1457.0,24.1,74.5,21039.0,4,54,0
2025-12-22 18:00:00,CNC-007,63.0,0.82,152.6,1465.0,23.4,69.9,21043.0,4,54,0
2025-12-23 00:00:00,CNC-007,64.0,0.92,155.0,1458.0,22.7,73.3,21048.0,4,85,0
2025-12-23 06:00:00,CNC-007,69.2,0.86,157.1,1470.0,23.5,70.4,21053.0,4,85,0
2025-12-23 12:00:00,CNC-007,63.0,0.97,154.0,1460.0,22.8,72.1,21057.0,4,55,0
2025-12-23 18:00:00,CNC-007,62.1,1.03,153.3,1459.0,23.6,73.9,21061.0,4,40,0
2025-12-24 00:00:00,CNC-007,64.7,0.84,155.8,1456.0,24.0,71.9,21068.0,4,86,0
2025-12-24 06:00:00,CNC-007,67.8,0.82,156.0,1474.0,23.3,74.1,21073.0,4,41,0
2025-12-24 12:00:00,CNC-007,61.9,1.01,151.3,1467.0,24.0,73.0,21079.0,4,56,0
2025-12-24 18:00:00,CNC-007,62.5,0.86,155.9,1481.0,23.3,73.0,21083.0,4,56,0
2025-12-25 00:00:00,CNC-007,64.9,0.96,157.8,1463.0,24.9,72.5,21089.0,4,87,0
2025-12-25 06:00:00,CNC-007,66.4,0.81,156.6,1470.0,23.8,70.5,21094.0,4,57,0
2025-12-25 12:00:00,CNC-007,63.1,0.87,159.3,1460.0,23.5,71.3,21098.0,4,42,0
2025-12-25 18:00:00,CNC-007,64.6,0.83,153.0,1481.0,24.4,73.6,21103.0,4,57,0
2025-12-26 00:00:00,CNC-007,63.6,0.83,156.7,1467.0,23.5,72.8,21108.0,4,43,0
2025-12-26 06:00:00,CNC-007,65.3,0.92,154.6,1470.0,24.9,70.4,21113.0,4,58,0
2025-12-26 12:00:00,CNC-007,65.0,0.85,153.1,1466.0,24.0,71.0,21119.0,4,88,0
2025-12-26 18:00:00,CNC-007,61.7,0.84,155.6,1456.0,23.6,72.5,21124.0,4,58,0
2025-12-27 00:00:00,CNC-007,63.7,0.87,159.8,1456.0,24.0,70.1,21129.0,4,59,0
2025-12-27 06:00:00,CNC-007,67.5,0.88,152.9,1474.0,23.7,75.6,21135.0,4,44,0
2025-12-27 12:00:00,CNC-007,64.1,0.94,157.6,1466.0,24.4,70.2,21141.0,4,44,0
2025-12-27 18:00:00,CNC-007,62.5,0.85,156.8,1478.0,23.6,75.0,21145.0,4,59,0
2025-07-01 00:00:00,CNC-008,70.5,1.41,146.6,1478.0,25.7,74.9,17461.0,4,0,0
2025-07-01 06:00:00,CNC-008,73.7,1.28,143.1,1492.0,24.7,72.0,17467.0,4,0,0
2025-07-01 12:00:00,CNC-008,71.3,1.28,144.9,1474.0,25.0,71.2,17472.0,4,0,0
2025-07-01 18:00:00,CNC-008,66.6,1.31,147.4,1470.0,24.9,74.1,17478.0,4,0,0
2025-07-02 00:00:00,CNC-008,70.3,1.31,143.6,1484.0,25.4,72.5,17482.0,4,1,0
2025-07-02 06:00:00,CNC-008,72.2,1.26,142.1,1489.0,25.0,72.6,17488.0,4,1,0
2025-07-02 12:00:00,CNC-008,70.0,1.26,143.1,1477.0,25.7,70.9,17494.0,4,1,0
2025-07-02 18:00:00,CNC-008,66.0,1.34,144.3,1496.0,24.3,72.9,17500.0,4,1,0
2025-07-03 00:00:00,CNC-008,70.1,1.35,145.8,1481.0,25.7,73.4,17506.0,4,2,0
2025-07-03 06:00:00,CNC-008,71.5,1.36,146.6,1475.0,24.7,73.0,17512.0,4,2,0
2025-07-03 12:00:00,CNC-008,71.5,1.33,146.4,1476.0,25.4,67.6,17516.0,4,2,0
2025-07-03 18:00:00,CNC-008,66.9,1.35,147.9,1488.0,24.2,71.9,17522.0,4,2,0
2025-07-04 00:00:00,CNC-008,69.7,1.28,145.1,1484.0,24.4,75.4,17528.0,4,3,0
2025-07-04 06:00:00,CNC-008,73.6,1.29,145.2,1485.0,25.0,69.2,17534.0,4,3,0
2025-07-04 12:00:00,CNC-008,71.4,1.27,146.3,1492.0,24.7,72.0,17540.0,4,3,0
2025-07-04 18:00:00,CNC-008,70.1,1.37,144.0,1485.0,25.2,71.3,17545.0,4,3,0
2025-07-05 00:00:00,CNC-008,68.8,1.66,145.6,1488.0,24.8,72.3,17549.0,4,4,0
2025-07-05 06:00:00,CNC-008,72.5,1.28,149.6,1499.0,25.6,73.2,17554.0,4,4,0
2025-07-05 12:00:00,CNC-008,70.1,1.66,147.0,1472.0,24.8,69.9,17560.0,4,4,0
2025-07-05 18:00:00,CNC-008,69.8,1.51,145.1,1476.0,25.3,71.3,17564.0,4,4,0
2025-07-06 00:00:00,CNC-008,69.3,1.26,146.2,1485.0,24.9,69.7,17569.0,4,5,0
2025-07-06 06:00:00,CNC-008,71.9,1.27,147.0,1476.0,25.4,72.4,17575.0,4,5,0
2025-07-06 12:00:00,CNC-008,69.5,1.73,149.3,1482.0,25.6,73.0,17580.0,4,5,0
2025-07-06 18:00:00,CNC-008,67.6,1.31,148.0,1468.0,24.5,70.3,17584.0,4,5,0
2025-07-07 00:00:00,CNC-008,70.2,1.42,147.7,1492.0,25.6,74.5,17589.0,4,6,0
2025-07-07 06:00:00,CNC-008,73.7,1.35,144.5,1478.0,25.8,70.9,17595.0,4,6,0
2025-07-07 12:00:00,CNC-008,69.9,1.28,147.4,1483.0,25.6,70.9,17599.0,4,6,0
2025-07-07 18:00:00,CNC-008,67.5,1.27,144.6,1478.0,25.1,72.5,17604.0,4,6,0
2025-07-08 00:00:00,CNC-008,69.2,1.59,144.3,1492.0,26.2,72.3,17609.0,4,7,0
2025-07-08 06:00:00,CNC-008,73.8,1.61,141.1,1471.0,26.0,72.6,17615.0,4,7,0
2025-07-08 12:00:00,CNC-008,69.4,1.35,144.1,1488.0,24.3,70.5,17619.0,4,7,0
2025-07-08 18:00:00,CNC-008,67.9,1.3,143.4,1484.0,24.4,71.0,17624.0,4,7,0
2025-07-09 00:00:00,CNC-008,72.0,1.62,144.3,1475.0,26.3,72.2,17628.0,4,8,0
2025-07-09 06:00:00,CNC-008,71.0,1.3,146.9,1480.0,24.6,70.5,17634.0,4,8,0
2025-07-09 12:00:00,CNC-008,71.7,1.34,146.6,1478.0,25.1,73.9,17638.0,4,8,0
2025-07-09 18:00:00,CNC-008,68.7,1.43,145.3,1487.0,25.5,71.9,17644.0,4,8,0
2025-07-10 00:00:00,CNC-008,73.0,1.26,145.2,1499.0,24.7,68.8,17650.0,4,9,0
2025-07-10 06:00:00,CNC-008,72.6,1.31,146.4,1463.0,25.8,71.2,17655.0,4,9,0
2025-07-10 12:00:00,CNC-008,70.5,1.58,142.7,1484.0,26.0,73.9,17660.0,4,9,0
2025-07-10 18:00:00,CNC-008,70.5,1.33,147.3,1493.0,24.9,69.4,17666.0,4,9,0
2025-07-11 00:00:00,CNC-008,71.3,1.48,146.2,1492.0,24.9,73.8,17670.0,4,10,0
2025-07-11 06:00:00,CNC-008,71.8,1.38,149.8,1487.0,25.2,75.0,17675.0,4,10,0
2025-07-11 12:00:00,CNC-008,72.2,1.49,145.4,1500.0,25.4,69.4,17680.0,4,10,0
2025-07-11 18:00:00,CNC-008,67.8,1.38,145.1,1478.0,24.1,75.8,17685.0,4,10,0
2025-07-12 00:00:00,CNC-008,71.6,1.7,148.2,1485.0,26.4,73.0,17690.0,4,11,0
2025-07-12 06:00:00,CNC-008,72.1,1.5,143.8,1484.0,24.9,68.2,17697.0,4,11,0
2025-07-12 12:00:00,CNC-008,71.6,1.36,153.0,1491.0,25.2,71.1,17702.0,4,11,0
2025-07-12 18:00:00,CNC-008,71.1,1.51,146.1,1482.0,25.3,73.0,17707.0,4,11,0
2025-07-13 00:00:00,CNC-008,70.5,1.47,144.8,1488.0,24.8,73.5,17713.0,4,12,0
2025-07-13 06:00:00,CNC-008,73.9,1.3,147.7,1484.0,25.8,73.0,17717.0,4,12,0
2025-07-13 12:00:00,CNC-008,72.0,1.8,149.2,1485.0,26.2,74.0,17723.0,4,12,0
2025-07-13 18:00:00,CNC-008,67.6,1.3,147.4,1480.0,24.7,69.9,17728.0,4,12,0
2025-07-14 00:00:00,CNC-008,70.5,1.42,146.6,1481.0,25.6,71.1,17734.0,4,13,0
2025-07-14 06:00:00,CNC-008,71.5,1.29,144.4,1480.0,25.6,72.3,17739.0,4,13,0
2025-07-14 12:00:00,CNC-008,70.7,1.32,147.1,1485.0,25.0,73.9,17744.0,4,13,0
2025-07-14 18:00:00,CNC-008,68.9,1.27,148.6,1487.0,24.5,73.6,17749.0,4,13,0
2025-07-15 00:00:00,CNC-008,70.9,1.47,145.3,1482.0,25.8,75.2,17755.0,4,14,0
2025-07-15 06:00:00,CNC-008,72.7,1.45,148.8,1473.0,25.2,73.6,17761.0,4,14,0
2025-07-15 12:00:00,CNC-008,69.7,1.3,147.3,1486.0,24.5,70.3,17766.0,4,14,0
2025-07-15 18:00:00,CNC-008,68.7,1.73,145.1,1482.0,26.2,69.1,17770.0,4,14,0
2025-07-16 00:00:00,CNC-008,71.2,1.41,144.8,1484.0,24.6,71.2,17776.0,4,15,0
2025-07-16 06:00:00,CNC-008,72.6,1.33,146.0,1487.0,25.4,72.5,17781.0,4,15,0
2025-07-16 12:00:00,CNC-008,72.3,1.41,145.8,1476.0,26.3,72.5,17787.0,4,15,0
2025-07-16 18:00:00,CNC-008,69.6,1.33,145.9,1480.0,25.6,71.7,17792.0,4,15,0
2025-07-17 00:00:00,CNC-008,70.3,1.29,147.3,1499.0,24.7,70.4,17798.0,4,16,0
2025-07-17 06:00:00,CNC-008,72.0,1.26,145.0,1490.0,25.2,71.4,17803.0,4,16,0
2025-07-17 12:00:00,CNC-008,69.5,1.32,145.6,1491.0,25.4,74.6,17808.0,4,16,0
2025-07-17 18:00:00,CNC-008,70.8,1.44,143.0,1483.0,24.9,71.9,17814.0,4,16,0
2025-07-18 00:00:00,CNC-008,72.3,1.36,142.7,1486.0,24.9,71.3,17819.0,4,17,0
2025-07-18 06:00:00,CNC-008,72.5,1.56,146.5,1488.0,27.1,71.7,17825.0,4,17,0
2025-07-18 12:00:00,CNC-008,72.7,1.4,147.3,1481.0,25.7,68.5,17829.0,4,17,0
2025-07-18 18:00:00,CNC-008,69.5,1.26,141.9,1465.0,25.0,72.0,17835.0,4,17,0
2025-07-19 00:00:00,CNC-008,70.9,1.65,147.4,1484.0,25.5,75.9,17840.0,4,18,0
2025-07-19 06:00:00,CNC-008,72.4,1.32,144.9,1458.0,25.2,72.8,17844.0,4,18,0
2025-07-19 12:00:00,CNC-008,72.3,1.32,144.6,1474.0,24.7,73.1,17849.0,4,18,0
2025-07-19 18:00:00,CNC-008,70.3,1.26,148.8,1495.0,24.5,71.6,17855.0,4,18,0
2025-07-20 00:00:00,CNC-008,71.7,1.28,148.4,1478.0,25.7,74.4,17861.0,4,19,0
2025-07-20 06:00:00,CNC-008,72.4,1.39,148.6,1494.0,25.5,70.6,17865.0,4,19,0
2025-07-20 12:00:00,CNC-008,70.4,1.32,145.4,1474.0,25.3,73.6,17869.0,4,19,0
2025-07-20 18:00:00,CNC-008,68.4,1.3,148.3,1483.0,24.3,72.2,17875.0,4,19,0
2025-07-21 00:00:00,CNC-008,68.8,1.31,141.9,1476.0,25.3,73.2,17879.0,4,20,0
2025-07-21 06:00:00,CNC-008,71.8,1.29,148.7,1474.0,24.8,73.6,17884.0,4,20,0
2025-07-21 12:00:00,CNC-008,71.0,1.43,146.0,1459.0,25.0,74.2,17888.0,4,20,0
2025-07-21 18:00:00,CNC-008,70.0,1.6,147.8,1484.0,25.9,72.5,17893.0,4,20,0
2025-07-22 00:00:00,CNC-008,70.5,1.39,147.3,1472.0,25.3,73.0,17900.0,4,21,0
2025-07-22 06:00:00,CNC-008,74.2,1.73,144.3,1474.0,27.1,72.9,17906.0,4,21,0
2025-07-22 12:00:00,CNC-008,70.2,1.34,145.3,1476.0,25.8,74.2,17910.0,4,21,0
2025-07-22 18:00:00,CNC-008,69.0,1.42,145.5,1471.0,25.3,71.1,17914.0,4,21,0
2025-07-23 00:00:00,CNC-008,71.7,1.33,145.5,1481.0,25.6,70.8,17921.0,4,22,0
2025-07-23 06:00:00,CNC-008,72.6,1.39,144.3,1488.0,25.7,72.7,17927.0,4,22,0
2025-07-23 12:00:00,CNC-008,70.5,1.67,146.0,1468.0,26.2,76.0,17932.0,4,22,0
2025-07-23 18:00:00,CNC-008,69.3,1.49,147.9,1475.0,24.8,74.0,17938.0,4,22,0
2025-07-24 00:00:00,CNC-008,72.2,1.28,148.0,1485.0,25.5,70.7,17944.0,4,23,0
2025-07-24 06:00:00,CNC-008,75.3,1.31,142.3,1478.0,25.4,72.8,17950.0,4,23,0
2025-07-24 12:00:00,CNC-008,70.9,1.4,141.6,1477.0,24.8,70.8,17956.0,4,23,0
2025-07-24 18:00:00,CNC-008,69.2,1.28,146.5,1472.0,25.4,74.6,17960.0,4,23,0
2025-07-25 00:00:00,CNC-008,72.0,1.36,146.9,1491.0,26.0,72.1,17964.0,4,24,0
2025-07-25 06:00:00,CNC-008,72.6,1.48,143.2,1479.0,25.9,74.0,17969.0,4,24,0
2025-07-25 12:00:00,CNC-008,71.9,1.56,149.6,1471.0,25.7,73.9,17974.0,4,24,0
2025-07-25 18:00:00,CNC-008,68.1,1.36,145.6,1473.0,25.6,73.1,17979.0,4,24,0
2025-07-26 00:00:00,CNC-008,70.9,1.4,142.6,1487.0,25.8,71.4,17984.0,4,25,0
2025-07-26 06:00:00,CNC-008,73.5,1.36,148.5,1475.0,25.2,74.3,17990.0,4,25,0
2025-07-26 12:00:00,CNC-008,71.1,1.53,144.6,1478.0,25.8,74.6,17996.0,4,25,0
2025-07-26 18:00:00,CNC-008,68.2,1.69,146.7,1482.0,26.2,70.4,18001.0,4,25,0
2025-07-27 00:00:00,CNC-008,72.1,1.32,145.2,1473.0,25.2,73.4,18005.0,4,26,0
2025-07-27 06:00:00,CNC-008,71.1,1.26,146.7,1478.0,25.5,73.9,18010.0,4,26,0
2025-07-27 12:00:00,CNC-008,70.3,1.25,146.2,1493.0,24.6,70.4,18015.0,4,26,0
2025-07-27 18:00:00,CNC-008,70.2,1.34,146.7,1473.0,24.6,73.2,18021.0,4,26,0
2025-07-28 00:00:00,CNC-008,73.3,1.54,146.6,1492.0,25.4,70.1,18025.0,4,27,0
2025-07-28 06:00:00,CNC-008,74.2,1.25,146.7,1480.0,25.6,71.8,18030.0,4,27,0
2025-07-28 12:00:00,CNC-008,71.4,1.76,143.5,1501.0,25.3,68.4,18036.0,4,27,0
2025-07-28 18:00:00,CNC-008,69.6,1.57,148.5,1472.0,25.3,74.3,18040.0,4,27,0
2025-07-29 00:00:00,CNC-008,72.9,1.32,147.1,1478.0,25.8,70.4,18045.0,4,28,0
2025-07-29 06:00:00,CNC-008,75.0,1.43,147.5,1486.0,26.3,73.2,18051.0,4,28,0
2025-07-29 12:00:00,CNC-008,72.8,1.26,143.5,1469.0,25.2,72.0,18055.0,4,28,0
2025-07-29 18:00:00,CNC-008,67.9,1.27,144.5,1487.0,24.9,73.1,18059.0,4,28,0
2025-07-30 00:00:00,CNC-008,72.4,1.25,143.6,1470.0,25.2,74.4,18063.0,4,29,0
2025-07-30 06:00:00,CNC-008,73.8,1.42,144.1,1486.0,25.9,72.1,18068.0,4,29,0
2025-07-30 12:00:00,CNC-008,71.0,1.28,146.9,1494.0,25.5,71.8,18072.0,4,29,0
2025-07-30 18:00:00,CNC-008,71.1,1.4,145.5,1482.0,25.5,73.9,18078.0,4,29,0
2025-07-31 00:00:00,CNC-008,72.9,1.63,149.8,1487.0,25.4,72.4,18083.0,4,30,0
2025-07-31 06:00:00,CNC-008,75.2,1.44,147.3,1495.0,26.4,71.6,18088.0,4,30,0
2025-07-31 12:00:00,CNC-008,72.1,1.41,142.4,1481.0,25.5,70.3,18094.0,4,30,0
2025-07-31 18:00:00,CNC-008,66.6,1.27,148.4,1485.0,24.8,70.7,18099.0,4,30,0
2025-08-01 00:00:00,CNC-008,72.0,1.4,145.9,1487.0,25.5,71.3,18106.0,4,31,0
2025-08-01 06:00:00,CNC-008,73.5,1.34,146.3,1485.0,24.7,70.4,18110.0,4,31,0
2025-08-01 12:00:00,CNC-008,69.9,1.6,146.3,1482.0,26.2,73.0,18116.0,4,31,0
2025-08-01 18:00:00,CNC-008,69.6,1.42,148.1,1482.0,24.8,74.6,18121.0,4,31,0
2025-08-02 00:00:00,CNC-008,71.5,1.36,146.4,1482.0,25.4,74.3,18125.0,4,32,0
2025-08-02 06:00:00,CNC-008,74.3,1.34,144.8,1478.0,26.9,77.0,18130.0,4,32,0
2025-08-02 12:00:00,CNC-008,72.2,1.26,143.8,1488.0,25.7,78.2,18135.0,4,32,0
2025-08-02 18:00:00,CNC-008,69.3,1.44,144.1,1476.0,25.4,75.1,18141.0,4,32,0
2025-08-03 00:00:00,CNC-008,70.7,1.39,144.2,1481.0,25.4,72.8,18146.0,4,33,0
2025-08-03 06:00:00,CNC-008,72.3,1.45,146.0,1485.0,25.4,72.4,18151.0,4,33,0
2025-08-03 12:00:00,CNC-008,73.1,1.44,147.9,1491.0,25.7,69.1,18155.0,4,33,0
2025-08-03 18:00:00,CNC-008,70.6,1.26,147.9,1484.0,25.6,71.4,18161.0,4,33,0
2025-08-04 00:00:00,CNC-008,72.2,1.37,146.4,1477.0,25.7,70.6,18167.0,4,34,0
2025-08-04 06:00:00,CNC-008,74.5,1.46,147.0,1482.0,25.1,74.7,18173.0,4,34,0
2025-08-04 12:00:00,CNC-008,72.2,1.27,143.9,1485.0,25.4,72.5,18177.0,4,34,0
2025-08-04 18:00:00,CNC-008,68.4,1.33,148.5,1479.0,25.0,70.7,18183.0,4,34,0
2025-08-05 00:00:00,CNC-008,73.1,1.36,143.2,1490.0,26.5,73.3,18187.0,4,35,0
2025-08-05 06:00:00,CNC-008,73.9,1.34,147.1,1487.0,25.4,71.6,18193.0,4,35,0
2025-08-05 12:00:00,CNC-008,72.9,1.6,149.2,1491.0,26.2,69.4,18197.0,4,35,0
2025-08-05 18:00:00,CNC-008,70.6,1.99,144.5,1480.0,26.5,69.9,18201.0,4,35,0
2025-08-06 00:00:00,CNC-008,73.3,1.31,147.9,1491.0,26.0,70.3,18206.0,4,36,0
2025-08-06 06:00:00,CNC-008,72.3,1.26,143.6,1487.0,24.7,68.4,18212.0,4,36,0
2025-08-06 12:00:00,CNC-008,72.4,1.35,148.1,1480.0,26.0,73.1,18218.0,4,36,0
2025-08-06 18:00:00,CNC-008,70.8,1.43,146.9,1480.0,25.2,70.9,18224.0,4,36,0
2025-08-07 00:00:00,CNC-008,72.5,1.49,145.2,1495.0,26.0,71.5,18230.0,4,37,0
2025-08-07 06:00:00,CNC-008,74.0,1.32,143.8,1468.0,26.4,70.6,18235.0,4,37,0
2025-08-07 12:00:00,CNC-008,73.5,1.29,147.5,1483.0,25.6,68.3,18239.0,4,37,0
2025-08-07 18:00:00,CNC-008,69.7,1.35,145.2,1463.0,25.8,74.2,18245.0,4,37,0
2025-08-08 00:00:00,CNC-008,73.7,1.29,147.7,1467.0,26.1,69.0,18250.0,4,38,0
2025-08-08 06:00:00,CNC-008,72.6,1.39,145.5,1494.0,25.1,71.1,18256.0,4,38,0
2025-08-08 12:00:00,CNC-008,69.7,1.3,149.3,1477.0,25.3,76.6,18261.0,4,38,0
2025-08-08 18:00:00,CNC-008,70.8,1.36,145.1,1488.0,25.7,74.3,18267.0,4,38,0
2025-08-09 00:00:00,CNC-008,71.8,1.46,140.3,1494.0,26.8,71.7,18272.0,4,39,0
2025-08-09 06:00:00,CNC-008,74.2,1.47,152.5,1488.0,25.3,70.4,18277.0,4,39,0
2025-08-09 12:00:00,CNC-008,72.1,1.27,144.6,1489.0,26.1,70.4,18283.0,4,39,0
2025-08-09 18:00:00,CNC-008,68.6,1.33,147.1,1477.0,24.9,69.6,18289.0,4,39,0
2025-08-10 00:00:00,CNC-008,71.0,1.44,145.8,1473.0,25.6,69.5,18293.0,4,40,0
2025-08-10 06:00:00,CNC-008,73.6,1.27,144.8,1490.0,25.6,71.6,18297.0,4,40,0
2025-08-10 12:00:00,CNC-008,72.6,1.43,148.6,1487.0,26.0,71.5,18303.0,4,40,0
2025-08-10 18:00:00,CNC-008,69.3,1.3,147.7,1496.0,24.6,69.4,18309.0,4,40,0
2025-08-11 00:00:00,CNC-008,71.8,1.36,147.9,1477.0,25.8,74.8,18315.0,4,41,0
2025-08-11 06:00:00,CNC-008,73.1,1.41,145.4,1492.0,25.4,71.6,18320.0,4,41,0
2025-08-11 12:00:00,CNC-008,73.1,1.4,144.3,1474.0,26.3,72.8,18324.0,4,41,0
2025-08-11 18:00:00,CNC-008,69.1,1.29,147.3,1481.0,24.6,70.3,18330.0,4,41,0
2025-08-12 00:00:00,CNC-008,70.7,1.47,144.2,1482.0,25.5,71.3,18336.0,4,42,0
2025-08-12 06:00:00,CNC-008,73.0,1.42,147.1,1475.0,26.1,70.7,18342.0,4,42,0
2025-08-12 12:00:00,CNC-008,70.6,1.42,145.8,1481.0,25.6,70.3,18347.0,4,42,0
2025-08-12 18:00:00,CNC-008,69.9,1.28,146.6,1493.0,24.3,72.7,18353.0,4,42,0
2025-08-13 00:00:00,CNC-008,70.1,1.41,143.5,1479.0,24.8,74.9,18359.0,4,43,0
2025-08-13 06:00:00,CNC-008,74.7,1.26,146.3,1486.0,25.8,71.0,18365.0,4,43,0
2025-08-13 12:00:00,CNC-008,72.7,1.34,145.5,1491.0,25.4,68.1,18369.0,4,43,0
2025-08-13 18:00:00,CNC-008,68.5,1.28,145.2,1480.0,24.8,73.8,18374.0,4,43,0
2025-08-14 00:00:00,CNC-008,72.3,1.69,150.6,1475.0,25.9,72.2,18379.0,4,44,0
2025-08-14 06:00:00,CNC-008,72.1,1.31,145.6,1479.0,24.7,71.9,18384.0,4,44,0
2025-08-14 12:00:00,CNC-008,71.6,1.34,147.1,1488.0,25.9,72.7,18389.0,4,44,0
2025-08-14 18:00:00,CNC-008,71.5,1.29,145.6,1474.0,25.2,71.5,18394.0,4,44,0
2025-08-15 00:00:00,CNC-008,73.0,1.31,144.2,1485.0,25.4,70.3,18400.0,4,45,0
2025-08-15 06:00:00,CNC-008,74.1,1.27,145.5,1485.0,26.0,71.6,18404.0,4,45,0
2025-08-15 12:00:00,CNC-008,71.6,1.45,148.4,1485.0,24.8,70.9,18408.0,4,0,0
2025-08-15 18:00:00,CNC-008,71.1,1.65,146.4,1485.0,26.0,73.4,18413.0,4,45,0
2025-08-16 00:00:00,CNC-008,72.2,1.46,145.7,1485.0,25.9,71.9,18418.0,4,46,0
2025-08-16 06:00:00,CNC-008,74.3,1.38,146.3,1480.0,25.8,71.1,18424.0,4,1,0
2025-08-16 12:00:00,CNC-008,73.5,1.36,144.9,1470.0,26.5,67.9,18429.0,4,46,0
2025-08-16 18:00:00,CNC-008,70.6,1.28,148.1,1492.0,25.5,73.5,18434.0,4,46,0
2025-08-17 00:00:00,CNC-008,73.8,1.48,146.5,1481.0,26.2,70.6,18440.0,4,2,0
2025-08-17 06:00:00,CNC-008,73.1,1.46,144.2,1488.0,25.9,71.9,18446.0,4,47,0
2025-08-17 12:00:00,CNC-008,70.6,1.43,145.5,1484.0,26.2,69.6,18451.0,4,47,0
2025-08-17 18:00:00,CNC-008,70.0,1.35,148.6,1496.0,25.0,70.1,18456.0,4,47,0
2025-08-18 00:00:00,CNC-008,73.8,1.35,147.3,1474.0,25.9,74.9,18461.0,4,48,0
2025-08-18 06:00:00,CNC-008,74.7,1.26,146.2,1475.0,25.5,71.9,18466.0,4,3,0
2025-08-18 12:00:00,CNC-008,74.0,1.56,147.7,1468.0,24.9,70.9,18470.0,4,48,0
2025-08-18 18:00:00,CNC-008,72.2,1.32,143.3,1475.0,25.4,75.1,18475.0,4,3,0
2025-08-19 00:00:00,CNC-008,73.2,1.52,146.6,1482.0,25.6,75.2,18479.0,4,49,0
2025-08-19 06:00:00,CNC-008,71.1,1.34,148.1,1477.0,24.8,68.3,18485.0,4,49,0
2025-08-19 12:00:00,CNC-008,70.8,1.34,145.4,1491.0,24.4,75.6,18491.0,4,4,0
2025-08-19 18:00:00,CNC-008,70.1,1.37,145.6,1491.0,26.2,72.6,18497.0,4,49,0
2025-08-20 00:00:00,CNC-008,73.0,1.43,145.6,1490.0,25.3,69.6,18504.0,4,50,0
2025-08-20 06:00:00,CNC-008,74.3,1.43,148.6,1480.0,26.2,73.7,18508.0,4,50,0
2025-08-20 12:00:00,CNC-008,71.9,1.39,144.5,1467.0,25.6,70.2,18512.0,4,50,0
2025-08-20 18:00:00,CNC-008,70.2,1.38,147.5,1484.0,25.5,74.0,18519.0,4,5,0
2025-08-21 00:00:00,CNC-008,72.9,1.45,144.5,1490.0,25.4,68.3,18523.0,4,51,0
2025-08-21 06:00:00,CNC-008,75.0,1.33,146.6,1492.0,26.5,70.8,18528.0,4,51,0
2025-08-21 12:00:00,CNC-008,71.8,1.29,151.0,1496.0,24.5,71.4,18533.0,4,6,0
2025-08-21 18:00:00,CNC-008,70.8,1.27,148.5,1475.0,24.0,73.6,18538.0,4,51,0
2025-08-22 00:00:00,CNC-008,71.3,1.46,146.4,1472.0,25.9,73.9,18542.0,4,7,0
2025-08-22 06:00:00,CNC-008,74.0,1.3,143.8,1486.0,26.2,72.0,18549.0,4,52,0
2025-08-22 12:00:00,CNC-008,73.3,1.43,146.7,1471.0,25.6,71.4,18554.0,4,52,0
2025-08-22 18:00:00,CNC-008,71.6,1.28,145.5,1485.0,25.3,73.6,18560.0,4,52,0
2025-08-23 00:00:00,CNC-008,72.2,1.45,150.7,1490.0,25.8,70.6,18567.0,4,53,0
2025-08-23 06:00:00,CNC-008,75.4,1.32,148.7,1488.0,25.6,67.7,18571.0,4,53,0
2025-08-23 12:00:00,CNC-008,74.2,1.41,144.8,1467.0,25.8,72.1,18576.0,4,53,0
2025-08-23 18:00:00,CNC-008,70.8,1.27,144.6,1480.0,25.5,75.0,18580.0,4,53,0
2025-08-24 00:00:00,CNC-008,72.0,1.33,141.9,1483.0,25.2,73.2,18586.0,4,9,0
2025-08-24 06:00:00,CNC-008,72.9,1.29,147.2,1465.0,25.3,69.9,18591.0,4,54,0
2025-08-24 12:00:00,CNC-008,72.9,1.32,147.7,1472.0,26.0,75.8,18596.0,4,9,0
2025-08-24 18:00:00,CNC-008,72.6,1.38,146.8,1479.0,25.4,71.5,18601.0,4,54,0
2025-08-25 00:00:00,CNC-008,72.0,1.33,145.9,1479.0,24.8,73.2,18607.0,4,10,0
2025-08-25 06:00:00,CNC-008,74.5,1.3,142.1,1478.0,26.1,75.8,18612.0,4,10,0
2025-08-25 12:00:00,CNC-008,71.3,1.53,145.8,1492.0,26.3,75.8,18617.0,4,55,0
2025-08-25 18:00:00,CNC-008,72.1,1.28,147.6,1496.0,25.5,73.2,18622.0,4,55,0
2025-08-26 00:00:00,CNC-008,72.9,1.86,147.4,1479.0,26.5,71.8,18627.0,4,56,0
2025-08-26 06:00:00,CNC-008,73.9,1.47,145.5,1483.0,26.0,74.6,18633.0,4,11,0
2025-08-26 12:00:00,CNC-008,70.6,1.46,149.0,1499.0,25.3,75.1,18639.0,4,56,0
2025-08-26 18:00:00,CNC-008,71.2,1.71,147.2,1466.0,25.8,67.6,18643.0,4,11,0
2025-08-27 00:00:00,CNC-008,73.7,1.43,145.8,1487.0,24.7,70.6,18649.0,4,57,0
2025-08-27 06:00:00,CNC-008,73.4,1.5,146.6,1493.0,26.2,71.8,18654.0,4,12,0
2025-08-27 12:00:00,CNC-008,73.1,1.29,145.1,1493.0,26.0,72.6,18659.0,4,12,0
2025-08-27 18:00:00,CNC-008,72.0,1.26,149.8,1490.0,25.3,72.7,18664.0,4,57,0
2025-08-28 00:00:00,CNC-008,72.5,1.29,147.9,1490.0,24.7,71.5,18670.0,4,58,0
2025-08-28 06:00:00,CNC-008,74.4,1.42,146.5,1480.0,25.4,70.8,18675.0,4,58,0
2025-08-28 12:00:00,CNC-008,71.9,1.28,144.2,1483.0,25.0,69.9,18679.0,4,58,0
2025-08-28 18:00:00,CNC-008,71.7,1.32,146.7,1474.0,25.0,75.7,18685.0,4,13,0
2025-08-29 00:00:00,CNC-008,71.2,1.41,144.9,1481.0,25.3,70.6,18690.0,4,14,0
2025-08-29 06:00:00,CNC-008,75.7,1.77,145.5,1493.0,27.3,72.8,18697.0,4,14,0
2025-08-29 12:00:00,CNC-008,73.4,1.27,144.6,1471.0,25.2,73.1,18701.0,4,14,0
2025-08-29 18:00:00,CNC-008,68.3,1.31,147.7,1477.0,24.6,69.5,18705.0,4,59,0
2025-08-30 00:00:00,CNC-008,71.9,1.38,147.5,1492.0,25.9,77.0,18710.0,4,60,0
2025-08-30 06:00:00,CNC-008,74.8,1.29,143.6,1478.0,25.8,65.0,18716.0,4,60,0
2025-08-30 12:00:00,CNC-008,72.3,1.36,146.2,1486.0,26.0,69.8,18722.0,4,0,0
2025-08-30 18:00:00,CNC-008,70.9,1.38,147.0,1485.0,24.8,71.8,18728.0,4,15,0
2025-08-31 00:00:00,CNC-008,69.2,1.6,145.9,1496.0,25.9,73.5,18733.0,4,61,0
2025-08-31 06:00:00,CNC-008,72.7,1.4,148.1,1487.0,25.6,67.1,18738.0,4,61,0
2025-08-31 12:00:00,CNC-008,73.1,1.37,143.0,1480.0,26.3,69.2,18742.0,4,16,0
2025-08-31 18:00:00,CNC-008,70.6,1.48,147.9,1477.0,25.5,68.4,18749.0,4,1,0
2025-09-01 00:00:00,CNC-008,70.1,1.58,146.5,1477.0,26.0,72.7,18753.0,4,62,0
2025-09-01 06:00:00,CNC-008,76.3,1.26,144.9,1478.0,26.5,69.6,18757.0,4,17,0
2025-09-01 12:00:00,CNC-008,73.2,1.25,147.9,1488.0,25.0,75.3,18764.0,4,17,0
2025-09-01 18:00:00,CNC-008,69.4,1.36,144.1,1484.0,25.4,73.2,18768.0,4,2,0
2025-09-02 00:00:00,CNC-008,74.6,1.29,144.9,1471.0,25.5,75.0,18774.0,4,3,0
2025-09-02 06:00:00,CNC-008,72.5,1.42,143.7,1469.0,25.7,75.1,18780.0,4,18,0
2025-09-02 12:00:00,CNC-008,73.3,1.26,146.4,1497.0,25.0,66.9,18785.0,4,18,0
2025-09-02 18:00:00,CNC-008,71.5,1.44,148.3,1485.0,26.2,71.6,18791.0,4,63,0
2025-09-03 00:00:00,CNC-008,71.1,1.42,145.2,1477.0,25.5,71.9,18796.0,4,64,0
2025-09-03 06:00:00,CNC-008,72.2,1.53,145.6,1481.0,26.3,70.5,18801.0,4,19,0
2025-09-03 12:00:00,CNC-008,69.9,1.28,143.3,1491.0,24.4,69.4,18806.0,4,64,0
2025-09-03 18:00:00,CNC-008,68.7,1.28,145.0,1480.0,25.0,69.6,18811.0,4,64,0
2025-09-04 00:00:00,CNC-008,71.2,1.35,147.9,1487.0,25.2,71.4,18817.0,4,5,0
2025-09-04 06:00:00,CNC-008,75.0,1.44,145.9,1480.0,25.1,68.5,18823.0,4,20,0
2025-09-04 12:00:00,CNC-008,69.3,1.25,144.7,1493.0,24.1,72.7,18828.0,4,65,0
2025-09-04 18:00:00,CNC-008,69.4,1.55,147.0,1481.0,25.2,72.7,18834.0,4,20,0
2025-09-05 00:00:00,CNC-008,73.2,1.38,144.3,1487.0,26.3,72.3,18840.0,4,66,0
2025-09-05 06:00:00,CNC-008,74.7,1.25,146.8,1474.0,26.2,73.1,18844.0,4,66,0
2025-09-05 12:00:00,CNC-008,72.6,1.62,143.9,1481.0,26.3,68.5,18849.0,4,6,0
2025-09-05 18:00:00,CNC-008,71.4,1.32,149.2,1482.0,25.7,74.5,18855.0,4,21,0
2025-09-06 00:00:00,CNC-008,70.6,1.9,147.2,1475.0,26.6,70.5,18859.0,4,7,0
2025-09-06 06:00:00,CNC-008,71.1,1.29,148.7,1473.0,25.7,74.1,18865.0,4,67,0
2025-09-06 12:00:00,CNC-008,73.2,1.29,146.3,1478.0,25.2,73.0,18869.0,4,22,0
2025-09-06 18:00:00,CNC-008,70.4,1.26,145.9,1491.0,25.2,72.9,18874.0,4,7,0
2025-09-07 00:00:00,CNC-008,72.7,1.29,145.1,1468.0,25.4,73.7,18878.0,4,8,0
2025-09-07 06:00:00,CNC-008,75.2,1.27,148.3,1479.0,26.1,70.8,18883.0,4,68,0
2025-09-07 12:00:00,CNC-008,72.5,1.29,144.4,1476.0,24.9,72.8,18889.0,4,23,0
2025-09-07 18:00:00,CNC-008,69.1,1.54,144.1,1485.0,24.9,73.6,18895.0,4,23,0
2025-09-08 00:00:00,CNC-008,73.5,1.28,146.2,1490.0,25.2,71.3,18899.0,4,24,0
2025-09-08 06:00:00,CNC-008,77.3,1.37,146.5,1472.0,25.6,72.0,18904.0,4,9,0
2025-09-08 12:00:00,CNC-008,71.3,1.31,149.0,1478.0,25.7,71.2,18909.0,4,24,0
2025-09-08 18:00:00,CNC-008,72.0,1.26,146.6,1481.0,25.6,72.1,18915.0,4,9,0
2025-09-09 00:00:00,CNC-008,73.4,1.32,145.3,1476.0,26.0,68.7,18922.0,4,70,0
2025-09-09 06:00:00,CNC-008,74.7,1.35,149.1,1483.0,25.7,71.1,18927.0,4,70,0
2025-09-09 12:00:00,CNC-008,73.4,1.82,142.6,1493.0,26.5,74.3,18931.0,4,10,0
2025-09-09 18:00:00,CNC-008,69.5,1.41,143.6,1484.0,24.9,71.8,18936.0,4,70,0
2025-09-10 00:00:00,CNC-008,71.3,1.32,144.2,1470.0,25.3,71.5,18940.0,4,71,0
2025-09-10 06:00:00,CNC-008,74.3,1.57,148.2,1481.0,25.5,73.1,18945.0,4,26,0
2025-09-10 12:00:00,CNC-008,72.9,1.58,147.0,1485.0,25.5,67.6,18949.0,4,26,0
2025-09-10 18:00:00,CNC-008,72.0,1.31,146.0,1487.0,24.2,68.3,18955.0,4,11,0
2025-09-11 00:00:00,CNC-008,72.9,1.25,150.8,1490.0,25.6,70.8,18961.0,4,72,0
2025-09-11 06:00:00,CNC-008,74.8,1.36,149.5,1497.0,25.9,71.4,18966.0,4,72,0
2025-09-11 12:00:00,CNC-008,73.4,1.42,147.3,1476.0,26.0,70.1,18972.0,4,27,0
2025-09-11 18:00:00,CNC-008,70.1,1.32,145.4,1479.0,25.3,70.0,18978.0,4,72,0
2025-09-12 00:00:00,CNC-008,72.1,1.77,145.0,1481.0,26.2,71.1,18983.0,4,13,0
2025-09-12 06:00:00,CNC-008,75.7,1.3,147.2,1469.0,27.0,73.2,18987.0,4,73,0
2025-09-12 12:00:00,CNC-008,72.8,1.47,145.0,1496.0,25.3,70.5,18992.0,4,73,0
2025-09-12 18:00:00,CNC-008,71.3,1.34,144.1,1489.0,25.7,72.3,18998.0,4,13,0
2025-09-13 00:00:00,CNC-008,72.9,1.29,145.6,1484.0,26.4,73.3,19003.0,4,29,0
2025-09-13 06:00:00,CNC-008,74.9,1.34,144.6,1482.0,25.6,68.7,19008.0,4,29,0
2025-09-13 12:00:00,CNC-008,72.7,1.77,147.2,1485.0,27.1,71.6,19015.0,4,29,0
2025-09-13 18:00:00,CNC-008,69.2,1.36,147.8,1471.0,25.0,72.9,19020.0,4,29,0
2025-09-14 00:00:00,CNC-008,72.7,1.27,144.7,1496.0,25.4,74.1,19025.0,4,75,0
2025-09-14 06:00:00,CNC-008,73.5,1.53,143.7,1490.0,26.1,68.9,19030.0,4,15,0
2025-09-14 12:00:00,CNC-008,73.9,1.27,145.4,1485.0,25.8,74.1,19034.0,4,15,0
2025-09-14 18:00:00,CNC-008,73.3,1.29,145.4,1470.0,25.9,70.7,19040.0,4,30,0
2025-09-15 00:00:00,CNC-008,72.3,1.32,145.6,1481.0,26.0,73.4,19046.0,4,31,0
2025-09-15 06:00:00,CNC-008,76.7,1.29,142.4,1474.0,26.3,73.9,19051.0,4,16,0
2025-09-15 12:00:00,CNC-008,73.7,1.27,143.7,1463.0,24.9,72.8,19055.0,4,76,0
2025-09-15 18:00:00,CNC-008,71.1,1.25,149.0,1482.0,25.3,71.8,19059.0,4,31,0
2025-09-16 00:00:00,CNC-008,74.3,1.4,146.2,1501.0,26.7,71.6,19065.0,4,32,0
2025-09-16 06:00:00,CNC-008,77.3,1.25,145.2,1471.0,26.4,72.2,19070.0,4,77,0
2025-09-16 12:00:00,CNC-008,73.9,1.31,144.0,1497.0,26.3,72.4,19075.0,4,77,0
2025-09-16 18:00:00,CNC-008,70.9,1.32,143.9,1481.0,25.3,71.9,19080.0,4,77,0
2025-09-17 00:00:00,CNC-008,73.5,1.48,144.7,1485.0,26.1,72.0,19085.0,4,18,0
2025-09-17 06:00:00,CNC-008,74.9,1.42,142.6,1461.0,26.1,74.8,19089.0,4,78,0
2025-09-17 12:00:00,CNC-008,75.0,1.32,146.7,1484.0,25.9,70.9,19094.0,4,18,0
2025-09-17 18:00:00,CNC-008,71.8,1.38,145.0,1478.0,24.7,72.9,19100.0,4,33,0
2025-09-18 00:00:00,CNC-008,70.9,1.4,147.8,1486.0,24.4,73.6,19106.0,4,19,0
2025-09-18 06:00:00,CNC-008,72.3,1.26,144.1,1472.0,25.9,73.5,19111.0,4,79,0
2025-09-18 12:00:00,CNC-008,72.7,1.38,141.8,1477.0,25.1,72.3,19116.0,4,34,0
2025-09-18 18:00:00,CNC-008,72.3,1.29,146.2,1481.0,25.5,73.2,19121.0,4,19,0
2025-09-19 00:00:00,CNC-008,71.4,1.63,145.2,1462.0,26.1,75.7,19126.0,4,20,0
2025-09-19 06:00:00,CNC-008,75.4,1.53,146.3,1484.0,26.3,73.9,19130.0,4,80,0
2025-09-19 12:00:00,CNC-008,73.2,1.43,150.2,1482.0,26.2,74.8,19136.0,4,80,0
2025-09-19 18:00:00,CNC-008,71.0,1.28,143.7,1494.0,25.2,70.7,19140.0,4,80,0
2025-09-20 00:00:00,CNC-008,74.5,1.52,146.5,1461.0,26.7,71.9,19145.0,4,81,0
2025-09-20 06:00:00,CNC-008,77.9,1.61,149.2,1476.0,27.2,74.5,19151.0,4,81,0
2025-09-20 12:00:00,CNC-008,72.6,1.26,144.4,1487.0,25.7,72.0,19156.0,4,21,0
2025-09-20 18:00:00,CNC-008,70.9,1.44,150.2,1471.0,25.9,71.2,19161.0,4,21,0
2025-09-21 00:00:00,CNC-008,72.8,1.42,146.2,1481.0,25.2,71.5,19166.0,4,22,0
2025-09-21 06:00:00,CNC-008,72.9,1.3,144.2,1477.0,25.9,73.5,19172.0,4,82,0
2025-09-21 12:00:00,CNC-008,70.6,1.44,145.5,1471.0,25.6,72.6,19176.0,4,37,0
2025-09-21 18:00:00,CNC-008,72.5,1.42,141.7,1474.0,26.5,71.5,19181.0,4,37,0
2025-09-22 00:00:00,CNC-008,72.4,1.64,144.7,1483.0,26.6,71.8,19185.0,4,83,0
2025-09-22 06:00:00,CNC-008,73.6,1.27,146.2,1488.0,26.0,73.1,19189.0,4,83,0
2025-09-22 12:00:00,CNC-008,70.9,1.31,144.2,1488.0,25.4,72.3,19195.0,4,83,0
2025-09-22 18:00:00,CNC-008,71.6,1.39,149.8,1479.0,25.4,71.9,19200.0,4,23,0
2025-09-23 00:00:00,CNC-008,72.4,1.27,146.8,1481.0,25.5,71.5,19206.0,4,84,0
2025-09-23 06:00:00,CNC-008,72.7,1.26,144.9,1480.0,24.5,73.5,19211.0,4,84,0
2025-09-23 12:00:00,CNC-008,73.5,1.33,144.0,1460.0,25.3,73.0,19217.0,4,84,0
2025-09-23 18:00:00,CNC-008,69.3,1.31,144.3,1483.0,24.6,71.7,19221.0,4,84,0
2025-09-24 00:00:00,CNC-008,73.8,1.35,148.9,1477.0,25.6,70.7,19227.0,4,25,0
2025-09-24 06:00:00,CNC-008,74.2,1.59,141.8,1479.0,25.5,71.4,19233.0,4,40,0
2025-09-24 12:00:00,CNC-008,72.0,1.25,146.1,1489.0,25.7,70.6,19239.0,4,40,0
2025-09-24 18:00:00,CNC-008,70.7,1.46,146.9,1477.0,25.7,74.7,19244.0,4,85,0
2025-09-25 00:00:00,CNC-008,70.7,1.37,145.6,1481.0,25.3,70.8,19249.0,4,41,0
2025-09-25 06:00:00,CNC-008,73.7,1.29,147.0,1487.0,25.8,71.6,19255.0,4,86,0
2025-09-25 12:00:00,CNC-008,71.4,1.27,147.9,1486.0,25.6,74.9,19260.0,4,26,0
2025-09-25 18:00:00,CNC-008,71.1,1.59,147.3,1465.0,27.2,72.9,19266.0,4,41,0
2025-09-26 00:00:00,CNC-008,71.6,1.51,145.2,1487.0,26.5,75.4,19271.0,4,87,0
2025-09-26 06:00:00,CNC-008,74.5,1.4,147.8,1469.0,26.2,70.6,19277.0,4,27,0
2025-09-26 12:00:00,CNC-008,72.3,1.31,145.3,1489.0,26.0,74.2,19282.0,4,27,0
2025-09-26 18:00:00,CNC-008,70.4,1.31,143.1,1488.0,25.1,71.4,19287.0,4,27,0
2025-09-27 00:00:00,CNC-008,72.0,1.35,144.6,1485.0,25.5,72.3,19293.0,4,43,0
2025-09-27 06:00:00,CNC-008,72.0,1.3,147.9,1484.0,25.6,68.7,19297.0,4,88,0
2025-09-27 12:00:00,CNC-008,73.9,1.34,143.6,1480.0,26.5,73.5,19302.0,4,88,0
2025-09-27 18:00:00,CNC-008,71.5,1.33,148.0,1481.0,24.9,71.9,19307.0,4,43,0
2025-09-28 00:00:00,CNC-008,72.9,1.25,147.8,1497.0,25.6,70.8,19312.0,4,89,0
2025-09-28 06:00:00,CNC-008,74.9,1.46,147.2,1486.0,26.9,71.7,19318.0,4,29,0
2025-09-28 12:00:00,CNC-008,72.2,1.32,145.7,1489.0,25.0,73.5,19322.0,4,89,0
2025-09-28 18:00:00,CNC-008,70.5,1.55,143.7,1490.0,25.6,70.2,19326.0,4,89,0
2025-09-29 00:00:00,CNC-008,73.7,1.38,146.2,1474.0,26.9,69.2,19331.0,4,0,0
2025-09-29 06:00:00,CNC-008,74.1,1.48,141.8,1505.0,26.4,70.6,19337.0,4,0,0
2025-09-29 12:00:00,CNC-008,74.6,1.66,146.4,1482.0,27.2,73.5,19343.0,4,0,0
2025-09-29 18:00:00,CNC-008,70.2,1.42,145.8,1495.0,25.6,70.1,19349.0,4,0,0
2025-09-30 00:00:00,CNC-008,73.7,1.65,148.5,1491.0,25.6,71.1,19355.0,4,1,0
2025-09-30 06:00:00,CNC-008,74.5,1.37,144.9,1477.0,25.2,70.9,19360.0,4,1,0
2025-09-30 12:00:00,CNC-008,71.7,1.34,145.1,1482.0,25.3,74.6,19364.0,4,1,0
2025-09-30 18:00:00,CNC-008,70.5,1.47,144.9,1487.0,26.0,74.1,19369.0,4,31,0
2025-10-01 00:00:00,CNC-008,73.5,1.3,142.3,1478.0,26.1,72.7,19374.0,4,32,0
2025-10-01 06:00:00,CNC-008,75.9,1.27,142.6,1487.0,26.0,71.7,19379.0,4,32,0
2025-10-01 12:00:00,CNC-008,71.7,1.25,146.7,1488.0,25.8,73.0,19384.0,4,32,0
2025-10-01 18:00:00,CNC-008,71.4,1.99,146.3,1481.0,26.5,73.4,19389.0,4,2,0
2025-10-02 00:00:00,CNC-008,72.4,1.37,142.5,1471.0,25.6,73.1,19394.0,4,3,0
2025-10-02 06:00:00,CNC-008,76.2,1.29,147.8,1490.0,26.3,68.9,19400.0,4,3,0
2025-10-02 12:00:00,CNC-008,72.5,1.59,147.6,1478.0,25.3,72.5,19406.0,4,3,0
2025-10-02 18:00:00,CNC-008,70.1,1.35,144.0,1477.0,25.6,71.7,19411.0,4,3,0
2025-10-03 00:00:00,CNC-008,73.1,1.42,143.6,1487.0,25.8,72.4,19417.0,4,34,0
2025-10-03 06:00:00,CNC-008,76.4,1.28,148.1,1489.0,26.6,70.2,19424.0,4,4,0
2025-10-03 12:00:00,CNC-008,71.8,1.6,146.0,1479.0,26.2,66.9,19429.0,4,34,0
2025-10-03 18:00:00,CNC-008,70.0,1.26,144.8,1475.0,25.2,75.6,19435.0,4,4,0
2025-10-04 00:00:00,CNC-008,71.5,1.28,146.6,1484.0,25.5,72.8,19441.0,4,5,0
2025-10-04 06:00:00,CNC-008,73.8,1.5,149.3,1465.0,25.7,72.1,19446.0,4,35,0
2025-10-04 12:00:00,CNC-008,74.1,1.27,151.0,1476.0,25.6,69.2,19450.0,4,5,0
2025-10-04 18:00:00,CNC-008,72.7,1.26,146.6,1478.0,25.5,73.0,19456.0,4,5,0
2025-10-05 00:00:00,CNC-008,72.6,1.54,144.7,1486.0,25.6,69.1,19460.0,4,6,0
2025-10-05 06:00:00,CNC-008,75.7,1.34,148.2,1482.0,26.6,68.5,19466.0,4,6,0
2025-10-05 12:00:00,CNC-008,73.1,1.53,144.4,1488.0,26.3,71.8,19471.0,4,6,0
2025-10-05 18:00:00,CNC-008,69.9,1.37,147.4,1489.0,25.6,69.7,19476.0,4,6,0
2025-10-06 00:00:00,CNC-008,72.8,1.32,149.6,1471.0,25.6,70.1,19482.0,4,7,0
2025-10-06 06:00:00,CNC-008,74.2,1.25,149.7,1479.0,25.7,72.6,19488.0,4,37,0
2025-10-06 12:00:00,CNC-008,69.9,1.28,150.7,1476.0,25.9,71.3,19494.0,4,37,0
2025-10-06 18:00:00,CNC-008,71.9,1.39,146.5,1485.0,26.0,72.1,19498.0,4,37,0
2025-10-07 00:00:00,CNC-008,71.1,1.32,145.2,1491.0,26.0,73.0,19502.0,4,8,0
2025-10-07 06:00:00,CNC-008,74.1,1.31,145.0,1493.0,25.2,73.2,19507.0,4,8,0
2025-10-07 12:00:00,CNC-008,70.4,1.7,150.6,1480.0,25.4,71.5,19513.0,4,8,0
2025-10-07 18:00:00,CNC-008,71.5,1.42,143.4,1474.0,24.9,70.8,19518.0,4,8,0
2025-10-08 00:00:00,CNC-008,71.7,1.37,146.1,1474.0,25.2,75.5,19523.0,4,9,0
2025-10-08 06:00:00,CNC-008,74.5,1.3,143.1,1482.0,26.0,74.0,19527.0,4,9,0
2025-10-08 12:00:00,CNC-008,74.6,1.55,145.2,1467.0,26.1,73.7,19533.0,4,9,0
2025-10-08 18:00:00,CNC-008,69.4,2.24,147.9,1486.0,27.0,71.8,19538.0,4,39,0
2025-10-09 00:00:00,CNC-008,74.3,1.52,148.9,1477.0,25.6,73.7,19544.0,4,40,0
2025-10-09 06:00:00,CNC-008,73.4,1.31,144.7,1485.0,26.0,71.5,19548.0,4,10,0
2025-10-09 12:00:00,CNC-008,74.4,1.38,148.7,1473.0,25.5,72.1,19552.0,4,40,0
2025-10-09 18:00:00,CNC-008,68.4,1.85,145.8,1478.0,25.7,77.0,19558.0,4,10,0
2025-10-10 00:00:00,CNC-008,71.5,1.39,144.1,1502.0,25.5,69.4,19562.0,4,11,0
2025-10-10 06:00:00,CNC-008,73.1,1.51,151.3,1489.0,26.0,71.4,19568.0,4,11,0
2025-10-10 12:00:00,CNC-008,72.6,1.33,146.9,1488.0,25.4,73.2,19574.0,4,41,0
2025-10-10 18:00:00,CNC-008,69.0,1.28,149.3,1491.0,24.6,71.6,19581.0,4,11,0
2025-10-11 00:00:00,CNC-008,72.9,1.31,146.2,1468.0,25.5,71.2,19586.0,4,42,0
2025-10-11 06:00:00,CNC-008,74.5,1.28,147.0,1477.0,26.8,71.6,19593.0,4,42,0
2025-10-11 12:00:00,CNC-008,73.6,1.44,142.8,1487.0,25.3,71.5,19598.0,4,12,0
2025-10-11 18:00:00,CNC-008,70.0,1.28,147.2,1486.0,25.0,67.3,19605.0,4,42,0
2025-10-12 00:00:00,CNC-008,73.0,1.36,147.5,1486.0,25.9,72.4,19609.0,4,13,0
2025-10-12 06:00:00,CNC-008,76.3,1.44,146.2,1485.0,26.8,69.9,19615.0,4,13,0
2025-10-12 12:00:00,CNC-008,71.8,1.76,148.5,1483.0,25.4,71.1,19621.0,4,13,0
2025-10-12 18:00:00,CNC-008,69.1,1.49,142.7,1470.0,25.5,72.6,19626.0,4,13,0
2025-10-13 00:00:00,CNC-008,71.0,1.5,144.7,1471.0,25.4,71.7,19630.0,4,14,0
2025-10-13 06:00:00,CNC-008,74.6,1.27,144.7,1476.0,25.5,69.3,19635.0,4,14,0
2025-10-13 12:00:00,CNC-008,72.2,1.3,145.0,1498.0,25.6,71.9,19640.0,4,14,0
2025-10-13 18:00:00,CNC-008,71.6,1.26,148.4,1490.0,25.6,69.0,19646.0,4,14,0
2025-10-14 00:00:00,CNC-008,74.1,1.3,146.7,1478.0,24.8,71.6,19650.0,4,45,0
2025-10-14 06:00:00,CNC-008,73.8,1.81,147.9,1475.0,26.2,70.1,19654.0,4,15,0
2025-10-14 12:00:00,CNC-008,72.1,1.52,143.3,1478.0,26.4,74.1,19660.0,4,45,0
2025-10-14 18:00:00,CNC-008,70.0,1.55,145.1,1479.0,26.2,70.7,19665.0,4,15,0
2025-10-15 00:00:00,CNC-008,72.2,1.34,143.5,1481.0,24.9,69.8,19669.0,4,16,0
2025-10-15 06:00:00,CNC-008,73.2,1.29,146.6,1488.0,26.0,71.1,19674.0,4,46,0
2025-10-15 12:00:00,CNC-008,74.2,1.96,146.0,1492.0,26.3,69.8,19679.0,4,16,0
2025-10-15 18:00:00,CNC-008,69.5,1.33,144.4,1485.0,24.5,71.1,19685.0,4,46,0
2025-10-16 00:00:00,CNC-008,72.7,1.25,148.6,1487.0,24.6,70.1,19690.0,4,17,0
2025-10-16 06:00:00,CNC-008,74.3,1.47,146.8,1476.0,25.8,73.8,19694.0,4,17,0
2025-10-16 12:00:00,CNC-008,73.1,1.47,143.9,1490.0,25.8,70.5,19699.0,4,17,0
2025-10-16 18:00:00,CNC-008,69.5,1.33,148.2,1493.0,24.4,68.6,19703.0,4,17,0
2025-10-17 00:00:00,CNC-008,72.0,1.39,147.8,1487.0,26.8,70.1,19710.0,4,48,0
2025-10-17 06:00:00,CNC-008,74.4,1.34,148.5,1488.0,26.6,69.5,19714.0,4,48,0
2025-10-17 12:00:00,CNC-008,71.2,1.37,147.2,1487.0,25.3,73.7,19718.0,4,18,0
2025-10-17 18:00:00,CNC-008,69.4,1.32,144.8,1484.0,24.1,75.0,19724.0,4,48,0
2025-10-18 00:00:00,CNC-008,71.3,1.37,143.2,1489.0,25.4,69.7,19730.0,4,49,0
2025-10-18 06:00:00,CNC-008,74.7,1.34,145.9,1475.0,25.8,72.2,19734.0,4,19,0
2025-10-18 12:00:00,CNC-008,72.8,1.54,143.7,1483.0,26.1,70.9,19739.0,4,49,0
2025-10-18 18:00:00,CNC-008,68.1,1.26,145.8,1478.0,24.0,68.8,19744.0,4,19,0
2025-10-19 00:00:00,CNC-008,73.2,1.28,146.6,1474.0,26.0,72.4,19749.0,4,50,0
2025-10-19 06:00:00,CNC-008,75.5,1.44,146.8,1486.0,26.3,75.1,19754.0,4,20,0
2025-10-19 12:00:00,CNC-008,72.3,1.26,142.3,1488.0,25.4,73.6,19760.0,4,20,0
2025-10-19 18:00:00,CNC-008,72.4,1.57,143.8,1490.0,25.6,72.0,19766.0,4,20,0
2025-10-20 00:00:00,CNC-008,72.6,1.35,144.8,1499.0,25.8,69.9,19772.0,4,21,0
2025-10-20 06:00:00,CNC-008,72.9,1.26,145.3,1481.0,25.8,70.9,19776.0,4,51,0
2025-10-20 12:00:00,CNC-008,73.7,1.38,146.5,1474.0,26.5,75.3,19780.0,4,21,0
2025-10-20 18:00:00,CNC-008,68.9,1.28,149.1,1474.0,24.6,71.9,19786.0,4,21,0
2025-10-21 00:00:00,CNC-008,72.0,1.29,145.3,1486.0,25.3,75.1,19792.0,4,22,0
2025-10-21 06:00:00,CNC-008,74.3,1.32,145.4,1485.0,26.2,72.3,19797.0,4,52,0
2025-10-21 12:00:00,CNC-008,73.1,1.45,145.1,1487.0,25.8,75.9,19802.0,4,22,0
2025-10-21 18:00:00,CNC-008,71.0,1.67,148.3,1483.0,25.8,72.8,19807.0,4,22,0
2025-10-22 00:00:00,CNC-008,73.7,1.37,144.0,1479.0,26.5,73.4,19811.0,4,23,0
2025-10-22 06:00:00,CNC-008,75.4,1.45,146.7,1481.0,27.0,72.1,19818.0,4,23,0
2025-10-22 12:00:00,CNC-008,69.4,1.39,147.1,1486.0,25.6,72.1,19822.0,4,23,0
2025-10-22 18:00:00,CNC-008,70.1,1.53,146.4,1482.0,25.6,70.1,19827.0,4,23,0
2025-10-23 00:00:00,CNC-008,70.4,1.34,146.3,1494.0,25.7,72.3,19833.0,4,24,0
2025-10-23 06:00:00,CNC-008,73.8,1.42,148.4,1494.0,26.2,70.7,19838.0,4,54,0
2025-10-23 12:00:00,CNC-008,72.2,1.31,145.9,1483.0,25.5,73.3,19843.0,4,24,0
2025-10-23 18:00:00,CNC-008,73.0,1.34,147.2,1483.0,25.9,69.3,19848.0,4,24,0
2025-10-24 00:00:00,CNC-008,71.3,1.55,145.7,1483.0,25.6,71.9,19854.0,4,25,0
2025-10-24 06:00:00,CNC-008,76.6,1.25,142.8,1476.0,25.8,74.4,19858.0,4,25,0
2025-10-24 12:00:00,CNC-008,71.4,1.3,145.8,1473.0,25.8,69.1,19864.0,4,25,0
2025-10-24 18:00:00,CNC-008,69.9,1.62,146.0,1487.0,25.7,72.2,19870.0,4,55,0
2025-10-25 00:00:00,CNC-008,73.6,1.28,146.0,1481.0,25.0,74.2,19876.0,4,26,0
2025-10-25 06:00:00,CNC-008,72.1,1.26,148.8,1480.0,26.3,70.4,19880.0,4,26,0
2025-10-25 12:00:00,CNC-008,72.6,1.26,148.3,1473.0,25.5,71.8,19885.0,4,56,0
2025-10-25 18:00:00,CNC-008,68.4,1.28,145.2,1468.0,24.3,69.2,19891.0,4,26,0
2025-10-26 00:00:00,CNC-008,71.9,1.33,145.9,1484.0,25.1,72.3,19896.0,4,27,0
2025-10-26 06:00:00,CNC-008,73.9,1.59,143.1,1490.0,25.9,76.4,19902.0,4,27,0
2025-10-26 12:00:00,CNC-008,71.9,1.3,142.9,1472.0,25.0,70.0,19908.0,4,57,0
2025-10-26 18:00:00,CNC-008,68.8,1.3,148.4,1481.0,26.0,71.2,19913.0,4,27,0
2025-10-27 00:00:00,CNC-008,73.7,1.6,145.3,1482.0,25.9,69.0,19918.0,4,28,0
2025-10-27 06:00:00,CNC-008,74.5,1.41,145.6,1483.0,25.8,74.7,19923.0,4,58,0
2025-10-27 12:00:00,CNC-008,70.1,1.37,145.7,1482.0,25.7,73.0,19929.0,4,58,0
2025-10-27 18:00:00,CNC-008,67.6,1.27,142.1,1465.0,23.8,71.5,19934.0,4,28,0
2025-10-28 00:00:00,CNC-008,70.5,1.4,142.9,1495.0,24.8,73.7,19938.0,4,59,0
2025-10-28 06:00:00,CNC-008,75.1,1.25,147.7,1477.0,26.3,72.6,19945.0,4,29,0
2025-10-28 12:00:00,CNC-008,71.4,1.35,145.9,1468.0,24.9,74.5,19950.0,4,29,0
2025-10-28 18:00:00,CNC-008,70.1,1.29,147.9,1487.0,25.3,75.6,19956.0,4,59,0
2025-10-29 00:00:00,CNC-008,72.0,1.74,145.7,1482.0,27.1,70.6,19962.0,4,0,0
2025-10-29 06:00:00,CNC-008,74.0,1.39,147.7,1495.0,25.9,72.5,19968.0,4,30,0
2025-10-29 12:00:00,CNC-008,70.2,1.34,149.3,1476.0,25.3,70.2,19973.0,4,30,0
2025-10-29 18:00:00,CNC-008,70.8,1.59,143.0,1468.0,25.7,70.7,19977.0,4,30,0
2025-10-30 00:00:00,CNC-008,71.3,2.15,147.3,1484.0,27.1,72.5,19982.0,4,1,0
2025-10-30 06:00:00,CNC-008,74.8,1.42,145.0,1483.0,25.9,73.0,19988.0,4,1,0
2025-10-30 12:00:00,CNC-008,71.4,1.46,147.3,1490.0,25.7,71.9,19993.0,4,1,0
2025-10-30 18:00:00,CNC-008,71.8,1.42,151.8,1489.0,25.7,70.5,19998.0,4,1,0
2025-10-31 00:00:00,CNC-008,69.7,1.48,144.8,1499.0,25.6,71.7,20004.0,4,2,0
2025-10-31 06:00:00,CNC-008,73.3,1.41,146.0,1489.0,26.5,71.1,20009.0,4,32,0
2025-10-31 12:00:00,CNC-008,70.8,1.26,148.0,1485.0,25.0,69.6,20015.0,4,32,0
2025-10-31 18:00:00,CNC-008,71.4,1.33,146.6,1484.0,24.7,72.4,20021.0,4,32,0
2025-11-01 00:00:00,CNC-008,72.2,1.46,148.0,1487.0,26.1,70.6,20027.0,4,3,0
2025-11-01 06:00:00,CNC-008,72.4,1.4,148.1,1483.0,25.2,70.5,20033.0,4,33,0
2025-11-01 12:00:00,CNC-008,72.0,1.37,142.4,1476.0,25.9,75.3,20039.0,4,3,0
2025-11-01 18:00:00,CNC-008,71.2,1.31,148.0,1489.0,24.9,72.6,20043.0,4,33,0
2025-11-02 00:00:00,CNC-008,70.3,1.28,146.9,1481.0,25.5,71.0,20048.0,4,34,0
2025-11-02 06:00:00,CNC-008,73.3,1.69,149.7,1469.0,26.3,71.7,20054.0,4,34,0
2025-11-02 12:00:00,CNC-008,69.1,1.83,148.6,1480.0,26.3,68.8,20058.0,4,4,0
2025-11-02 18:00:00,CNC-008,71.7,1.25,149.4,1486.0,25.2,75.9,20065.0,4,34,0
2025-11-03 00:00:00,CNC-008,71.7,1.43,146.1,1478.0,25.4,67.0,20070.0,4,35,0
2025-11-03 06:00:00,CNC-008,73.7,1.73,144.3,1470.0,26.2,71.2,20076.0,4,35,0
2025-11-03 12:00:00,CNC-008,71.4,1.51,148.3,1490.0,25.3,71.2,20082.0,4,5,0
2025-11-03 18:00:00,CNC-008,70.2,1.33,144.8,1488.0,25.4,74.3,20088.0,4,35,0
2025-11-04 00:00:00,CNC-008,72.1,1.38,146.3,1476.0,25.2,74.3,20094.0,4,36,0
2025-11-04 06:00:00,CNC-008,72.3,1.58,147.6,1474.0,26.6,72.6,20098.0,4,36,0
2025-11-04 12:00:00,CNC-008,71.9,1.37,144.4,1470.0,24.6,68.3,20103.0,4,6,0
2025-11-04 18:00:00,CNC-008,69.9,1.27,143.9,1469.0,24.4,74.4,20107.0,4,36,0
2025-11-05 00:00:00,CNC-008,71.1,1.38,142.9,1496.0,26.2,74.6,20111.0,4,7,0
2025-11-05 06:00:00,CNC-008,72.9,1.53,148.1,1468.0,25.8,74.0,20117.0,4,7,0
2025-11-05 12:00:00,CNC-008,71.9,1.4,144.9,1475.0,25.3,72.7,20122.0,4,37,0
2025-11-05 18:00:00,CNC-008,68.7,1.35,148.8,1482.0,24.6,70.0,20127.0,4,37,0
2025-11-06 00:00:00,CNC-008,73.4,1.37,145.8,1472.0,26.1,74.7,20133.0,4,38,0
2025-11-06 06:00:00,CNC-008,72.6,1.61,144.1,1493.0,26.3,75.4,20138.0,4,38,0
2025-11-06 12:00:00,CNC-008,70.3,1.31,147.1,1489.0,25.1,71.7,20144.0,4,38,0
2025-11-06 18:00:00,CNC-008,70.3,1.26,146.1,1472.0,24.9,71.7,20150.0,4,38,0
2025-11-07 00:00:00,CNC-008,71.1,1.49,143.3,1481.0,25.2,72.2,20154.0,4,9,0
2025-11-07 06:00:00,CNC-008,73.8,1.39,142.2,1479.0,25.4,73.1,20158.0,4,9,0
2025-11-07 12:00:00,CNC-008,73.9,1.47,142.7,1482.0,26.2,72.2,20164.0,4,9,0
2025-11-07 18:00:00,CNC-008,69.3,1.32,147.9,1493.0,24.6,71.9,20170.0,4,9,0
2025-11-08 00:00:00,CNC-008,71.7,1.41,145.7,1481.0,25.8,71.2,20174.0,4,40,0
2025-11-08 06:00:00,CNC-008,74.3,1.31,145.6,1484.0,25.1,69.1,20179.0,4,40,0
2025-11-08 12:00:00,CNC-008,71.3,1.33,144.7,1499.0,24.8,74.3,20185.0,4,40,0
2025-11-08 18:00:00,CNC-008,69.6,1.33,143.8,1480.0,25.0,67.7,20191.0,4,40,0
2025-11-09 00:00:00,CNC-008,71.1,1.86,145.0,1472.0,25.5,70.5,20195.0,4,41,0
2025-11-09 06:00:00,CNC-008,72.4,1.38,149.0,1494.0,25.6,68.4,20200.0,4,41,0
2025-11-09 12:00:00,CNC-008,73.9,1.71,147.2,1489.0,25.8,72.7,20207.0,4,41,0
2025-11-09 18:00:00,CNC-008,70.4,1.26,138.6,1492.0,26.3,74.0,20212.0,4,41,0
2025-11-10 00:00:00,CNC-008,72.8,1.39,148.4,1498.0,25.0,73.4,20217.0,4,42,0
2025-11-10 06:00:00,CNC-008,72.6,1.28,150.6,1486.0,25.9,71.4,20224.0,4,42,0
2025-11-10 12:00:00,CNC-008,71.7,1.32,143.6,1478.0,26.2,74.1,20229.0,4,12,0
2025-11-10 18:00:00,CNC-008,70.0,1.54,150.1,1492.0,25.6,74.2,20235.0,4,42,0
2025-11-11 00:00:00,CNC-008,69.9,1.44,145.4,1489.0,24.9,67.2,20241.0,4,13,0
2025-11-11 06:00:00,CNC-008,73.0,1.28,144.7,1483.0,26.1,71.5,20246.0,4,43,0
2025-11-11 12:00:00,CNC-008,70.4,1.3,149.1,1484.0,25.2,76.3,20251.0,4,43,0
2025-11-11 18:00:00,CNC-008,69.2,1.33,147.8,1479.0,25.0,70.1,20256.0,4,43,0
2025-11-12 00:00:00,CNC-008,71.3,1.35,144.9,1472.0,26.0,74.0,20261.0,4,14,0
2025-11-12 06:00:00,CNC-008,74.8,1.65,140.2,1478.0,26.2,71.1,20267.0,4,44,0
2025-11-12 12:00:00,CNC-008,70.7,1.38,148.6,1485.0,25.5,71.9,20272.0,4,44,0
2025-11-12 18:00:00,CNC-008,66.7,1.59,145.5,1476.0,25.2,66.5,20278.0,4,44,0
2025-11-13 00:00:00,CNC-008,71.8,1.44,145.3,1476.0,25.4,70.4,20284.0,4,15,0
2025-11-13 06:00:00,CNC-008,73.2,1.36,148.9,1477.0,25.3,71.8,20289.0,4,0,0
2025-11-13 12:00:00,CNC-008,73.1,1.46,147.9,1480.0,25.6,68.4,20294.0,4,45,0
2025-11-13 18:00:00,CNC-008,68.5,1.55,143.4,1487.0,26.0,73.6,20300.0,4,15,0
2025-11-14 00:00:00,CNC-008,71.6,1.97,144.8,1476.0,26.1,69.7,20305.0,4,16,0
2025-11-14 06:00:00,CNC-008,72.6,1.39,147.0,1476.0,25.4,73.7,20311.0,4,16,0
2025-11-14 12:00:00,CNC-008,72.9,1.3,145.8,1491.0,25.1,74.2,20317.0,4,16,0
2025-11-14 18:00:00,CNC-008,68.7,1.42,145.8,1495.0,25.5,76.7,20322.0,4,1,0
2025-11-15 00:00:00,CNC-008,69.5,1.62,147.4,1476.0,25.2,72.0,20328.0,4,2,0
2025-11-15 06:00:00,CNC-008,72.3,1.26,143.2,1493.0,24.9,75.2,20332.0,4,47,0
2025-11-15 12:00:00,CNC-008,71.0,1.28,145.4,1487.0,24.8,71.2,20337.0,4,47,0
2025-11-15 18:00:00,CNC-008,68.0,1.43,148.0,1480.0,24.8,69.3,20341.0,4,2,0
2025-11-16 00:00:00,CNC-008,72.3,1.27,146.1,1478.0,23.7,68.2,20345.0,4,3,0
2025-11-16 06:00:00,CNC-008,73.3,1.3,144.5,1485.0,26.2,70.9,20350.0,4,48,0
2025-11-16 12:00:00,CNC-008,69.2,1.27,146.9,1481.0,25.3,71.1,20356.0,4,48,0
2025-11-16 18:00:00,CNC-008,68.8,1.3,144.2,1484.0,24.3,70.7,20360.0,4,18,0
2025-11-17 00:00:00,CNC-008,70.2,1.42,145.2,1489.0,26.1,71.7,20366.0,4,4,0
2025-11-17 06:00:00,CNC-008,71.0,1.25,146.0,1488.0,25.2,69.6,20371.0,4,19,0
2025-11-17 12:00:00,CNC-008,70.7,1.25,147.6,1484.0,25.1,71.0,20375.0,4,49,0
2025-11-17 18:00:00,CNC-008,67.5,1.47,141.9,1482.0,25.4,74.5,20379.0,4,19,0
2025-11-18 00:00:00,CNC-008,70.3,1.43,148.0,1472.0,25.0,74.2,20386.0,4,50,0
2025-11-18 06:00:00,CNC-008,70.2,1.64,148.9,1467.0,25.7,73.6,20392.0,4,5,0
2025-11-18 12:00:00,CNC-008,72.0,1.31,143.1,1497.0,25.0,72.5,20398.0,4,20,0
2025-11-18 18:00:00,CNC-008,70.4,1.48,146.1,1465.0,25.8,71.1,20402.0,4,50,0
2025-11-19 00:00:00,CNC-008,70.5,1.46,147.3,1486.0,26.2,72.0,20408.0,4,6,0
2025-11-19 06:00:00,CNC-008,72.8,1.29,145.1,1487.0,24.7,72.1,20413.0,4,21,0
2025-11-19 12:00:00,CNC-008,68.7,1.34,145.7,1496.0,25.5,69.5,20418.0,4,6,0
2025-11-19 18:00:00,CNC-008,68.5,1.58,146.2,1502.0,25.1,71.6,20423.0,4,6,0
2025-11-20 00:00:00,CNC-008,70.3,1.3,148.0,1488.0,25.9,68.9,20429.0,4,52,0
2025-11-20 06:00:00,CNC-008,73.0,1.26,145.7,1487.0,25.4,73.3,20433.0,4,52,0
2025-11-20 12:00:00,CNC-008,71.3,1.3,147.1,1480.0,25.4,66.4,20439.0,4,52,0
2025-11-20 18:00:00,CNC-008,67.3,1.7,145.9,1477.0,25.3,70.5,20446.0,4,52,0
2025-11-21 00:00:00,CNC-008,69.7,1.36,144.3,1497.0,24.3,71.3,20452.0,4,53,0
2025-11-21 06:00:00,CNC-008,72.8,1.31,148.0,1487.0,25.6,71.3,20457.0,4,23,0
2025-11-21 12:00:00,CNC-008,71.0,2.0,146.5,1470.0,26.7,74.6,20462.0,4,53,0
2025-11-21 18:00:00,CNC-008,69.8,1.26,144.4,1499.0,25.5,73.2,20467.0,4,53,0
2025-11-22 00:00:00,CNC-008,71.8,1.36,148.1,1480.0,25.3,71.9,20472.0,4,54,0
2025-11-22 06:00:00,CNC-008,73.8,1.44,143.1,1491.0,26.5,71.7,20478.0,4,54,0
2025-11-22 12:00:00,CNC-008,70.3,1.29,144.1,1480.0,24.8,70.5,20483.0,4,54,0
2025-11-22 18:00:00,CNC-008,68.7,1.36,145.3,1487.0,24.1,69.3,20488.0,4,24,0
2025-11-23 00:00:00,CNC-008,68.0,1.35,145.5,1484.0,25.1,68.9,20495.0,4,55,0
2025-11-23 06:00:00,CNC-008,72.7,1.34,146.2,1490.0,25.5,76.2,20501.0,4,10,0
2025-11-23 12:00:00,CNC-008,70.2,1.42,144.9,1475.0,25.0,67.4,20506.0,4,10,0
2025-11-23 18:00:00,CNC-008,65.6,1.39,147.8,1484.0,24.7,72.9,20512.0,4,55,0
2025-11-24 00:00:00,CNC-008,69.1,1.3,143.2,1480.0,25.0,70.4,20518.0,4,26,0
2025-11-24 06:00:00,CNC-008,74.1,1.29,146.2,1482.0,25.3,70.2,20523.0,4,26,0
2025-11-24 12:00:00,CNC-008,68.2,1.28,145.6,1469.0,24.2,73.4,20529.0,4,56,0
2025-11-24 18:00:00,CNC-008,67.0,1.37,144.6,1485.0,25.2,74.1,20533.0,4,11,0
2025-11-25 00:00:00,CNC-008,71.1,1.25,147.3,1481.0,24.9,68.7,20538.0,4,27,0
2025-11-25 06:00:00,CNC-008,73.5,1.54,146.6,1482.0,26.3,71.4,20542.0,4,57,0
2025-11-25 12:00:00,CNC-008,71.9,1.53,141.7,1475.0,25.9,69.5,20548.0,4,57,0
2025-11-25 18:00:00,CNC-008,69.1,1.37,147.3,1478.0,25.4,69.3,20552.0,4,12,0
2025-11-26 00:00:00,CNC-008,69.8,1.8,144.6,1473.0,26.0,75.4,20558.0,4,28,0
2025-11-26 06:00:00,CNC-008,72.1,1.63,144.8,1480.0,25.5,73.4,20564.0,4,58,0
2025-11-26 12:00:00,CNC-008,71.1,1.48,148.1,1487.0,25.6,75.2,20569.0,4,13,0
2025-11-26 18:00:00,CNC-008,67.2,1.79,146.2,1477.0,25.9,72.2,20575.0,4,58,0
2025-11-27 00:00:00,CNC-008,72.6,1.79,142.5,1464.0,26.7,73.6,20580.0,4,29,0
2025-11-27 06:00:00,CNC-008,73.6,1.75,146.5,1475.0,26.7,74.9,20585.0,4,14,0
2025-11-27 12:00:00,CNC-008,72.4,1.58,145.5,1470.0,26.3,74.5,20589.0,4,29,0
2025-11-27 18:00:00,CNC-008,70.4,1.68,148.4,1482.0,26.6,74.5,20595.0,4,14,0
2025-11-28 00:00:00,CNC-008,71.0,1.73,142.2,1465.0,26.3,70.9,20600.0,4,30,0
2025-11-28 06:00:00,CNC-008,74.0,1.99,142.8,1471.0,27.9,72.6,20606.0,4,30,0
2025-11-28 12:00:00,CNC-008,72.2,2.02,145.5,1478.0,28.8,77.1,20611.0,4,15,0
2025-11-28 18:00:00,CNC-008,69.0,2.0,144.5,1470.0,26.9,73.9,20617.0,4,15,0
2025-11-29 00:00:00,CNC-008,73.3,1.97,146.5,1477.0,27.6,73.0,20622.0,4,61,0
2025-11-29 06:00:00,CNC-008,74.9,2.44,144.2,1475.0,29.0,73.6,20628.0,4,61,0
2025-11-29 12:00:00,CNC-008,74.7,2.37,143.5,1464.0,27.7,76.1,20633.0,4,61,0
2025-11-29 18:00:00,CNC-008,71.5,2.57,144.5,1464.0,28.3,73.9,20639.0,4,61,0
2025-11-30 00:00:00,CNC-008,76.3,2.23,140.5,1467.0,28.8,76.1,20644.0,4,32,0
2025-11-30 06:00:00,CNC-008,76.6,1.99,140.0,1476.0,28.7,78.2,20651.0,4,62,0
2025-11-30 12:00:00,CNC-008,75.5,2.48,145.0,1468.0,28.4,79.4,20655.0,4,62,0
2025-11-30 18:00:00,CNC-008,73.2,2.03,142.2,1470.0,26.9,74.9,20661.0,4,32,0
2025-12-01 00:00:00,CNC-008,76.0,2.05,141.3,1452.0,28.3,75.7,20667.0,4,63,0
2025-12-01 06:00:00,CNC-008,81.2,2.09,141.9,1471.0,30.3,76.0,20673.0,4,63,0
2025-12-01 12:00:00,CNC-008,77.5,2.36,142.2,1477.0,30.3,73.0,20678.0,4,63,0
2025-12-01 18:00:00,CNC-008,72.5,2.42,142.3,1469.0,28.5,75.5,20684.0,4,18,0
2025-12-02 00:00:00,CNC-008,74.2,2.88,140.5,1438.0,29.5,73.7,20690.0,4,19,1
2025-12-02 06:00:00,CNC-008,78.3,2.48,141.1,1449.0,30.0,79.1,20694.0,4,34,1
2025-12-02 12:00:00,CNC-008,74.8,3.32,142.3,1464.0,32.3,77.1,20700.0,4,64,1
2025-12-02 18:00:00,CNC-008,74.8,3.04,139.2,1458.0,30.7,78.7,20705.0,4,19,1
2025-12-03 00:00:00,CNC-008,75.5,2.97,137.7,1461.0,30.3,79.2,20711.0,4,20,1
2025-12-03 06:00:00,CNC-008,79.3,2.79,144.4,1440.0,32.4,78.6,20716.0,4,20,1
2025-12-03 12:00:00,CNC-008,77.8,2.69,144.0,1462.0,30.5,79.3,20722.0,4,65,1
2025-12-03 18:00:00,CNC-008,78.1,3.47,137.5,1461.0,32.4,80.6,20727.0,4,35,1
2025-12-04 00:00:00,CNC-008,77.3,2.56,140.0,1461.0,30.9,80.2,20732.0,4,66,1
2025-12-04 06:00:00,CNC-008,79.6,3.18,137.4,1465.0,32.7,78.0,20738.0,4,21,1
2025-12-04 12:00:00,CNC-008,78.2,2.84,136.5,1461.0,32.8,76.9,20742.0,4,66,1
2025-12-04 18:00:00,CNC-008,75.3,3.34,140.9,1465.0,32.7,79.9,20748.0,4,36,1
2025-12-05 00:00:00,CNC-008,82.5,3.27,136.0,1467.0,34.2,83.6,20753.0,4,67,1
2025-12-05 06:00:00,CNC-008,81.1,3.14,143.0,1463.0,31.9,74.9,20758.0,4,37,1
2025-12-05 12:00:00,CNC-008,77.8,3.63,141.6,1436.0,31.9,85.2,20763.0,4,67,1
2025-12-05 18:00:00,CNC-008,75.6,2.92,135.8,1433.0,30.8,75.2,20768.0,4,37,1
2025-12-06 00:00:00,CNC-008,80.6,3.71,137.9,1442.0,32.4,83.2,20774.0,4,38,1
2025-12-06 06:00:00,CNC-008,77.2,3.42,134.6,1433.0,33.1,77.8,20780.0,4,68,1
2025-12-06 12:00:00,CNC-008,83.1,4.29,137.6,1456.0,35.1,78.1,20786.0,4,23,1
2025-12-06 18:00:00,CNC-008,78.6,4.39,140.0,1433.0,33.9,74.7,20793.0,4,23,1
2025-12-07 00:00:00,CNC-008,83.2,3.89,136.2,1459.0,33.5,84.0,20799.0,4,39,1
2025-12-07 06:00:00,CNC-008,84.5,4.01,136.7,1458.0,33.5,80.2,20803.0,4,69,1
2025-12-07 12:00:00,CNC-008,82.5,4.57,139.5,1442.0,34.7,77.7,20809.0,4,69,1
2025-12-07 18:00:00,CNC-008,78.1,4.37,136.2,1466.0,35.1,74.3,20815.0,4,39,1
2025-12-08 00:00:00,CNC-008,80.4,4.44,134.9,1459.0,34.5,77.7,20821.0,4,25,1
2025-12-08 06:00:00,CNC-008,88.0,4.8,137.8,1445.0,35.7,82.3,20826.0,4,40,1
2025-12-08 12:00:00,CNC-008,82.3,3.2,133.2,1443.0,33.4,83.4,20832.0,4,40,1
2025-12-08 18:00:00,CNC-008,82.1,3.57,133.9,1459.0,33.0,81.0,20837.0,4,25,1
2025-12-09 00:00:00,CNC-008,69.3,1.25,144.2,1479.0,24.7,69.1,20843.0,4,26,0
2025-12-09 06:00:00,CNC-008,72.9,1.3,147.3,1499.0,25.6,77.1,20849.0,4,71,0
2025-12-09 12:00:00,CNC-008,70.1,1.36,144.8,1477.0,25.0,75.1,20854.0,4,26,0
2025-12-09 18:00:00,CNC-008,67.3,1.62,144.6,1482.0,25.4,71.1,20858.0,4,71,0
2025-12-10 00:00:00,CNC-008,70.0,1.29,146.2,1475.0,25.0,71.3,20863.0,4,72,0
2025-12-10 06:00:00,CNC-008,71.0,1.32,148.3,1492.0,25.5,72.7,20868.0,4,27,0
2025-12-10 12:00:00,CNC-008,69.6,1.49,144.9,1489.0,24.8,69.3,20873.0,4,27,0
2025-12-10 18:00:00,CNC-008,67.3,1.39,145.0,1468.0,25.1,75.1,20878.0,4,72,0
2025-12-11 00:00:00,CNC-008,71.1,1.5,147.1,1469.0,25.6,71.1,20883.0,4,73,0
2025-12-11 06:00:00,CNC-008,72.4,1.52,144.9,1483.0,25.9,71.8,20889.0,4,43,0
2025-12-11 12:00:00,CNC-008,69.2,1.32,147.5,1477.0,24.3,72.5,20894.0,4,43,0
2025-12-11 18:00:00,CNC-008,68.1,1.28,143.6,1478.0,24.4,74.7,20899.0,4,43,0
2025-12-12 00:00:00,CNC-008,71.1,1.37,144.9,1486.0,25.3,70.2,20905.0,4,74,0
2025-12-12 06:00:00,CNC-008,70.7,1.31,144.9,1475.0,25.7,69.8,20910.0,4,44,0
2025-12-12 12:00:00,CNC-008,69.0,1.32,145.9,1481.0,25.5,71.5,20914.0,4,29,0
2025-12-12 18:00:00,CNC-008,68.0,1.3,147.9,1501.0,24.7,71.7,20919.0,4,74,0
2025-12-13 00:00:00,CNC-008,70.4,1.34,147.0,1476.0,25.4,74.7,20923.0,4,30,0
2025-12-13 06:00:00,CNC-008,73.5,1.47,147.1,1473.0,26.1,70.2,20929.0,4,45,0
2025-12-13 12:00:00,CNC-008,69.8,1.25,147.3,1490.0,24.5,74.4,20935.0,4,75,0
2025-12-13 18:00:00,CNC-008,69.7,1.3,145.7,1484.0,24.1,75.7,20941.0,4,30,0
2025-12-14 00:00:00,CNC-008,69.1,1.28,148.2,1466.0,25.7,72.0,20946.0,4,46,0
2025-12-14 06:00:00,CNC-008,72.8,1.38,146.4,1477.0,25.8,68.0,20953.0,4,31,0
2025-12-14 12:00:00,CNC-008,69.4,1.84,147.5,1494.0,26.1,70.6,20958.0,4,46,0
2025-12-14 18:00:00,CNC-008,66.7,1.65,144.3,1481.0,25.4,69.4,20964.0,4,46,0
2025-12-15 00:00:00,CNC-008,69.8,1.31,145.3,1490.0,24.8,70.7,20968.0,4,77,0
2025-12-15 06:00:00,CNC-008,71.2,1.35,147.0,1492.0,25.9,72.3,20972.0,4,47,0
2025-12-15 12:00:00,CNC-008,67.8,1.35,146.3,1476.0,24.8,73.7,20979.0,4,77,0
2025-12-15 18:00:00,CNC-008,68.6,1.48,147.9,1487.0,24.6,72.1,20983.0,4,47,0
2025-12-16 00:00:00,CNC-008,67.4,1.3,147.4,1493.0,24.4,72.4,20988.0,4,48,0
2025-12-16 06:00:00,CNC-008,71.3,1.42,146.5,1479.0,24.6,71.8,20994.0,4,78,0
2025-12-16 12:00:00,CNC-008,68.2,1.51,145.8,1478.0,25.3,71.3,20999.0,4,33,0
2025-12-16 18:00:00,CNC-008,67.2,1.5,146.3,1467.0,24.8,71.7,21004.0,4,33,0
2025-12-17 00:00:00,CNC-008,69.4,1.36,144.4,1485.0,24.7,72.2,21008.0,4,34,0
2025-12-17 06:00:00,CNC-008,72.6,1.43,146.5,1487.0,26.0,71.6,21013.0,4,79,0
2025-12-17 12:00:00,CNC-008,66.6,1.55,147.9,1476.0,25.2,71.1,21018.0,4,79,0
2025-12-17 18:00:00,CNC-008,67.7,1.41,148.9,1461.0,25.0,72.1,21024.0,4,49,0
2025-12-18 00:00:00,CNC-008,68.5,1.43,146.0,1471.0,25.0,72.2,21030.0,4,80,0
2025-12-18 06:00:00,CNC-008,69.8,1.5,144.3,1471.0,25.2,74.1,21036.0,4,35,0
2025-12-18 12:00:00,CNC-008,70.1,1.51,145.8,1486.0,25.4,71.4,21041.0,4,50,0
2025-12-18 18:00:00,CNC-008,68.1,1.52,144.8,1485.0,25.5,74.2,21046.0,4,50,0
2025-12-19 00:00:00,CNC-008,67.9,1.26,145.0,1491.0,25.0,71.9,21051.0,4,51,0
2025-12-19 06:00:00,CNC-008,69.5,1.27,145.5,1481.0,24.5,70.4,21055.0,4,36,0
2025-12-19 12:00:00,CNC-008,66.3,1.25,141.6,1491.0,25.1,71.2,21061.0,4,36,0
2025-12-19 18:00:00,CNC-008,66.5,1.31,148.8,1478.0,24.4,71.0,21067.0,4,51,0
2025-12-20 00:00:00,CNC-008,70.1,1.63,142.9,1471.0,26.3,75.7,21072.0,4,37,0
2025-12-20 06:00:00,CNC-008,71.8,1.61,145.3,1494.0,27.2,74.3,21076.0,4,37,0
2025-12-20 12:00:00,CNC-008,70.0,1.26,146.7,1480.0,24.9,71.4,21082.0,4,37,0
2025-12-20 18:00:00,CNC-008,65.6,1.27,143.3,1478.0,24.3,72.9,21086.0,4,52,0
2025-12-21 00:00:00,CNC-008,69.6,1.49,146.4,1485.0,25.3,73.2,21092.0,4,53,0
2025-12-21 06:00:00,CNC-008,70.1,1.69,144.4,1498.0,24.9,71.3,21098.0,4,38,0
2025-12-21 12:00:00,CNC-008,68.5,1.37,143.3,1471.0,24.3,74.8,21103.0,4,53,0
2025-12-21 18:00:00,CNC-008,68.7,1.45,148.4,1492.0,26.1,70.0,21107.0,4,38,0
2025-12-22 00:00:00,CNC-008,70.3,1.29,147.0,1480.0,24.0,69.9,21113.0,4,39,0
2025-12-22 06:00:00,CNC-008,70.8,1.44,145.5,1490.0,24.4,70.6,21118.0,4,39,0
2025-12-22 12:00:00,CNC-008,69.7,1.3,148.9,1476.0,24.0,69.6,21124.0,4,54,0
2025-12-22 18:00:00,CNC-008,69.4,1.4,146.1,1476.0,25.0,72.8,21129.0,4,84,0
2025-12-23 00:00:00,CNC-008,69.7,1.44,144.4,1473.0,25.2,70.4,21133.0,4,85,0
2025-12-23 06:00:00,CNC-008,70.0,1.27,145.9,1501.0,25.4,69.9,21138.0,4,40,0
2025-12-23 12:00:00,CNC-008,69.1,1.47,147.7,1468.0,25.7,69.5,21144.0,4,55,0
2025-12-23 18:00:00,CNC-008,67.0,1.59,148.9,1484.0,25.4,72.3,21149.0,4,85,0
2025-12-24 00:00:00,CNC-008,68.6,1.31,144.3,1477.0,24.6,73.6,21154.0,4,86,0
2025-12-24 06:00:00,CNC-008,69.8,1.3,146.6,1479.0,25.1,71.5,21159.0,4,56,0
2025-12-24 12:00:00,CNC-008,68.1,1.46,145.8,1476.0,25.7,73.5,21163.0,4,56,0
2025-12-24 18:00:00,CNC-008,66.6,1.27,145.8,1474.0,25.1,71.6,21168.0,4,56,0
2025-12-25 00:00:00,CNC-008,69.5,1.28,147.8,1476.0,24.7,73.3,21175.0,4,57,0
2025-12-25 06:00:00,CNC-008,70.4,1.28,151.3,1483.0,26.2,72.3,21179.0,4,57,0
2025-12-25 12:00:00,CNC-008,70.4,1.57,149.7,1484.0,25.5,71.1,21185.0,4,87,0
2025-12-25 18:00:00,CNC-008,67.9,1.3,150.6,1467.0,25.3,71.0,21191.0,4,42,0
2025-12-26 00:00:00,CNC-008,69.0,1.32,148.3,1482.0,24.7,72.9,21196.0,4,88,0
2025-12-26 06:00:00,CNC-008,69.2,1.38,144.6,1482.0,25.0,71.2,21201.0,4,43,0
2025-12-26 12:00:00,CNC-008,68.8,1.35,146.8,1495.0,25.4,70.9,21207.0,4,88,0
2025-12-26 18:00:00,CNC-008,67.7,1.36,144.4,1490.0,24.8,71.3,21213.0,4,58,0
2025-12-27 00:00:00,CNC-008,69.7,1.28,150.0,1491.0,24.9,69.2,21217.0,4,89,0
2025-12-27 06:00:00,CNC-008,71.3,1.29,145.9,1481.0,25.8,71.5,21223.0,4,44,0
2025-12-27 12:00:00,CNC-008,67.8,1.33,144.2,1490.0,24.8,72.1,21228.0,4,59,0
2025-12-27 18:00:00,CNC-008,66.9,1.26,150.9,1480.0,24.0,71.8,21234.0,4,59,0
